2026-01-15 10:08:57,942 - INFO - 🚀 Запуск полного парсера Zvonko с пагинацией...
2026-01-15 10:08:57,942 - INFO - 🔧 Настройка Chrome WebDriver...
2026-01-15 10:08:57,942 - INFO - 🚀 Запуск Chrome WebDriver...
2026-01-15 10:08:58,876 - INFO - ✅ Chrome WebDriver успешно запущен
2026-01-15 10:08:58,876 - INFO - 🔐 Начало процесса авторизации на Zvonko...
2026-01-15 10:08:58,876 - INFO - 📍 Переход на страницу авторизации: https://account.zvonkodigital.com
2026-01-15 10:09:00,849 - INFO - ✅ Найдено поле логина по name='username'
2026-01-15 10:09:00,854 - INFO - ✅ Найдено поле пароля по name='password'
2026-01-15 10:09:00,854 - INFO - ⌨️ Ввод данных авторизации...
2026-01-15 10:09:00,943 - INFO - ✅ Найдена кнопка входа (input submit)
2026-01-15 10:09:05,948 - INFO - 📍 Переход на страницу релизов...
2026-01-15 10:09:11,393 - INFO - ✅ Авторизация успешно завершена
2026-01-15 10:09:11,393 - INFO - 🔍 Начало парсинга всех страниц...
2026-01-15 10:09:11,393 - INFO - 📍 Переход к первой странице...
2026-01-15 10:09:12,448 - INFO - 🔄 Нажатие кнопки 'предыдущая'... (попытка 1)
2026-01-15 10:09:23,541 - INFO - 🔄 Нажатие кнопки 'предыдущая'... (попытка 11)
2026-01-15 10:09:27,769 - INFO - ✅ Достигнута первая страница (кнопка неактивна после 14 нажатий)
2026-01-15 10:09:30,773 - INFO - ✅ Переход к первой странице завершен
2026-01-15 10:09:30,773 - INFO - 
📄 Обработка страницы #1...
2026-01-15 10:09:30,773 - INFO - 🔍 Парсинг страницы #1...
2026-01-15 10:09:32,701 - WARNING - Retrying (Retry(total=2, connect=None, read=None, redirect=None, status=None)) after connection broken by 'ConnectionResetError(54, 'Connection reset by peer')': /session/f4aa34d35782ee305f519e8ad4b394c1
2026-01-15 10:09:32,702 - WARNING - Retrying (Retry(total=1, connect=None, read=None, redirect=None, status=None)) after connection broken by 'NewConnectionError('<urllib3.connection.HTTPConnection object at 0x10ada0f50>: Failed to establish a new connection: [Errno 61] Connection refused')': /session/f4aa34d35782ee305f519e8ad4b394c1
2026-01-15 10:09:32,703 - WARNING - Retrying (Retry(total=0, connect=None, read=None, redirect=None, status=None)) after connection broken by 'NewConnectionError('<urllib3.connection.HTTPConnection object at 0x10ada0b90>: Failed to establish a new connection: [Errno 61] Connection refused')': /session/f4aa34d35782ee305f519e8ad4b394c1
2026-01-15 10:09:32,705 - INFO - 🔚 WebDriver закрыт
2026-01-15 10:10:54,886 - INFO - 🚀 Запуск полного парсера Zvonko с пагинацией...
2026-01-15 10:10:54,886 - INFO - 🔧 Настройка Chrome WebDriver...
2026-01-15 10:10:54,886 - INFO - 🚀 Запуск Chrome WebDriver...
2026-01-15 10:10:55,754 - INFO - ✅ Chrome WebDriver успешно запущен
2026-01-15 10:10:55,754 - INFO - 🔐 Начало процесса авторизации на Zvonko...
2026-01-15 10:10:55,754 - INFO - 📍 Переход на страницу авторизации: https://account.zvonkodigital.com
2026-01-15 10:10:57,664 - INFO - ✅ Найдено поле логина по name='username'
2026-01-15 10:10:57,669 - INFO - ✅ Найдено поле пароля по name='password'
2026-01-15 10:10:57,669 - INFO - ⌨️ Ввод данных авторизации...
2026-01-15 10:10:57,758 - INFO - ✅ Найдена кнопка входа (input submit)
2026-01-15 10:11:03,718 - INFO - 📍 Переход на страницу релизов...
2026-01-15 10:11:09,143 - INFO - ✅ Авторизация успешно завершена
2026-01-15 10:11:09,143 - INFO - 🔍 Начало парсинга всех страниц...
2026-01-15 10:11:09,143 - INFO - 
📄 Обработка страницы #1...
2026-01-15 10:11:09,143 - INFO - 🔍 Парсинг страницы #1...
2026-01-15 10:11:16,174 - INFO - 📊 На странице #1 найдено 20 релизов по селектору: div.css-1xgpa60
2026-01-15 10:11:16,174 - INFO - 
🔍 Парсинг релиза #1 (страница #1, позиция #1)...
2026-01-15 10:11:16,179 - INFO - 🔍 Извлечение данных из релиза #1...
2026-01-15 10:11:16,189 - INFO - 📝 Текст релиза: GOLD TIME
ripznxx
UPC
5063833652308
Название лейбла
ROSSEL 66
Дата создания
2025-12-24
Дата релиза
2025-12-26
Дата старта
2025-12-26
Территории
Все страны
Площадки
50
Жанр
Hip Hop/Rap
Трек-лист...
2026-01-15 10:11:16,201 - INFO - ✅ title: GOLD TIME
2026-01-15 10:11:16,204 - INFO - ✅ artist: ripznxx
2026-01-15 10:11:16,210 - INFO - ✅ cover: https://media.zvonkodigital.ru/api/cover/100/34919747/
2026-01-15 10:11:16,228 - INFO - ✅ upc: 5063833652308
2026-01-15 10:11:16,234 - INFO - ✅ label: ROSSEL 66
2026-01-15 10:11:16,239 - INFO - ✅ date: 2025-12-24
2026-01-15 10:11:16,256 - INFO - ✅ territories: Все страны
2026-01-15 10:11:16,262 - INFO - ✅ platforms: 50
2026-01-15 10:11:16,267 - INFO - ✅ genre: Hip Hop/Rap
2026-01-15 10:11:16,273 - INFO - ✅ Данные релиза #1 успешно извлечены
2026-01-15 10:11:16,273 - INFO - 
🔍 Парсинг релиза #2 (страница #1, позиция #2)...
2026-01-15 10:11:16,275 - INFO - 🔍 Извлечение данных из релиза #2...
2026-01-15 10:11:16,282 - INFO - 📝 Текст релиза: BANDO
stemstyl
UPC
5063833637664
Название лейбла
ROSSEL 66
Дата создания
2025-12-22
Дата релиза
2025-12-26
Дата старта
2025-12-26
Территории
Все страны
Площадки
50
Жанр
Hip Hop/Rap
Трек-лист...
2026-01-15 10:11:16,289 - INFO - ✅ title: BANDO
2026-01-15 10:11:16,292 - INFO - ✅ artist: stemstyl
2026-01-15 10:11:16,297 - INFO - ✅ cover: https://media.zvonkodigital.ru/api/cover/100/34872955/
2026-01-15 10:11:16,310 - INFO - ✅ upc: 5063833637664
2026-01-15 10:11:16,315 - INFO - ✅ label: ROSSEL 66
2026-01-15 10:11:16,320 - INFO - ✅ date: 2025-12-22
2026-01-15 10:11:16,336 - INFO - ✅ territories: Все страны
2026-01-15 10:11:16,341 - INFO - ✅ platforms: 50
2026-01-15 10:11:16,346 - INFO - ✅ genre: Hip Hop/Rap
2026-01-15 10:11:16,351 - INFO - ✅ Данные релиза #2 успешно извлечены
2026-01-15 10:11:16,351 - INFO - 
🔍 Парсинг релиза #3 (страница #1, позиция #3)...
2026-01-15 10:11:16,354 - INFO - 🔍 Извлечение данных из релиза #3...
2026-01-15 10:11:16,360 - INFO - 📝 Текст релиза: Как тебе идея?
rompy
UPC
5063833637657
Название лейбла
ROSSEL 66
Дата создания
2025-12-22
Дата релиза
2025-12-22
Дата старта
2025-12-22
Территории
Все страны
Площадки
3
Жанр
Hip Hop/Rap
Трек-лист...
2026-01-15 10:11:16,368 - INFO - ✅ title: Как тебе идея?
2026-01-15 10:11:16,370 - INFO - ✅ artist: rompy
2026-01-15 10:11:16,375 - INFO - ✅ cover: https://media.zvonkodigital.ru/api/cover/100/34872654/
2026-01-15 10:11:16,388 - INFO - ✅ upc: 5063833637657
2026-01-15 10:11:16,393 - INFO - ✅ label: ROSSEL 66
2026-01-15 10:11:16,398 - INFO - ✅ date: 2025-12-22
2026-01-15 10:11:16,414 - INFO - ✅ territories: Все страны
2026-01-15 10:11:16,424 - INFO - ✅ genre: Hip Hop/Rap
2026-01-15 10:11:16,429 - INFO - ✅ Данные релиза #3 успешно извлечены
2026-01-15 10:11:16,429 - INFO - 
🔍 Парсинг релиза #4 (страница #1, позиция #4)...
2026-01-15 10:11:16,432 - INFO - 🔍 Извлечение данных из релиза #4...
2026-01-15 10:11:16,438 - INFO - 📝 Текст релиза: Стало холодно
Nnaia
UPC
3618024172688
Название лейбла
ROSSEL 66
Дата создания
2025-12-12
Дата релиза
2025-12-12
Дата старта
2025-12-12
Территории
Все страны
Площадки
3
Жанр
Pop
Трек-лист...
2026-01-15 10:11:16,446 - INFO - ✅ title: Стало холодно
2026-01-15 10:11:16,449 - INFO - ✅ artist: Nnaia
2026-01-15 10:11:16,453 - INFO - ✅ cover: https://media.zvonkodigital.ru/api/cover/100/34687934/
2026-01-15 10:11:16,467 - INFO - ✅ upc: 3618024172688
2026-01-15 10:11:16,472 - INFO - ✅ label: ROSSEL 66
2026-01-15 10:11:16,477 - INFO - ✅ date: 2025-12-12
2026-01-15 10:11:16,492 - INFO - ✅ territories: Все страны
2026-01-15 10:11:16,503 - INFO - ✅ genre: Pop
2026-01-15 10:11:16,508 - INFO - ✅ Данные релиза #4 успешно извлечены
2026-01-15 10:11:16,508 - INFO - 
🔍 Парсинг релиза #5 (страница #1, позиция #5)...
2026-01-15 10:11:16,511 - INFO - 🔍 Извлечение данных из релиза #5...
2026-01-15 10:11:16,517 - INFO - 📝 Текст релиза: War
Matcukito Kioto
UPC
3617394329067
Название лейбла
ROSSEL 66
Дата создания
2025-12-03
Дата релиза
2025-05-02
Дата старта
2025-05-02
Территории
Все страны
Площадки
50
Жанр
Phonk/Fonk
Трек-лист...
2026-01-15 10:11:16,525 - INFO - ✅ title: War
2026-01-15 10:11:16,528 - INFO - ✅ artist: Matcukito Kioto
2026-01-15 10:11:16,532 - INFO - ✅ cover: https://media.zvonkodigital.ru/api/cover/100/34491548/
2026-01-15 10:11:16,545 - INFO - ✅ upc: 3617394329067
2026-01-15 10:11:16,550 - INFO - ✅ label: ROSSEL 66
2026-01-15 10:11:16,555 - INFO - ✅ date: 2025-12-03
2026-01-15 10:11:16,571 - INFO - ✅ territories: Все страны
2026-01-15 10:11:16,575 - INFO - ✅ platforms: 50
2026-01-15 10:11:16,581 - INFO - ✅ genre: Phonk/Fonk
2026-01-15 10:11:16,586 - INFO - ✅ Данные релиза #5 успешно извлечены
2026-01-15 10:11:16,586 - INFO - 
🔍 Парсинг релиза #6 (страница #1, позиция #6)...
2026-01-15 10:11:16,589 - INFO - 🔍 Извлечение данных из релиза #6...
2026-01-15 10:11:16,596 - INFO - 📝 Текст релиза: BORN TO SWAGGIN
Roudie J.
UPC
3617391852056
Название лейбла
ROSSEL 66
Дата создания
2025-12-03
Дата релиза
2025-03-28
Дата старта
2025-03-28
Территории
Все страны
Площадки
50
Жанр
Phonk/Fonk
Трек-лист...
2026-01-15 10:11:16,604 - INFO - ✅ title: BORN TO SWAGGIN
2026-01-15 10:11:16,607 - INFO - ✅ artist: Roudie J.
2026-01-15 10:11:16,612 - INFO - ✅ cover: https://media.zvonkodigital.ru/api/cover/100/34490264/
2026-01-15 10:11:16,626 - INFO - ✅ upc: 3617391852056
2026-01-15 10:11:16,634 - INFO - ✅ label: ROSSEL 66
2026-01-15 10:11:16,643 - INFO - ✅ date: 2025-12-03
2026-01-15 10:11:16,659 - INFO - ✅ territories: Все страны
2026-01-15 10:11:16,665 - INFO - ✅ platforms: 50
2026-01-15 10:11:16,670 - INFO - ✅ genre: Phonk/Fonk
2026-01-15 10:11:16,675 - INFO - ✅ Данные релиза #6 успешно извлечены
2026-01-15 10:11:16,675 - INFO - 
🔍 Парсинг релиза #7 (страница #1, позиция #7)...
2026-01-15 10:11:16,680 - INFO - 🔍 Извлечение данных из релиза #7...
2026-01-15 10:11:16,687 - INFO - 📝 Текст релиза: I WILL BECOME YOU
Roudie J.
UPC
3617391538165
Название лейбла
ROSSEL 66
Дата создания
2025-12-03
Дата релиза
2025-03-21
Дата старта
2025-03-21
Территории
Все страны
Площадки
50
Жанр
Phonk/Fonk
Трек-ли...
2026-01-15 10:11:16,694 - INFO - ✅ title: I WILL BECOME YOU
2026-01-15 10:11:16,697 - INFO - ✅ artist: Roudie J.
2026-01-15 10:11:16,701 - INFO - ✅ cover: https://media.zvonkodigital.ru/api/cover/100/34490214/
2026-01-15 10:11:16,715 - INFO - ✅ upc: 3617391538165
2026-01-15 10:11:16,720 - INFO - ✅ label: ROSSEL 66
2026-01-15 10:11:16,725 - INFO - ✅ date: 2025-12-03
2026-01-15 10:11:16,741 - INFO - ✅ territories: Все страны
2026-01-15 10:11:16,747 - INFO - ✅ platforms: 50
2026-01-15 10:11:16,752 - INFO - ✅ genre: Phonk/Fonk
2026-01-15 10:11:16,757 - INFO - ✅ Данные релиза #7 успешно извлечены
2026-01-15 10:11:16,758 - INFO - 
🔍 Парсинг релиза #8 (страница #1, позиция #8)...
2026-01-15 10:11:16,760 - INFO - 🔍 Извлечение данных из релиза #8...
2026-01-15 10:11:16,767 - INFO - 📝 Текст релиза: Электро 2.0
Nnaia
UPC
3617391402879
Название лейбла
ROSSEL 66
Дата создания
2025-12-03
Дата релиза
2025-03-14
Дата старта
2025-03-14
Территории
Все страны
Площадки
50
Жанр
R&B/Soul
Трек-лист...
2026-01-15 10:11:16,774 - INFO - ✅ title: Электро 2.0
2026-01-15 10:11:16,777 - INFO - ✅ artist: Nnaia
2026-01-15 10:11:16,782 - INFO - ✅ cover: https://media.zvonkodigital.ru/api/cover/100/34490205/
2026-01-15 10:11:16,795 - INFO - ✅ upc: 3617391402879
2026-01-15 10:11:16,800 - INFO - ✅ label: ROSSEL 66
2026-01-15 10:11:16,806 - INFO - ✅ date: 2025-12-03
2026-01-15 10:11:16,821 - INFO - ✅ territories: Все страны
2026-01-15 10:11:16,827 - INFO - ✅ platforms: 50
2026-01-15 10:11:16,838 - INFO - ✅ Данные релиза #8 успешно извлечены
2026-01-15 10:11:16,838 - INFO - 
🔍 Парсинг релиза #9 (страница #1, позиция #9)...
2026-01-15 10:11:16,840 - INFO - 🔍 Извлечение данных из релиза #9...
2026-01-15 10:11:16,847 - INFO - 📝 Текст релиза: Глубина
W.1ce3
UPC
5063833528245
Название лейбла
ROSSEL 66
Дата создания
2025-12-02
Дата релиза
2025-12-12
Дата старта
2025-12-12
Территории
Все страны
Площадки
50
Жанр
Pop
Трек-лист...
2026-01-15 10:11:16,855 - INFO - ✅ title: Глубина
2026-01-15 10:11:16,858 - INFO - ✅ artist: W.1ce3
2026-01-15 10:11:16,862 - INFO - ✅ cover: https://media.zvonkodigital.ru/api/cover/100/34458657/
2026-01-15 10:11:16,876 - INFO - ✅ upc: 5063833528245
2026-01-15 10:11:16,881 - INFO - ✅ label: ROSSEL 66
2026-01-15 10:11:16,887 - INFO - ✅ date: 2025-12-02
2026-01-15 10:11:16,902 - INFO - ✅ territories: Все страны
2026-01-15 10:11:16,908 - INFO - ✅ platforms: 50
2026-01-15 10:11:16,913 - INFO - ✅ genre: Pop
2026-01-15 10:11:16,920 - INFO - ✅ Данные релиза #9 успешно извлечены
2026-01-15 10:11:16,920 - INFO - 
🔍 Парсинг релиза #10 (страница #1, позиция #10)...
2026-01-15 10:11:16,922 - INFO - 🔍 Извлечение данных из релиза #10...
2026-01-15 10:11:16,929 - INFO - 📝 Текст релиза: HATRED
MEELBRN, BITSA MANIAC
UPC
5063833470926
Название лейбла
ROSSEL 66
Дата создания
2025-11-20
Дата релиза
2025-11-28
Дата старта
2025-11-28
Территории
Все страны
Площадки
50
Жанр
Hip Hop/Rap
Трек-...
2026-01-15 10:11:16,936 - INFO - ✅ title: HATRED
2026-01-15 10:11:16,939 - INFO - ✅ artist: MEELBRN, BITSA MANIAC
2026-01-15 10:11:16,943 - INFO - ✅ cover: https://media.zvonkodigital.ru/api/cover/100/34196547/
2026-01-15 10:11:16,957 - INFO - ✅ upc: 5063833470926
2026-01-15 10:11:16,962 - INFO - ✅ label: ROSSEL 66
2026-01-15 10:11:16,967 - INFO - ✅ date: 2025-11-20
2026-01-15 10:11:16,982 - INFO - ✅ territories: Все страны
2026-01-15 10:11:16,987 - INFO - ✅ platforms: 50
2026-01-15 10:11:16,992 - INFO - ✅ genre: Hip Hop/Rap
2026-01-15 10:11:16,999 - INFO - ✅ Данные релиза #10 успешно извлечены
2026-01-15 10:11:16,999 - INFO - 
🔍 Парсинг релиза #11 (страница #1, позиция #11)...
2026-01-15 10:11:17,001 - INFO - 🔍 Извлечение данных из релиза #11...
2026-01-15 10:11:17,008 - INFO - 📝 Текст релиза: Fxk New Yer
TXYK
UPC
5016122283356
Название лейбла
ROSSEL 66
Дата создания
2025-11-12
Дата релиза
2025-01-10
Дата старта
2025-01-10
Территории
Все страны
Площадки
50
Жанр
Phonk/Fonk
Трек-лист...
2026-01-15 10:11:17,016 - INFO - ✅ title: Fxk New Yer
2026-01-15 10:11:17,018 - INFO - ✅ artist: TXYK
2026-01-15 10:11:17,023 - INFO - ✅ cover: https://media.zvonkodigital.ru/api/cover/100/34001859/
2026-01-15 10:11:17,036 - INFO - ✅ upc: 5016122283356
2026-01-15 10:11:17,041 - INFO - ✅ label: ROSSEL 66
2026-01-15 10:11:17,047 - INFO - ✅ date: 2025-11-12
2026-01-15 10:11:17,063 - INFO - ✅ territories: Все страны
2026-01-15 10:11:17,068 - INFO - ✅ platforms: 50
2026-01-15 10:11:17,073 - INFO - ✅ genre: Phonk/Fonk
2026-01-15 10:11:17,079 - INFO - ✅ Данные релиза #11 успешно извлечены
2026-01-15 10:11:17,079 - INFO - 
🔍 Парсинг релиза #12 (страница #1, позиция #12)...
2026-01-15 10:11:17,081 - INFO - 🔍 Извлечение данных из релиза #12...
2026-01-15 10:11:17,090 - INFO - 📝 Текст релиза: Fame T Tells
nime
UPC
5063833423991
Название лейбла
ROSSEL 66
Дата создания
2025-11-11
Дата релиза
2025-11-14
Дата старта
2025-11-14
Территории
Все страны
Площадки
50
Жанр
Hip Hop/Rap
Трек-лист...
2026-01-15 10:11:17,101 - INFO - ✅ title: Fame T Tells
2026-01-15 10:11:17,104 - INFO - ✅ artist: nime
2026-01-15 10:11:17,109 - INFO - ✅ cover: https://media.zvonkodigital.ru/api/cover/100/33992351/
2026-01-15 10:11:17,122 - INFO - ✅ upc: 5063833423991
2026-01-15 10:11:17,128 - INFO - ✅ label: ROSSEL 66
2026-01-15 10:11:17,134 - INFO - ✅ date: 2025-11-11
2026-01-15 10:11:17,150 - INFO - ✅ territories: Все страны
2026-01-15 10:11:17,155 - INFO - ✅ platforms: 50
2026-01-15 10:11:17,160 - INFO - ✅ genre: Hip Hop/Rap
2026-01-15 10:11:17,166 - INFO - ✅ Данные релиза #12 успешно извлечены
2026-01-15 10:11:17,166 - INFO - 
🔍 Парсинг релиза #13 (страница #1, позиция #13)...
2026-01-15 10:11:17,168 - INFO - 🔍 Извлечение данных из релиза #13...
2026-01-15 10:11:17,174 - INFO - 📝 Текст релиза: реплика
kvvitz, Exp13
UPC
5016122279939
Название лейбла
ROSSEL 66
Дата создания
2025-11-05
Дата релиза
2025-01-03
Дата старта
2025-01-03
Территории
Все страны
Площадки
50
Жанр
Hip Hop/Rap
Трек-лист...
2026-01-15 10:11:17,182 - INFO - ✅ title: реплика
2026-01-15 10:11:17,185 - INFO - ✅ artist: kvvitz, Exp13
2026-01-15 10:11:17,190 - INFO - ✅ cover: https://media.zvonkodigital.ru/api/cover/100/33898665/
2026-01-15 10:11:17,205 - INFO - ✅ upc: 5016122279939
2026-01-15 10:11:17,211 - INFO - ✅ label: ROSSEL 66
2026-01-15 10:11:17,217 - INFO - ✅ date: 2025-11-05
2026-01-15 10:11:17,233 - INFO - ✅ territories: Все страны
2026-01-15 10:11:17,238 - INFO - ✅ platforms: 50
2026-01-15 10:11:17,243 - INFO - ✅ genre: Hip Hop/Rap
2026-01-15 10:11:17,249 - INFO - ✅ Данные релиза #13 успешно извлечены
2026-01-15 10:11:17,249 - INFO - 
🔍 Парсинг релиза #14 (страница #1, позиция #14)...
2026-01-15 10:11:17,251 - INFO - 🔍 Извлечение данных из релиза #14...
2026-01-15 10:11:17,258 - INFO - 📝 Текст релиза: XX.XX.XX
GPMONTANA
UPC
5016122269817
Название лейбла
ROSSEL 66
Дата создания
2025-11-05
Дата релиза
2024-12-27
Дата старта
2024-12-27
Территории
Все страны
Площадки
50
Жанр
Hip Hop/Rap
Трек-лист...
2026-01-15 10:11:17,265 - INFO - ✅ title: XX.XX.XX
2026-01-15 10:11:17,267 - INFO - ✅ artist: GPMONTANA
2026-01-15 10:11:17,272 - INFO - ✅ cover: https://media.zvonkodigital.ru/api/cover/100/33898628/
2026-01-15 10:11:17,284 - INFO - ✅ upc: 5016122269817
2026-01-15 10:11:17,289 - INFO - ✅ label: ROSSEL 66
2026-01-15 10:11:17,295 - INFO - ✅ date: 2025-11-05
2026-01-15 10:11:17,311 - INFO - ✅ territories: Все страны
2026-01-15 10:11:17,316 - INFO - ✅ platforms: 50
2026-01-15 10:11:17,321 - INFO - ✅ genre: Hip Hop/Rap
2026-01-15 10:11:17,327 - INFO - ✅ Данные релиза #14 успешно извлечены
2026-01-15 10:11:17,327 - INFO - 
🔍 Парсинг релиза #15 (страница #1, позиция #15)...
2026-01-15 10:11:17,329 - INFO - 🔍 Извлечение данных из релиза #15...
2026-01-15 10:11:17,336 - INFO - 📝 Текст релиза: Взрослая игра
WhyMeowKreet
UPC
5016122263136
Название лейбла
ROSSEL 66
Дата создания
2025-11-05
Дата релиза
2024-12-27
Дата старта
2024-12-27
Территории
Все страны
Площадки
50
Жанр
Hip Hop/Rap
Трек-ли...
2026-01-15 10:11:17,344 - INFO - ✅ title: Взрослая игра
2026-01-15 10:11:17,347 - INFO - ✅ artist: WhyMeowKreet
2026-01-15 10:11:17,352 - INFO - ✅ cover: https://media.zvonkodigital.ru/api/cover/100/33898599/
2026-01-15 10:11:17,366 - INFO - ✅ upc: 5016122263136
2026-01-15 10:11:17,371 - INFO - ✅ label: ROSSEL 66
2026-01-15 10:11:17,376 - INFO - ✅ date: 2025-11-05
2026-01-15 10:11:17,392 - INFO - ✅ territories: Все страны
2026-01-15 10:11:17,398 - INFO - ✅ platforms: 50
2026-01-15 10:11:17,403 - INFO - ✅ genre: Hip Hop/Rap
2026-01-15 10:11:17,408 - INFO - ✅ Данные релиза #15 успешно извлечены
2026-01-15 10:11:17,408 - INFO - 
🔍 Парсинг релиза #16 (страница #1, позиция #16)...
2026-01-15 10:11:17,411 - INFO - 🔍 Извлечение данных из релиза #16...
2026-01-15 10:11:17,417 - INFO - 📝 Текст релиза: FERVENT KID
stemstyl
UPC
5016122255735
Название лейбла
ROSSEL 66
Дата создания
2025-11-05
Дата релиза
2024-12-13
Дата старта
2024-12-13
Территории
Все страны
Площадки
50
Жанр
Hip Hop/Rap
Трек-лист...
2026-01-15 10:11:17,425 - INFO - ✅ title: FERVENT KID
2026-01-15 10:11:17,428 - INFO - ✅ artist: stemstyl
2026-01-15 10:11:17,433 - INFO - ✅ cover: https://media.zvonkodigital.ru/api/cover/100/33869857/
2026-01-15 10:11:17,447 - INFO - ✅ upc: 5016122255735
2026-01-15 10:11:17,452 - INFO - ✅ label: ROSSEL 66
2026-01-15 10:11:17,457 - INFO - ✅ date: 2025-11-05
2026-01-15 10:11:17,473 - INFO - ✅ territories: Все страны
2026-01-15 10:11:17,479 - INFO - ✅ platforms: 50
2026-01-15 10:11:17,484 - INFO - ✅ genre: Hip Hop/Rap
2026-01-15 10:11:17,489 - INFO - ✅ Данные релиза #16 успешно извлечены
2026-01-15 10:11:17,489 - INFO - 
🔍 Парсинг релиза #17 (страница #1, позиция #17)...
2026-01-15 10:11:17,492 - INFO - 🔍 Извлечение данных из релиза #17...
2026-01-15 10:11:17,498 - INFO - 📝 Текст релиза: In the Dark
HLWD
UPC
5016122273746
Название лейбла
ROSSEL 66
Дата создания
2025-11-05
Дата релиза
2024-12-27
Дата старта
2024-12-27
Территории
Все страны
Площадки
50
Жанр
Electronic
Трек-лист...
2026-01-15 10:11:17,506 - INFO - ✅ title: In the Dark
2026-01-15 10:11:17,509 - INFO - ✅ artist: HLWD
2026-01-15 10:11:17,514 - INFO - ✅ cover: https://media.zvonkodigital.ru/api/cover/100/33869571/
2026-01-15 10:11:17,527 - INFO - ✅ upc: 5016122273746
2026-01-15 10:11:17,532 - INFO - ✅ label: ROSSEL 66
2026-01-15 10:11:17,536 - INFO - ✅ date: 2025-11-05
2026-01-15 10:11:17,550 - INFO - ✅ territories: Все страны
2026-01-15 10:11:17,554 - INFO - ✅ platforms: 50
2026-01-15 10:11:17,558 - INFO - ✅ genre: Electronic
2026-01-15 10:11:17,565 - INFO - ✅ Данные релиза #17 успешно извлечены
2026-01-15 10:11:17,565 - INFO - 
🔍 Парсинг релиза #18 (страница #1, позиция #18)...
2026-01-15 10:11:17,568 - INFO - 🔍 Извлечение данных из релиза #18...
2026-01-15 10:11:17,574 - INFO - 📝 Текст релиза: Dissonance
HLWD
UPC
5016122268360
Название лейбла
ROSSEL 66
Дата создания
2025-11-05
Дата релиза
2024-12-27
Дата старта
2024-12-27
Территории
Все страны
Площадки
50
Жанр
Electronic
Трек-лист...
2026-01-15 10:11:17,581 - INFO - ✅ title: Dissonance
2026-01-15 10:11:17,583 - INFO - ✅ artist: HLWD
2026-01-15 10:11:17,587 - INFO - ✅ cover: https://media.zvonkodigital.ru/api/cover/100/33869529/
2026-01-15 10:11:17,599 - INFO - ✅ upc: 5016122268360
2026-01-15 10:11:17,604 - INFO - ✅ label: ROSSEL 66
2026-01-15 10:11:17,608 - INFO - ✅ date: 2025-11-05
2026-01-15 10:11:17,622 - INFO - ✅ territories: Все страны
2026-01-15 10:11:17,626 - INFO - ✅ platforms: 50
2026-01-15 10:11:17,631 - INFO - ✅ genre: Electronic
2026-01-15 10:11:17,636 - INFO - ✅ Данные релиза #18 успешно извлечены
2026-01-15 10:11:17,636 - INFO - 
🔍 Парсинг релиза #19 (страница #1, позиция #19)...
2026-01-15 10:11:17,638 - INFO - 🔍 Извлечение данных из релиза #19...
2026-01-15 10:11:17,644 - INFO - 📝 Текст релиза: LEGASX
TXYK
UPC
5016122263150
Название лейбла
ROSSEL 66
Дата создания
2025-11-01
Дата релиза
2024-12-13
Дата старта
2024-12-13
Территории
Все страны
Площадки
50
Жанр
Phonk/Fonk
Трек-лист...
2026-01-15 10:11:17,651 - INFO - ✅ title: LEGASX
2026-01-15 10:11:17,654 - INFO - ✅ artist: TXYK
2026-01-15 10:11:17,657 - INFO - ✅ cover: https://media.zvonkodigital.ru/api/cover/100/33854060/
2026-01-15 10:11:17,669 - INFO - ✅ upc: 5016122263150
2026-01-15 10:11:17,674 - INFO - ✅ label: ROSSEL 66
2026-01-15 10:11:17,679 - INFO - ✅ date: 2025-11-01
2026-01-15 10:11:17,692 - INFO - ✅ territories: Все страны
2026-01-15 10:11:17,701 - INFO - ✅ platforms: 50
2026-01-15 10:11:17,707 - INFO - ✅ genre: Phonk/Fonk
2026-01-15 10:11:17,713 - INFO - ✅ Данные релиза #19 успешно извлечены
2026-01-15 10:11:17,713 - INFO - 
🔍 Парсинг релиза #20 (страница #1, позиция #20)...
2026-01-15 10:11:17,715 - INFO - 🔍 Извлечение данных из релиза #20...
2026-01-15 10:11:17,721 - INFO - 📝 Текст релиза: WWW
stemstyl, Tulapse
UPC
5016122275566
Название лейбла
ROSSEL 66
Дата создания
2025-11-01
Дата релиза
2024-12-27
Дата старта
2024-12-27
Территории
Все страны
Площадки
50
Жанр
Hip Hop/Rap
Трек-лист...
2026-01-15 10:11:17,728 - INFO - ✅ title: WWW
2026-01-15 10:11:17,730 - INFO - ✅ artist: stemstyl, Tulapse
2026-01-15 10:11:17,734 - INFO - ✅ cover: https://media.zvonkodigital.ru/api/cover/100/33852321/
2026-01-15 10:11:17,746 - INFO - ✅ upc: 5016122275566
2026-01-15 10:11:17,750 - INFO - ✅ label: ROSSEL 66
2026-01-15 10:11:17,755 - INFO - ✅ date: 2025-11-01
2026-01-15 10:11:17,770 - INFO - ✅ territories: Все страны
2026-01-15 10:11:17,776 - INFO - ✅ platforms: 50
2026-01-15 10:11:17,781 - INFO - ✅ genre: Hip Hop/Rap
2026-01-15 10:11:17,786 - INFO - ✅ Данные релиза #20 успешно извлечены
2026-01-15 10:11:17,786 - INFO - ✅ Страница #1 завершена! Обработано 20 релизов
2026-01-15 10:11:17,792 - INFO - 🖱️ Переход к предыдущей странице...
2026-01-15 10:11:20,817 - INFO - 
📄 Обработка страницы #2...
2026-01-15 10:11:20,818 - INFO - 🔍 Парсинг страницы #2...
2026-01-15 10:11:27,851 - INFO - 📊 На странице #2 найдено 20 релизов по селектору: div.css-1xgpa60
2026-01-15 10:11:27,851 - INFO - 
🔍 Парсинг релиза #21 (страница #2, позиция #1)...
2026-01-15 10:11:27,857 - INFO - 🔍 Извлечение данных из релиза #21...
2026-01-15 10:11:27,871 - INFO - 📝 Текст релиза: Lose Her
n8ver
UPC
5016122278895
Название лейбла
ROSSEL 66
Дата создания
2025-11-01
Дата релиза
2025-01-03
Дата старта
2025-01-03
Территории
Все страны
Площадки
50
Жанр
Hip Hop/Rap
Трек-лист...
2026-01-15 10:11:27,885 - INFO - ✅ title: Lose Her
2026-01-15 10:11:27,888 - INFO - ✅ artist: n8ver
2026-01-15 10:11:27,893 - INFO - ✅ cover: https://media.zvonkodigital.ru/api/cover/100/33852297/
2026-01-15 10:11:27,909 - INFO - ✅ upc: 5016122278895
2026-01-15 10:11:27,914 - INFO - ✅ label: ROSSEL 66
2026-01-15 10:11:27,920 - INFO - ✅ date: 2025-11-01
2026-01-15 10:11:27,936 - INFO - ✅ territories: Все страны
2026-01-15 10:11:27,941 - INFO - ✅ platforms: 50
2026-01-15 10:11:27,947 - INFO - ✅ genre: Hip Hop/Rap
2026-01-15 10:11:27,953 - INFO - ✅ Данные релиза #21 успешно извлечены
2026-01-15 10:11:27,953 - INFO - 
🔍 Парсинг релиза #22 (страница #2, позиция #2)...
2026-01-15 10:11:27,955 - INFO - 🔍 Извлечение данных из релиза #22...
2026-01-15 10:11:27,962 - INFO - 📝 Текст релиза: Sad Robot
nime
UPC
5016122275818
Название лейбла
ROSSEL 66
Дата создания
2025-11-01
Дата релиза
2024-12-27
Дата старта
2024-12-27
Территории
Все страны
Площадки
50
Жанр
Hip Hop/Rap
Трек-лист...
2026-01-15 10:11:27,971 - INFO - ✅ title: Sad Robot
2026-01-15 10:11:27,973 - INFO - ✅ artist: nime
2026-01-15 10:11:27,978 - INFO - ✅ cover: https://media.zvonkodigital.ru/api/cover/100/33852289/
2026-01-15 10:11:27,991 - INFO - ✅ upc: 5016122275818
2026-01-15 10:11:27,997 - INFO - ✅ label: ROSSEL 66
2026-01-15 10:11:28,002 - INFO - ✅ date: 2025-11-01
2026-01-15 10:11:28,018 - INFO - ✅ territories: Все страны
2026-01-15 10:11:28,023 - INFO - ✅ platforms: 50
2026-01-15 10:11:28,028 - INFO - ✅ genre: Hip Hop/Rap
2026-01-15 10:11:28,035 - INFO - ✅ Данные релиза #22 успешно извлечены
2026-01-15 10:11:28,035 - INFO - 
🔍 Парсинг релиза #23 (страница #2, позиция #3)...
2026-01-15 10:11:28,037 - INFO - 🔍 Извлечение данных из релиза #23...
2026-01-15 10:11:28,044 - INFO - 📝 Текст релиза: SZN SHIT
yngcough
UPC
5016122279731
Название лейбла
ROSSEL 66
Дата создания
2025-11-01
Дата релиза
2025-01-03
Дата старта
2025-01-03
Территории
Все страны
Площадки
50
Жанр
Hip Hop/Rap
Трек-лист...
2026-01-15 10:11:28,052 - INFO - ✅ title: SZN SHIT
2026-01-15 10:11:28,055 - INFO - ✅ artist: yngcough
2026-01-15 10:11:28,059 - INFO - ✅ cover: https://media.zvonkodigital.ru/api/cover/100/33852264/
2026-01-15 10:11:28,072 - INFO - ✅ upc: 5016122279731
2026-01-15 10:11:28,078 - INFO - ✅ label: ROSSEL 66
2026-01-15 10:11:28,083 - INFO - ✅ date: 2025-11-01
2026-01-15 10:11:28,105 - INFO - ✅ territories: Все страны
2026-01-15 10:11:28,111 - INFO - ✅ platforms: 50
2026-01-15 10:11:28,116 - INFO - ✅ genre: Hip Hop/Rap
2026-01-15 10:11:28,122 - INFO - ✅ Данные релиза #23 успешно извлечены
2026-01-15 10:11:28,122 - INFO - 
🔍 Парсинг релиза #24 (страница #2, позиция #4)...
2026-01-15 10:11:28,124 - INFO - 🔍 Извлечение данных из релиза #24...
2026-01-15 10:11:28,131 - INFO - 📝 Текст релиза: Амбициозный реп
Double Damage
UPC
5016122272114
Название лейбла
ROSSEL 66
Дата создания
2025-11-01
Дата релиза
2024-12-27
Дата старта
2024-12-27
Территории
Все страны
Площадки
50
Жанр
Hip Hop/Rap
Трек...
2026-01-15 10:11:28,139 - INFO - ✅ title: Амбициозный реп
2026-01-15 10:11:28,142 - INFO - ✅ artist: Double Damage
2026-01-15 10:11:28,147 - INFO - ✅ cover: https://media.zvonkodigital.ru/api/cover/100/33852252/
2026-01-15 10:11:28,161 - INFO - ✅ upc: 5016122272114
2026-01-15 10:11:28,166 - INFO - ✅ label: ROSSEL 66
2026-01-15 10:11:28,171 - INFO - ✅ date: 2025-11-01
2026-01-15 10:11:28,187 - INFO - ✅ territories: Все страны
2026-01-15 10:11:28,192 - INFO - ✅ platforms: 50
2026-01-15 10:11:28,198 - INFO - ✅ genre: Hip Hop/Rap
2026-01-15 10:11:28,203 - INFO - ✅ Данные релиза #24 успешно извлечены
2026-01-15 10:11:28,203 - INFO - 
🔍 Парсинг релиза #25 (страница #2, позиция #5)...
2026-01-15 10:11:28,206 - INFO - 🔍 Извлечение данных из релиза #25...
2026-01-15 10:11:28,213 - INFO - 📝 Текст релиза: PAINKILLER
TXYK
UPC
5016122269824
Название лейбла
ROSSEL 66
Дата создания
2025-11-01
Дата релиза
2024-12-20
Дата старта
2024-12-20
Территории
Все страны
Площадки
50
Жанр
Electronic
Трек-лист...
2026-01-15 10:11:28,221 - INFO - ✅ title: PAINKILLER
2026-01-15 10:11:28,223 - INFO - ✅ artist: TXYK
2026-01-15 10:11:28,228 - INFO - ✅ cover: https://media.zvonkodigital.ru/api/cover/100/33847142/
2026-01-15 10:11:28,241 - INFO - ✅ upc: 5016122269824
2026-01-15 10:11:28,247 - INFO - ✅ label: ROSSEL 66
2026-01-15 10:11:28,252 - INFO - ✅ date: 2025-11-01
2026-01-15 10:11:28,267 - INFO - ✅ territories: Все страны
2026-01-15 10:11:28,273 - INFO - ✅ platforms: 50
2026-01-15 10:11:28,278 - INFO - ✅ genre: Electronic
2026-01-15 10:11:28,283 - INFO - ✅ Данные релиза #25 успешно извлечены
2026-01-15 10:11:28,284 - INFO - 
🔍 Парсинг релиза #26 (страница #2, позиция #6)...
2026-01-15 10:11:28,286 - INFO - 🔍 Извлечение данных из релиза #26...
2026-01-15 10:11:28,292 - INFO - 📝 Текст релиза: Shadow
KygoteGavl
UPC
5016122258446
Название лейбла
ROSSEL 66
Дата создания
2025-11-01
Дата релиза
2024-12-13
Дата старта
2024-12-13
Территории
Все страны
Площадки
50
Жанр
Hip Hop/Rap
Трек-лист...
2026-01-15 10:11:28,300 - INFO - ✅ title: Shadow
2026-01-15 10:11:28,302 - INFO - ✅ artist: KygoteGavl
2026-01-15 10:11:28,307 - INFO - ✅ cover: https://media.zvonkodigital.ru/api/cover/100/33847095/
2026-01-15 10:11:28,321 - INFO - ✅ upc: 5016122258446
2026-01-15 10:11:28,326 - INFO - ✅ label: ROSSEL 66
2026-01-15 10:11:28,332 - INFO - ✅ date: 2025-11-01
2026-01-15 10:11:28,348 - INFO - ✅ territories: Все страны
2026-01-15 10:11:28,353 - INFO - ✅ platforms: 50
2026-01-15 10:11:28,359 - INFO - ✅ genre: Hip Hop/Rap
2026-01-15 10:11:28,365 - INFO - ✅ Данные релиза #26 успешно извлечены
2026-01-15 10:11:28,365 - INFO - 
🔍 Парсинг релиза #27 (страница #2, позиция #7)...
2026-01-15 10:11:28,367 - INFO - 🔍 Извлечение данных из релиза #27...
2026-01-15 10:11:28,373 - INFO - 📝 Текст релиза: знаю
kvvitz
UPC
5016122269831
Название лейбла
ROSSEL 66
Дата создания
2025-11-01
Дата релиза
2024-12-20
Дата старта
2024-12-20
Территории
Все страны
Площадки
50
Жанр
Hip Hop/Rap
Трек-лист...
2026-01-15 10:11:28,381 - INFO - ✅ title: знаю
2026-01-15 10:11:28,383 - INFO - ✅ artist: kvvitz
2026-01-15 10:11:28,388 - INFO - ✅ cover: https://media.zvonkodigital.ru/api/cover/100/33846828/
2026-01-15 10:11:28,401 - INFO - ✅ upc: 5016122269831
2026-01-15 10:11:28,407 - INFO - ✅ label: ROSSEL 66
2026-01-15 10:11:28,416 - INFO - ✅ date: 2025-11-01
2026-01-15 10:11:28,447 - INFO - ✅ territories: Все страны
2026-01-15 10:11:28,456 - INFO - ✅ platforms: 50
2026-01-15 10:11:28,462 - INFO - ✅ genre: Hip Hop/Rap
2026-01-15 10:11:28,468 - INFO - ✅ Данные релиза #27 успешно извлечены
2026-01-15 10:11:28,468 - INFO - 
🔍 Парсинг релиза #28 (страница #2, позиция #8)...
2026-01-15 10:11:28,470 - INFO - 🔍 Извлечение данных из релиза #28...
2026-01-15 10:11:28,477 - INFO - 📝 Текст релиза: Atmosphere
stukioo
UPC
5016122264584
Название лейбла
ROSSEL 66
Дата создания
2025-11-01
Дата релиза
2024-12-27
Дата старта
2024-12-27
Территории
Все страны
Площадки
50
Жанр
Electronic
Трек-лист...
2026-01-15 10:11:28,485 - INFO - ✅ title: Atmosphere
2026-01-15 10:11:28,487 - INFO - ✅ artist: stukioo
2026-01-15 10:11:28,491 - INFO - ✅ cover: https://media.zvonkodigital.ru/api/cover/100/33846820/
2026-01-15 10:11:28,504 - INFO - ✅ upc: 5016122264584
2026-01-15 10:11:28,510 - INFO - ✅ label: ROSSEL 66
2026-01-15 10:11:28,515 - INFO - ✅ date: 2025-11-01
2026-01-15 10:11:28,531 - INFO - ✅ territories: Все страны
2026-01-15 10:11:28,536 - INFO - ✅ platforms: 50
2026-01-15 10:11:28,541 - INFO - ✅ genre: Electronic
2026-01-15 10:11:28,548 - INFO - ✅ Данные релиза #28 успешно извлечены
2026-01-15 10:11:28,548 - INFO - 
🔍 Парсинг релиза #29 (страница #2, позиция #9)...
2026-01-15 10:11:28,550 - INFO - 🔍 Извлечение данных из релиза #29...
2026-01-15 10:11:28,557 - INFO - 📝 Текст релиза: @percgod
WhyMeowKreet, phuneral2000
UPC
5016122263112
Название лейбла
ROSSEL 66
Дата создания
2025-11-01
Дата релиза
2025-01-03
Дата старта
2025-01-03
Территории
Все страны
Площадки
50
Жанр
Hip Hop/Ra...
2026-01-15 10:11:28,565 - INFO - ✅ title: @percgod
2026-01-15 10:11:28,567 - INFO - ✅ artist: WhyMeowKreet, phuneral2000
2026-01-15 10:11:28,572 - INFO - ✅ cover: https://media.zvonkodigital.ru/api/cover/100/33846812/
2026-01-15 10:11:28,585 - INFO - ✅ upc: 5016122263112
2026-01-15 10:11:28,591 - INFO - ✅ label: ROSSEL 66
2026-01-15 10:11:28,596 - INFO - ✅ date: 2025-11-01
2026-01-15 10:11:28,612 - INFO - ✅ territories: Все страны
2026-01-15 10:11:28,617 - INFO - ✅ platforms: 50
2026-01-15 10:11:28,622 - INFO - ✅ genre: Hip Hop/Rap
2026-01-15 10:11:28,628 - INFO - ✅ Данные релиза #29 успешно извлечены
2026-01-15 10:11:28,628 - INFO - 
🔍 Парсинг релиза #30 (страница #2, позиция #10)...
2026-01-15 10:11:28,630 - INFO - 🔍 Извлечение данных из релиза #30...
2026-01-15 10:11:28,637 - INFO - 📝 Текст релиза: Забвение
ne zhizn'
UPC
5016122263730
Название лейбла
ROSSEL 66
Дата создания
2025-11-01
Дата релиза
2024-12-27
Дата старта
2024-12-27
Территории
Все страны
Площадки
50
Жанр
Alternative
Трек-лист...
2026-01-15 10:11:28,646 - INFO - ✅ title: Забвение
2026-01-15 10:11:28,648 - INFO - ✅ artist: ne zhizn'
2026-01-15 10:11:28,653 - INFO - ✅ cover: https://media.zvonkodigital.ru/api/cover/100/33846729/
2026-01-15 10:11:28,667 - INFO - ✅ upc: 5016122263730
2026-01-15 10:11:28,672 - INFO - ✅ label: ROSSEL 66
2026-01-15 10:11:28,678 - INFO - ✅ date: 2025-11-01
2026-01-15 10:11:28,693 - INFO - ✅ territories: Все страны
2026-01-15 10:11:28,698 - INFO - ✅ platforms: 50
2026-01-15 10:11:28,709 - INFO - ✅ Данные релиза #30 успешно извлечены
2026-01-15 10:11:28,709 - INFO - 
🔍 Парсинг релиза #31 (страница #2, позиция #11)...
2026-01-15 10:11:28,711 - INFO - 🔍 Извлечение данных из релиза #31...
2026-01-15 10:11:28,718 - INFO - 📝 Текст релиза: My Heart Bled Out
Мавтей
UPC
5016122263105
Название лейбла
ROSSEL 66
Дата создания
2025-11-01
Дата релиза
2024-12-27
Дата старта
2024-12-27
Территории
Все страны
Площадки
50
Жанр
Hip Hop/Rap
Трек-лист...
2026-01-15 10:11:28,725 - INFO - ✅ title: My Heart Bled Out
2026-01-15 10:11:28,728 - INFO - ✅ artist: Мавтей
2026-01-15 10:11:28,733 - INFO - ✅ cover: https://media.zvonkodigital.ru/api/cover/100/33846721/
2026-01-15 10:11:28,747 - INFO - ✅ upc: 5016122263105
2026-01-15 10:11:28,752 - INFO - ✅ label: ROSSEL 66
2026-01-15 10:11:28,757 - INFO - ✅ date: 2025-11-01
2026-01-15 10:11:28,773 - INFO - ✅ territories: Все страны
2026-01-15 10:11:28,778 - INFO - ✅ platforms: 50
2026-01-15 10:11:28,783 - INFO - ✅ genre: Hip Hop/Rap
2026-01-15 10:11:28,789 - INFO - ✅ Данные релиза #31 успешно извлечены
2026-01-15 10:11:28,789 - INFO - 
🔍 Парсинг релиза #32 (страница #2, позиция #12)...
2026-01-15 10:11:28,791 - INFO - 🔍 Извлечение данных из релиза #32...
2026-01-15 10:11:28,798 - INFO - 📝 Текст релиза: Power
ГУМАНОИД
UPC
5016122258439
Название лейбла
ROSSEL 66
Дата создания
2025-11-01
Дата релиза
2024-12-13
Дата старта
2024-12-13
Территории
Все страны
Площадки
50
Жанр
Hip Hop/Rap
Трек-лист...
2026-01-15 10:11:28,806 - INFO - ✅ title: Power
2026-01-15 10:11:28,808 - INFO - ✅ artist: ГУМАНОИД
2026-01-15 10:11:28,813 - INFO - ✅ cover: https://media.zvonkodigital.ru/api/cover/100/33846696/
2026-01-15 10:11:28,827 - INFO - ✅ upc: 5016122258439
2026-01-15 10:11:28,833 - INFO - ✅ label: ROSSEL 66
2026-01-15 10:11:28,838 - INFO - ✅ date: 2025-11-01
2026-01-15 10:11:28,854 - INFO - ✅ territories: Все страны
2026-01-15 10:11:28,860 - INFO - ✅ platforms: 50
2026-01-15 10:11:28,866 - INFO - ✅ genre: Hip Hop/Rap
2026-01-15 10:11:28,872 - INFO - ✅ Данные релиза #32 успешно извлечены
2026-01-15 10:11:28,872 - INFO - 
🔍 Парсинг релиза #33 (страница #2, позиция #13)...
2026-01-15 10:11:28,874 - INFO - 🔍 Извлечение данных из релиза #33...
2026-01-15 10:11:28,881 - INFO - 📝 Текст релиза: Scarecrow
SHWTY
UPC
5016122256763
Название лейбла
ROSSEL 66
Дата создания
2025-10-31
Дата релиза
2024-12-13
Дата старта
2024-12-13
Территории
Все страны
Площадки
50
Жанр
Hip Hop/Rap
Трек-лист...
2026-01-15 10:11:28,889 - INFO - ✅ title: Scarecrow
2026-01-15 10:11:28,892 - INFO - ✅ artist: SHWTY
2026-01-15 10:11:28,897 - INFO - ✅ cover: https://media.zvonkodigital.ru/api/cover/100/33840021/
2026-01-15 10:11:28,911 - INFO - ✅ upc: 5016122256763
2026-01-15 10:11:28,916 - INFO - ✅ label: ROSSEL 66
2026-01-15 10:11:28,921 - INFO - ✅ date: 2025-10-31
2026-01-15 10:11:28,936 - INFO - ✅ territories: Все страны
2026-01-15 10:11:28,942 - INFO - ✅ platforms: 50
2026-01-15 10:11:28,947 - INFO - ✅ genre: Hip Hop/Rap
2026-01-15 10:11:28,952 - INFO - ✅ Данные релиза #33 успешно извлечены
2026-01-15 10:11:28,952 - INFO - 
🔍 Парсинг релиза #34 (страница #2, позиция #14)...
2026-01-15 10:11:28,955 - INFO - 🔍 Извлечение данных из релиза #34...
2026-01-15 10:11:28,962 - INFO - 📝 Текст релиза: пиздят
kvvitz
UPC
5016122256381
Название лейбла
ROSSEL 66
Дата создания
2025-10-31
Дата релиза
2024-12-13
Дата старта
2024-12-13
Территории
Все страны
Площадки
50
Жанр
Hip Hop/Rap
Трек-лист...
2026-01-15 10:11:28,970 - INFO - ✅ title: пиздят
2026-01-15 10:11:28,973 - INFO - ✅ artist: kvvitz
2026-01-15 10:11:28,977 - INFO - ✅ cover: https://media.zvonkodigital.ru/api/cover/100/33838672/
2026-01-15 10:11:28,991 - INFO - ✅ upc: 5016122256381
2026-01-15 10:11:28,997 - INFO - ✅ label: ROSSEL 66
2026-01-15 10:11:29,002 - INFO - ✅ date: 2025-10-31
2026-01-15 10:11:29,018 - INFO - ✅ territories: Все страны
2026-01-15 10:11:29,023 - INFO - ✅ platforms: 50
2026-01-15 10:11:29,028 - INFO - ✅ genre: Hip Hop/Rap
2026-01-15 10:11:29,034 - INFO - ✅ Данные релиза #34 успешно извлечены
2026-01-15 10:11:29,034 - INFO - 
🔍 Парсинг релиза #35 (страница #2, позиция #15)...
2026-01-15 10:11:29,037 - INFO - 🔍 Извлечение данных из релиза #35...
2026-01-15 10:11:29,043 - INFO - 📝 Текст релиза: GiveMeDope
GIVEMEDOPE
UPC
5016122273043
Название лейбла
ROSSEL 66
Дата создания
2025-10-31
Дата релиза
2025-01-10
Дата старта
2025-01-10
Территории
Все страны
Площадки
50
Жанр
Hip Hop/Rap
Трек-лист...
2026-01-15 10:11:29,051 - INFO - ✅ title: GiveMeDope
2026-01-15 10:11:29,054 - INFO - ✅ artist: GIVEMEDOPE
2026-01-15 10:11:29,059 - INFO - ✅ cover: https://media.zvonkodigital.ru/api/cover/100/33838626/
2026-01-15 10:11:29,072 - INFO - ✅ upc: 5016122273043
2026-01-15 10:11:29,078 - INFO - ✅ label: ROSSEL 66
2026-01-15 10:11:29,083 - INFO - ✅ date: 2025-10-31
2026-01-15 10:11:29,099 - INFO - ✅ territories: Все страны
2026-01-15 10:11:29,104 - INFO - ✅ platforms: 50
2026-01-15 10:11:29,109 - INFO - ✅ genre: Hip Hop/Rap
2026-01-15 10:11:29,115 - INFO - ✅ Данные релиза #35 успешно извлечены
2026-01-15 10:11:29,115 - INFO - 
🔍 Парсинг релиза #36 (страница #2, позиция #16)...
2026-01-15 10:11:29,118 - INFO - 🔍 Извлечение данных из релиза #36...
2026-01-15 10:11:29,124 - INFO - 📝 Текст релиза: Save Me
coldn1ght, ВАЙНОТ
UPC
5016122255742
Название лейбла
ROSSEL 66
Дата создания
2025-10-29
Дата релиза
2024-12-20
Дата старта
2024-12-20
Территории
Все страны
Площадки
50
Жанр
Electronic
Трек-лист...
2026-01-15 10:11:29,132 - INFO - ✅ title: Save Me
2026-01-15 10:11:29,135 - INFO - ✅ artist: coldn1ght, ВАЙНОТ
2026-01-15 10:11:29,139 - INFO - ✅ cover: https://media.zvonkodigital.ru/api/cover/100/33797912/
2026-01-15 10:11:29,154 - INFO - ✅ upc: 5016122255742
2026-01-15 10:11:29,160 - INFO - ✅ label: ROSSEL 66
2026-01-15 10:11:29,165 - INFO - ✅ date: 2025-10-29
2026-01-15 10:11:29,181 - INFO - ✅ territories: Все страны
2026-01-15 10:11:29,187 - INFO - ✅ platforms: 50
2026-01-15 10:11:29,192 - INFO - ✅ genre: Electronic
2026-01-15 10:11:29,197 - INFO - ✅ Данные релиза #36 успешно извлечены
2026-01-15 10:11:29,197 - INFO - 
🔍 Парсинг релиза #37 (страница #2, позиция #17)...
2026-01-15 10:11:29,200 - INFO - 🔍 Извлечение данных из релиза #37...
2026-01-15 10:11:29,206 - INFO - 📝 Текст релиза: Четырка занижена
Kolya Pravda
UPC
5016122249956
Название лейбла
ROSSEL 66
Дата создания
2025-10-29
Дата релиза
2024-11-29
Дата старта
2024-11-29
Территории
Все страны
Площадки
50
Жанр
Hip Hop/Rap
Трек...
2026-01-15 10:11:29,214 - INFO - ✅ title: Четырка занижена
2026-01-15 10:11:29,217 - INFO - ✅ artist: Kolya Pravda
2026-01-15 10:11:29,222 - INFO - ✅ cover: https://media.zvonkodigital.ru/api/cover/100/33797903/
2026-01-15 10:11:29,236 - INFO - ✅ upc: 5016122249956
2026-01-15 10:11:29,241 - INFO - ✅ label: ROSSEL 66
2026-01-15 10:11:29,247 - INFO - ✅ date: 2025-10-29
2026-01-15 10:11:29,263 - INFO - ✅ territories: Все страны
2026-01-15 10:11:29,269 - INFO - ✅ platforms: 50
2026-01-15 10:11:29,274 - INFO - ✅ genre: Hip Hop/Rap
2026-01-15 10:11:29,279 - INFO - ✅ Данные релиза #37 успешно извлечены
2026-01-15 10:11:29,279 - INFO - 
🔍 Парсинг релиза #38 (страница #2, позиция #18)...
2026-01-15 10:11:29,281 - INFO - 🔍 Извлечение данных из релиза #38...
2026-01-15 10:11:29,288 - INFO - 📝 Текст релиза: BOTU A BUCETA
0XR
UPC
5063833265546
Название лейбла
ROSSEL 66
Дата создания
2025-10-08
Дата релиза
2025-10-17
Дата старта
2025-10-17
Территории
Все страны
Площадки
50
Жанр
Phonk/Fonk
Трек-лист...
2026-01-15 10:11:29,295 - INFO - ✅ title: BOTU A BUCETA
2026-01-15 10:11:29,298 - INFO - ✅ artist: 0XR
2026-01-15 10:11:29,303 - INFO - ✅ cover: https://media.zvonkodigital.ru/api/cover/100/33373354/
2026-01-15 10:11:29,316 - INFO - ✅ upc: 5063833265546
2026-01-15 10:11:29,322 - INFO - ✅ label: ROSSEL 66
2026-01-15 10:11:29,327 - INFO - ✅ date: 2025-10-08
2026-01-15 10:11:29,343 - INFO - ✅ territories: Все страны
2026-01-15 10:11:29,348 - INFO - ✅ platforms: 50
2026-01-15 10:11:29,353 - INFO - ✅ genre: Phonk/Fonk
2026-01-15 10:11:29,358 - INFO - ✅ Данные релиза #38 успешно извлечены
2026-01-15 10:11:29,359 - INFO - 
🔍 Парсинг релиза #39 (страница #2, позиция #19)...
2026-01-15 10:11:29,361 - INFO - 🔍 Извлечение данных из релиза #39...
2026-01-15 10:11:29,368 - INFO - 📝 Текст релиза: Завтра
stemstyl
UPC
5063833247450
Название лейбла
ROSSEL 66
Дата создания
2025-10-06
Дата релиза
2025-10-10
Дата старта
2025-10-10
Территории
Все страны
Площадки
50
Жанр
Hip Hop/Rap
Трек-лист...
2026-01-15 10:11:29,376 - INFO - ✅ title: Завтра
2026-01-15 10:11:29,378 - INFO - ✅ artist: stemstyl
2026-01-15 10:11:29,383 - INFO - ✅ cover: https://media.zvonkodigital.ru/api/cover/100/33283358/
2026-01-15 10:11:29,397 - INFO - ✅ upc: 5063833247450
2026-01-15 10:11:29,402 - INFO - ✅ label: ROSSEL 66
2026-01-15 10:11:29,408 - INFO - ✅ date: 2025-10-06
2026-01-15 10:11:29,424 - INFO - ✅ territories: Все страны
2026-01-15 10:11:29,429 - INFO - ✅ platforms: 50
2026-01-15 10:11:29,434 - INFO - ✅ genre: Hip Hop/Rap
2026-01-15 10:11:29,439 - INFO - ✅ Данные релиза #39 успешно извлечены
2026-01-15 10:11:29,439 - INFO - 
🔍 Парсинг релиза #40 (страница #2, позиция #20)...
2026-01-15 10:11:29,442 - INFO - 🔍 Извлечение данных из релиза #40...
2026-01-15 10:11:29,449 - INFO - 📝 Текст релиза: DanMachi
yaroshi, drugdamage
UPC
5063833228824
Название лейбла
ROSSEL 66
Дата создания
2025-09-30
Дата релиза
2025-10-10
Дата старта
2025-10-10
Территории
Все страны
Площадки
50
Жанр
Hip Hop/Rap
Трек-...
2026-01-15 10:11:29,457 - INFO - ✅ title: DanMachi
2026-01-15 10:11:29,459 - INFO - ✅ artist: yaroshi, drugdamage
2026-01-15 10:11:29,464 - INFO - ✅ cover: https://media.zvonkodigital.ru/api/cover/100/33224589/
2026-01-15 10:11:29,477 - INFO - ✅ upc: 5063833228824
2026-01-15 10:11:29,482 - INFO - ✅ label: ROSSEL 66
2026-01-15 10:11:29,487 - INFO - ✅ date: 2025-09-30
2026-01-15 10:11:29,503 - INFO - ✅ territories: Все страны
2026-01-15 10:11:29,508 - INFO - ✅ platforms: 50
2026-01-15 10:11:29,514 - INFO - ✅ genre: Hip Hop/Rap
2026-01-15 10:11:29,519 - INFO - ✅ Данные релиза #40 успешно извлечены
2026-01-15 10:11:29,519 - INFO - ✅ Страница #2 завершена! Обработано 20 релизов
2026-01-15 10:11:29,523 - INFO - 🖱️ Переход к предыдущей странице...
2026-01-15 10:11:32,547 - INFO - 
📄 Обработка страницы #3...
2026-01-15 10:11:32,547 - INFO - 🔍 Парсинг страницы #3...
2026-01-15 10:11:39,588 - INFO - 📊 На странице #3 найдено 20 релизов по селектору: div.css-1xgpa60
2026-01-15 10:11:39,588 - INFO - 
🔍 Парсинг релиза #41 (страница #3, позиция #1)...
2026-01-15 10:11:39,594 - INFO - 🔍 Извлечение данных из релиза #41...
2026-01-15 10:11:39,605 - INFO - 📝 Текст релиза: Pirates
SHWTY
UPC
5063833226363
Название лейбла
ROSSEL 66
Дата создания
2025-09-30
Дата релиза
2025-10-03
Дата старта
2025-10-03
Территории
Все страны
Площадки
50
Жанр
Hip Hop/Rap
Трек-лист...
2026-01-15 10:11:39,616 - INFO - ✅ title: Pirates
2026-01-15 10:11:39,619 - INFO - ✅ artist: SHWTY
2026-01-15 10:11:39,625 - INFO - ✅ cover: https://media.zvonkodigital.ru/api/cover/100/33217429/
2026-01-15 10:11:39,640 - INFO - ✅ upc: 5063833226363
2026-01-15 10:11:39,646 - INFO - ✅ label: ROSSEL 66
2026-01-15 10:11:39,651 - INFO - ✅ date: 2025-09-30
2026-01-15 10:11:39,667 - INFO - ✅ territories: Все страны
2026-01-15 10:11:39,672 - INFO - ✅ platforms: 50
2026-01-15 10:11:39,678 - INFO - ✅ genre: Hip Hop/Rap
2026-01-15 10:11:39,683 - INFO - ✅ Данные релиза #41 успешно извлечены
2026-01-15 10:11:39,683 - INFO - 
🔍 Парсинг релиза #42 (страница #3, позиция #2)...
2026-01-15 10:11:39,686 - INFO - 🔍 Извлечение данных из релиза #42...
2026-01-15 10:11:39,693 - INFO - 📝 Текст релиза: Завтра рассвет
ЭНТЕNДАНS
UPC
5063170462400
Название лейбла
ROSSEL 66
Дата создания
2025-09-26
Дата релиза
2022-11-14
Дата старта
2022-11-14
Территории
Все страны
Площадки
3
Жанр
Indie Pop
Трек-лист...
2026-01-15 10:11:39,701 - INFO - ✅ title: Завтра рассвет
2026-01-15 10:11:39,704 - INFO - ✅ artist: ЭНТЕNДАНS
2026-01-15 10:11:39,708 - INFO - ✅ cover: https://media.zvonkodigital.ru/api/cover/100/33168884/
2026-01-15 10:11:39,722 - INFO - ✅ upc: 5063170462400
2026-01-15 10:11:39,728 - INFO - ✅ label: ROSSEL 66
2026-01-15 10:11:39,733 - INFO - ✅ date: 2025-09-26
2026-01-15 10:11:39,749 - INFO - ✅ territories: Все страны
2026-01-15 10:11:39,765 - INFO - ✅ Данные релиза #42 успешно извлечены
2026-01-15 10:11:39,765 - INFO - 
🔍 Парсинг релиза #43 (страница #3, позиция #3)...
2026-01-15 10:11:39,767 - INFO - 🔍 Извлечение данных из релиза #43...
2026-01-15 10:11:39,774 - INFO - 📝 Текст релиза: На рельсах метро
ЭНТЕNДАНS
UPC
5063245341395
Название лейбла
ROSSEL 66
Дата создания
2025-09-26
Дата релиза
2023-04-09
Дата старта
2023-04-09
Территории
Все страны
Площадки
3
Жанр
Indie Pop
Трек-лист...
2026-01-15 10:11:39,781 - INFO - ✅ title: На рельсах метро
2026-01-15 10:11:39,784 - INFO - ✅ artist: ЭНТЕNДАНS
2026-01-15 10:11:39,788 - INFO - ✅ cover: https://media.zvonkodigital.ru/api/cover/100/33168869/
2026-01-15 10:11:39,807 - INFO - ✅ upc: 5063245341395
2026-01-15 10:11:39,813 - INFO - ✅ label: ROSSEL 66
2026-01-15 10:11:39,818 - INFO - ✅ date: 2025-09-26
2026-01-15 10:11:39,833 - INFO - ✅ territories: Все страны
2026-01-15 10:11:39,849 - INFO - ✅ Данные релиза #43 успешно извлечены
2026-01-15 10:11:39,849 - INFO - 
🔍 Парсинг релиза #44 (страница #3, позиция #4)...
2026-01-15 10:11:39,852 - INFO - 🔍 Извлечение данных из релиза #44...
2026-01-15 10:11:39,858 - INFO - 📝 Текст релиза: В отражении серых глаз
ЭНТЕNДАНS
UPC
5063170951867
Название лейбла
ROSSEL 66
Дата создания
2025-09-25
Дата релиза
2022-08-23
Дата старта
2022-08-23
Территории
Все страны
Площадки
3
Жанр
Indie Pop
Трек...
2026-01-15 10:11:39,874 - INFO - ✅ title: В отражении серых глаз
2026-01-15 10:11:39,881 - INFO - ✅ artist: ЭНТЕNДАНS
2026-01-15 10:11:39,893 - INFO - ✅ cover: https://media.zvonkodigital.ru/api/cover/100/33156937/
2026-01-15 10:11:39,912 - INFO - ✅ upc: 5063170951867
2026-01-15 10:11:39,917 - INFO - ✅ label: ROSSEL 66
2026-01-15 10:11:39,922 - INFO - ✅ date: 2025-09-25
2026-01-15 10:11:39,937 - INFO - ✅ territories: Все страны
2026-01-15 10:11:39,953 - INFO - ✅ Данные релиза #44 успешно извлечены
2026-01-15 10:11:39,953 - INFO - 
🔍 Парсинг релиза #45 (страница #3, позиция #5)...
2026-01-15 10:11:39,956 - INFO - 🔍 Извлечение данных из релиза #45...
2026-01-15 10:11:39,962 - INFO - 📝 Текст релиза: Огоньки
ЭНТЕNДАНS
UPC
5063454615522
Название лейбла
ROSSEL 66
Дата создания
2025-09-25
Дата релиза
2024-02-29
Дата старта
2024-02-29
Территории
Все страны
Площадки
3
Жанр
Indie Pop
Трек-лист...
2026-01-15 10:11:39,970 - INFO - ✅ title: Огоньки
2026-01-15 10:11:39,973 - INFO - ✅ artist: ЭНТЕNДАНS
2026-01-15 10:11:39,977 - INFO - ✅ cover: https://media.zvonkodigital.ru/api/cover/100/33156918/
2026-01-15 10:11:39,991 - INFO - ✅ upc: 5063454615522
2026-01-15 10:11:39,996 - INFO - ✅ label: ROSSEL 66
2026-01-15 10:11:40,002 - INFO - ✅ date: 2025-09-25
2026-01-15 10:11:40,018 - INFO - ✅ territories: Все страны
2026-01-15 10:11:40,033 - INFO - ✅ Данные релиза #45 успешно извлечены
2026-01-15 10:11:40,034 - INFO - 
🔍 Парсинг релиза #46 (страница #3, позиция #6)...
2026-01-15 10:11:40,036 - INFO - 🔍 Извлечение данных из релиза #46...
2026-01-15 10:11:40,043 - INFO - 📝 Текст релиза: НАСВАЙЧИК
ripznxx, Hxmix
UPC
5063833190046
Название лейбла
ROSSEL 66
Дата создания
2025-09-23
Дата релиза
2025-09-26
Дата старта
2025-09-26
Территории
Все страны
Площадки
50
Жанр
Hip Hop/Rap
Трек-лист...
2026-01-15 10:11:40,051 - INFO - ✅ title: НАСВАЙЧИК
2026-01-15 10:11:40,054 - INFO - ✅ artist: ripznxx, Hxmix
2026-01-15 10:11:40,058 - INFO - ✅ cover: https://media.zvonkodigital.ru/api/cover/100/33124178/
2026-01-15 10:11:40,072 - INFO - ✅ upc: 5063833190046
2026-01-15 10:11:40,077 - INFO - ✅ label: ROSSEL 66
2026-01-15 10:11:40,082 - INFO - ✅ date: 2025-09-23
2026-01-15 10:11:40,098 - INFO - ✅ territories: Все страны
2026-01-15 10:11:40,108 - INFO - ✅ platforms: 50
2026-01-15 10:11:40,114 - INFO - ✅ genre: Hip Hop/Rap
2026-01-15 10:11:40,120 - INFO - ✅ Данные релиза #46 успешно извлечены
2026-01-15 10:11:40,120 - INFO - 
🔍 Парсинг релиза #47 (страница #3, позиция #7)...
2026-01-15 10:11:40,122 - INFO - 🔍 Извлечение данных из релиза #47...
2026-01-15 10:11:40,129 - INFO - 📝 Текст релиза: МУЗЫКА ДЛЯ СЕКСА 2005
BULOVACH, SHELOVESME
UPC
5063833133180
Название лейбла
ROSSEL 66
Дата создания
2025-09-09
Дата релиза
2025-09-26
Дата старта
2025-09-26
Территории
Все страны
Площадки
49
Жанр
Hip...
2026-01-15 10:11:40,137 - INFO - ✅ title: МУЗЫКА ДЛЯ СЕКСА 2005
2026-01-15 10:11:40,139 - INFO - ✅ artist: BULOVACH, SHELOVESME
2026-01-15 10:11:40,144 - INFO - ✅ cover: https://media.zvonkodigital.ru/api/cover/100/32896848/
2026-01-15 10:11:40,158 - INFO - ✅ upc: 5063833133180
2026-01-15 10:11:40,163 - INFO - ✅ label: ROSSEL 66
2026-01-15 10:11:40,169 - INFO - ✅ date: 2025-09-09
2026-01-15 10:11:40,185 - INFO - ✅ territories: Все страны
2026-01-15 10:11:40,191 - INFO - ✅ platforms: 49
2026-01-15 10:11:40,197 - INFO - ✅ genre: Hip Hop/Rap
2026-01-15 10:11:40,203 - INFO - ✅ Данные релиза #47 успешно извлечены
2026-01-15 10:11:40,203 - INFO - 
🔍 Парсинг релиза #48 (страница #3, позиция #8)...
2026-01-15 10:11:40,205 - INFO - 🔍 Извлечение данных из релиза #48...
2026-01-15 10:11:40,213 - INFO - 📝 Текст релиза: WindowED
stukioo
UPC
5016122279892
Название лейбла
ROSSEL 66
Дата создания
2025-09-08
Дата релиза
2025-01-10
Дата старта
2025-01-10
Территории
Все страны
Площадки
50
Жанр
Phonk/Fonk
Трек-лист...
2026-01-15 10:11:40,221 - INFO - ✅ title: WindowED
2026-01-15 10:11:40,223 - INFO - ✅ artist: stukioo
2026-01-15 10:11:40,228 - INFO - ✅ cover: https://media.zvonkodigital.ru/api/cover/100/32870342/
2026-01-15 10:11:40,241 - INFO - ✅ upc: 5016122279892
2026-01-15 10:11:40,247 - INFO - ✅ label: ROSSEL 66
2026-01-15 10:11:40,252 - INFO - ✅ date: 2025-09-08
2026-01-15 10:11:40,268 - INFO - ✅ territories: Все страны
2026-01-15 10:11:40,273 - INFO - ✅ platforms: 50
2026-01-15 10:11:40,278 - INFO - ✅ genre: Phonk/Fonk
2026-01-15 10:11:40,284 - INFO - ✅ Данные релиза #48 успешно извлечены
2026-01-15 10:11:40,284 - INFO - 
🔍 Парсинг релиза #49 (страница #3, позиция #9)...
2026-01-15 10:11:40,286 - INFO - 🔍 Извлечение данных из релиза #49...
2026-01-15 10:11:40,293 - INFO - 📝 Текст релиза: Венок из одуванчиков
ЭНТЕNДАНS
UPC
3617399906324
Название лейбла
ROSSEL 66
Дата создания
2025-09-02
Дата релиза
2025-08-31
Дата старта
2025-08-31
Территории
Все страны
Площадки
3
Жанр
Indie Rock
Трек-...
2026-01-15 10:11:40,300 - INFO - ✅ title: Венок из одуванчиков
2026-01-15 10:11:40,303 - INFO - ✅ artist: ЭНТЕNДАНS
2026-01-15 10:11:40,308 - INFO - ✅ cover: https://media.zvonkodigital.ru/api/cover/100/32801667/
2026-01-15 10:11:40,322 - INFO - ✅ upc: 3617399906324
2026-01-15 10:11:40,327 - INFO - ✅ label: ROSSEL 66
2026-01-15 10:11:40,332 - INFO - ✅ date: 2025-09-02
2026-01-15 10:11:40,348 - INFO - ✅ territories: Все страны
2026-01-15 10:11:40,364 - INFO - ✅ Данные релиза #49 успешно извлечены
2026-01-15 10:11:40,364 - INFO - 
🔍 Парсинг релиза #50 (страница #3, позиция #10)...
2026-01-15 10:11:40,367 - INFO - 🔍 Извлечение данных из релиза #50...
2026-01-15 10:11:40,373 - INFO - 📝 Текст релиза: BURNING RESULT
GPMONTANA
UPC
5063833004442
Название лейбла
ROSSEL 66
Дата создания
2025-08-07
Дата релиза
2025-08-08
Дата старта
2025-08-08
Территории
Все страны
Площадки
50
Жанр
Hip Hop/Rap
Трек-лист...
2026-01-15 10:11:40,381 - INFO - ✅ title: BURNING RESULT
2026-01-15 10:11:40,383 - INFO - ✅ artist: GPMONTANA
2026-01-15 10:11:40,388 - INFO - ✅ cover: https://media.zvonkodigital.ru/api/cover/100/32333390/
2026-01-15 10:11:40,402 - INFO - ✅ upc: 5063833004442
2026-01-15 10:11:40,407 - INFO - ✅ label: ROSSEL 66
2026-01-15 10:11:40,412 - INFO - ✅ date: 2025-08-07
2026-01-15 10:11:40,429 - INFO - ✅ territories: Все страны
2026-01-15 10:11:40,434 - INFO - ✅ platforms: 50
2026-01-15 10:11:40,439 - INFO - ✅ genre: Hip Hop/Rap
2026-01-15 10:11:40,445 - INFO - ✅ Данные релиза #50 успешно извлечены
2026-01-15 10:11:40,445 - INFO - 
🔍 Парсинг релиза #51 (страница #3, позиция #11)...
2026-01-15 10:11:40,448 - INFO - 🔍 Извлечение данных из релиза #51...
2026-01-15 10:11:40,454 - INFO - 📝 Текст релиза: Новогодний движ
School Gang
UPC
5063635993678
Название лейбла
ROSSEL 66
Дата создания
2025-08-05
Дата релиза
2019-12-31
Дата старта
2025-07-28
Территории
Все страны
Площадки
50
Жанр
Pop
Трек-лист...
2026-01-15 10:11:40,469 - INFO - ✅ title: Новогодний движ
2026-01-15 10:11:40,473 - INFO - ✅ artist: School Gang
2026-01-15 10:11:40,477 - INFO - ✅ cover: https://media.zvonkodigital.ru/api/cover/100/32292971/
2026-01-15 10:11:40,491 - INFO - ✅ upc: 5063635993678
2026-01-15 10:11:40,497 - INFO - ✅ label: ROSSEL 66
2026-01-15 10:11:40,502 - INFO - ✅ date: 2025-08-05
2026-01-15 10:11:40,518 - INFO - ✅ territories: Все страны
2026-01-15 10:11:40,523 - INFO - ✅ platforms: 50
2026-01-15 10:11:40,529 - INFO - ✅ genre: Pop
2026-01-15 10:11:40,534 - INFO - ✅ Данные релиза #51 успешно извлечены
2026-01-15 10:11:40,534 - INFO - 
🔍 Парсинг релиза #52 (страница #3, позиция #12)...
2026-01-15 10:11:40,537 - INFO - 🔍 Извлечение данных из релиза #52...
2026-01-15 10:11:40,543 - INFO - 📝 Текст релиза: wayback machine
aboygreenbeatz
UPC
5059074701097
Название лейбла
ROSSEL 66
Дата создания
2025-08-05
Дата релиза
2019-08-24
Дата старта
2025-07-28
Территории
Все страны
Площадки
50
Жанр
Electronic
Трек...
2026-01-15 10:11:40,551 - INFO - ✅ title: wayback machine
2026-01-15 10:11:40,554 - INFO - ✅ artist: aboygreenbeatz
2026-01-15 10:11:40,558 - INFO - ✅ cover: https://media.zvonkodigital.ru/api/cover/100/32289186/
2026-01-15 10:11:40,572 - INFO - ✅ upc: 5059074701097
2026-01-15 10:11:40,577 - INFO - ✅ label: ROSSEL 66
2026-01-15 10:11:40,583 - INFO - ✅ date: 2025-08-05
2026-01-15 10:11:40,599 - INFO - ✅ territories: Все страны
2026-01-15 10:11:40,605 - INFO - ✅ platforms: 50
2026-01-15 10:11:40,611 - INFO - ✅ genre: Electronic
2026-01-15 10:11:40,617 - INFO - ✅ Данные релиза #52 успешно извлечены
2026-01-15 10:11:40,617 - INFO - 
🔍 Парсинг релиза #53 (страница #3, позиция #13)...
2026-01-15 10:11:40,619 - INFO - 🔍 Извлечение данных из релиза #53...
2026-01-15 10:11:40,626 - INFO - 📝 Текст релиза: черно-белый реверанс
эбойгрин
UPC
5059487220161
Название лейбла
ROSSEL 66
Дата создания
2025-07-30
Дата релиза
2020-02-03
Дата старта
2025-07-28
Территории
Все страны
Площадки
50
Жанр
Pop
Трек-лист...
2026-01-15 10:11:40,634 - INFO - ✅ title: черно-белый реверанс
2026-01-15 10:11:40,637 - INFO - ✅ artist: эбойгрин
2026-01-15 10:11:40,641 - INFO - ✅ cover: https://media.zvonkodigital.ru/api/cover/100/32197935/
2026-01-15 10:11:40,655 - INFO - ✅ upc: 5059487220161
2026-01-15 10:11:40,660 - INFO - ✅ label: ROSSEL 66
2026-01-15 10:11:40,666 - INFO - ✅ date: 2025-07-30
2026-01-15 10:11:40,682 - INFO - ✅ territories: Все страны
2026-01-15 10:11:40,687 - INFO - ✅ platforms: 50
2026-01-15 10:11:40,692 - INFO - ✅ genre: Pop
2026-01-15 10:11:40,698 - INFO - ✅ Данные релиза #53 успешно извлечены
2026-01-15 10:11:40,698 - INFO - 
🔍 Парсинг релиза #54 (страница #3, позиция #14)...
2026-01-15 10:11:40,700 - INFO - 🔍 Извлечение данных из релиза #54...
2026-01-15 10:11:40,707 - INFO - 📝 Текст релиза: LAST
TXYK
UPC
5063635967006
Название лейбла
ROSSEL 66
Дата создания
2025-07-29
Дата релиза
2025-08-01
Дата старта
2025-08-01
Территории
Все страны
Площадки
50
Жанр
Phonk/Fonk
Трек-лист...
2026-01-15 10:11:40,715 - INFO - ✅ title: LAST
2026-01-15 10:11:40,717 - INFO - ✅ artist: TXYK
2026-01-15 10:11:40,722 - INFO - ✅ cover: https://media.zvonkodigital.ru/api/cover/100/32170444/
2026-01-15 10:11:40,735 - INFO - ✅ upc: 5063635967006
2026-01-15 10:11:40,740 - INFO - ✅ label: ROSSEL 66
2026-01-15 10:11:40,745 - INFO - ✅ date: 2025-07-29
2026-01-15 10:11:40,761 - INFO - ✅ territories: Все страны
2026-01-15 10:11:40,766 - INFO - ✅ platforms: 50
2026-01-15 10:11:40,772 - INFO - ✅ genre: Phonk/Fonk
2026-01-15 10:11:40,778 - INFO - ✅ Данные релиза #54 успешно извлечены
2026-01-15 10:11:40,778 - INFO - 
🔍 Парсинг релиза #55 (страница #3, позиция #15)...
2026-01-15 10:11:40,780 - INFO - 🔍 Извлечение данных из релиза #55...
2026-01-15 10:11:40,789 - INFO - 📝 Текст релиза: 404
BULOVACH
UPC
5063635966931
Название лейбла
ROSSEL 66
Дата создания
2025-07-29
Дата релиза
2025-08-01
Дата старта
2025-08-01
Территории
Все страны
Площадки
50
Жанр
Hip-Hop
Трек-лист...
2026-01-15 10:11:40,802 - INFO - ✅ title: 404
2026-01-15 10:11:40,805 - INFO - ✅ artist: BULOVACH
2026-01-15 10:11:40,810 - INFO - ✅ cover: https://media.zvonkodigital.ru/api/cover/100/32170222/
2026-01-15 10:11:40,816 - INFO - ✅ platforms: 404
2026-01-15 10:11:40,824 - INFO - ✅ upc: 5063635966931
2026-01-15 10:11:40,830 - INFO - ✅ label: ROSSEL 66
2026-01-15 10:11:40,835 - INFO - ✅ date: 2025-07-29
2026-01-15 10:11:40,850 - INFO - ✅ territories: Все страны
2026-01-15 10:11:40,866 - INFO - ✅ Данные релиза #55 успешно извлечены
2026-01-15 10:11:40,866 - INFO - 
🔍 Парсинг релиза #56 (страница #3, позиция #16)...
2026-01-15 10:11:40,869 - INFO - 🔍 Извлечение данных из релиза #56...
2026-01-15 10:11:40,875 - INFO - 📝 Текст релиза: история болезни (part. 2)
эбойгрин
UPC
4039967114389
Название лейбла
ROSSEL 66
Дата создания
2025-07-29
Дата релиза
2021-08-17
Дата старта
2025-07-29
Территории
Все страны
Площадки
6
Жанр
Pop
Трек-лис...
2026-01-15 10:11:40,883 - INFO - ✅ title: история болезни (part. 2)
2026-01-15 10:11:40,886 - INFO - ✅ artist: эбойгрин
2026-01-15 10:11:40,890 - INFO - ✅ cover: https://media.zvonkodigital.ru/api/cover/100/32157557/
2026-01-15 10:11:40,904 - INFO - ✅ upc: 4039967114389
2026-01-15 10:11:40,909 - INFO - ✅ label: ROSSEL 66
2026-01-15 10:11:40,915 - INFO - ✅ date: 2025-07-29
2026-01-15 10:11:40,930 - INFO - ✅ territories: Все страны
2026-01-15 10:11:40,940 - INFO - ✅ genre: Pop
2026-01-15 10:11:40,946 - INFO - ✅ Данные релиза #56 успешно извлечены
2026-01-15 10:11:40,946 - INFO - 
🔍 Парсинг релиза #57 (страница #3, позиция #17)...
2026-01-15 10:11:40,949 - INFO - 🔍 Извлечение данных из релиза #57...
2026-01-15 10:11:40,955 - INFO - 📝 Текст релиза: fly
kvvitz
UPC
5063635905596
Название лейбла
ROSSEL 66
Дата создания
2025-07-14
Дата релиза
2025-07-18
Дата старта
2025-07-18
Территории
Все страны
Площадки
50
Жанр
Hip Hop/Rap
Трек-лист...
2026-01-15 10:11:40,963 - INFO - ✅ title: fly
2026-01-15 10:11:40,966 - INFO - ✅ artist: kvvitz
2026-01-15 10:11:40,970 - INFO - ✅ cover: https://media.zvonkodigital.ru/api/cover/100/31961417/
2026-01-15 10:11:40,984 - INFO - ✅ upc: 5063635905596
2026-01-15 10:11:40,989 - INFO - ✅ label: ROSSEL 66
2026-01-15 10:11:40,995 - INFO - ✅ date: 2025-07-14
2026-01-15 10:11:41,011 - INFO - ✅ territories: Все страны
2026-01-15 10:11:41,016 - INFO - ✅ platforms: 50
2026-01-15 10:11:41,021 - INFO - ✅ genre: Hip Hop/Rap
2026-01-15 10:11:41,026 - INFO - ✅ Данные релиза #57 успешно извлечены
2026-01-15 10:11:41,026 - INFO - 
🔍 Парсинг релиза #58 (страница #3, позиция #18)...
2026-01-15 10:11:41,029 - INFO - 🔍 Извлечение данных из релиза #58...
2026-01-15 10:11:41,036 - INFO - 📝 Текст релиза: SOUND MONSTER
NENEVESTA
UPC
5016122417195
Название лейбла
ROSSEL 66
Дата создания
2025-07-08
Дата релиза
2025-05-23
Дата старта
2025-05-23
Территории
Все страны
Площадки
50
Жанр
Hip Hop/Rap
Трек-лист...
2026-01-15 10:11:41,044 - INFO - ✅ title: SOUND MONSTER
2026-01-15 10:11:41,047 - INFO - ✅ artist: NENEVESTA
2026-01-15 10:11:41,051 - INFO - ✅ cover: https://media.zvonkodigital.ru/api/cover/100/31869801/
2026-01-15 10:11:41,065 - INFO - ✅ upc: 5016122417195
2026-01-15 10:11:41,070 - INFO - ✅ label: ROSSEL 66
2026-01-15 10:11:41,075 - INFO - ✅ date: 2025-07-08
2026-01-15 10:11:41,091 - INFO - ✅ territories: Все страны
2026-01-15 10:11:41,096 - INFO - ✅ platforms: 50
2026-01-15 10:11:41,101 - INFO - ✅ genre: Hip Hop/Rap
2026-01-15 10:11:41,107 - INFO - ✅ Данные релиза #58 успешно извлечены
2026-01-15 10:11:41,107 - INFO - 
🔍 Парсинг релиза #59 (страница #3, позиция #19)...
2026-01-15 10:11:41,109 - INFO - 🔍 Извлечение данных из релиза #59...
2026-01-15 10:11:41,116 - INFO - 📝 Текст релиза: load
nedodelok
UPC
5016122392843
Название лейбла
ROSSEL 66
Дата создания
2025-07-08
Дата релиза
2025-04-25
Дата старта
2025-04-25
Территории
Все страны
Площадки
50
Жанр
Hip Hop/Rap
Трек-лист...
2026-01-15 10:11:41,123 - INFO - ✅ title: load
2026-01-15 10:11:41,126 - INFO - ✅ artist: nedodelok
2026-01-15 10:11:41,131 - INFO - ✅ cover: https://media.zvonkodigital.ru/api/cover/100/31869623/
2026-01-15 10:11:41,144 - INFO - ✅ upc: 5016122392843
2026-01-15 10:11:41,150 - INFO - ✅ label: ROSSEL 66
2026-01-15 10:11:41,155 - INFO - ✅ date: 2025-07-08
2026-01-15 10:11:41,171 - INFO - ✅ territories: Все страны
2026-01-15 10:11:41,176 - INFO - ✅ platforms: 50
2026-01-15 10:11:41,182 - INFO - ✅ genre: Hip Hop/Rap
2026-01-15 10:11:41,187 - INFO - ✅ Данные релиза #59 успешно извлечены
2026-01-15 10:11:41,187 - INFO - 
🔍 Парсинг релиза #60 (страница #3, позиция #20)...
2026-01-15 10:11:41,189 - INFO - 🔍 Извлечение данных из релиза #60...
2026-01-15 10:11:41,196 - INFO - 📝 Текст релиза: i can't never let u go
PLVT
UPC
5016122265444
Название лейбла
ROSSEL 66
Дата создания
2025-07-08
Дата релиза
2024-12-13
Дата старта
2024-12-13
Территории
Все страны
Площадки
50
Жанр
Dance
Трек-лист...
2026-01-15 10:11:41,204 - INFO - ✅ title: i can't never let u go
2026-01-15 10:11:41,207 - INFO - ✅ artist: PLVT
2026-01-15 10:11:41,212 - INFO - ✅ cover: https://media.zvonkodigital.ru/api/cover/100/31868735/
2026-01-15 10:11:41,225 - INFO - ✅ upc: 5016122265444
2026-01-15 10:11:41,231 - INFO - ✅ label: ROSSEL 66
2026-01-15 10:11:41,242 - INFO - ✅ date: 2025-07-08
2026-01-15 10:11:41,258 - INFO - ✅ territories: Все страны
2026-01-15 10:11:41,264 - INFO - ✅ platforms: 50
2026-01-15 10:11:41,274 - INFO - ✅ Данные релиза #60 успешно извлечены
2026-01-15 10:11:41,274 - INFO - ✅ Страница #3 завершена! Обработано 20 релизов
2026-01-15 10:11:41,280 - INFO - 🖱️ Переход к предыдущей странице...
2026-01-15 10:11:44,308 - INFO - 
📄 Обработка страницы #4...
2026-01-15 10:11:44,308 - INFO - 🔍 Парсинг страницы #4...
2026-01-15 10:11:51,349 - INFO - 📊 На странице #4 найдено 20 релизов по селектору: div.css-1xgpa60
2026-01-15 10:11:51,349 - INFO - 
🔍 Парсинг релиза #61 (страница #4, позиция #1)...
2026-01-15 10:11:51,355 - INFO - 🔍 Извлечение данных из релиза #61...
2026-01-15 10:11:51,366 - INFO - 📝 Текст релиза: Нету вен prod. by skye & mywaybeatz
night moral
UPC
5016122269077
Название лейбла
ROSSEL 66
Дата создания
2025-07-08
Дата релиза
2024-12-27
Дата старта
2024-12-27
Территории
Все страны
Площадки
50
Жан...
2026-01-15 10:11:51,377 - INFO - ✅ title: Нету вен prod. by skye & mywaybeatz
2026-01-15 10:11:51,380 - INFO - ✅ artist: night moral
2026-01-15 10:11:51,385 - INFO - ✅ cover: https://media.zvonkodigital.ru/api/cover/100/31868727/
2026-01-15 10:11:51,403 - INFO - ✅ upc: 5016122269077
2026-01-15 10:11:51,409 - INFO - ✅ label: ROSSEL 66
2026-01-15 10:11:51,414 - INFO - ✅ date: 2025-07-08
2026-01-15 10:11:51,431 - INFO - ✅ territories: Все страны
2026-01-15 10:11:51,436 - INFO - ✅ platforms: 50
2026-01-15 10:11:51,441 - INFO - ✅ genre: Hip Hop/Rap
2026-01-15 10:11:51,447 - INFO - ✅ Данные релиза #61 успешно извлечены
2026-01-15 10:11:51,447 - INFO - 
🔍 Парсинг релиза #62 (страница #4, позиция #2)...
2026-01-15 10:11:51,449 - INFO - 🔍 Извлечение данных из релиза #62...
2026-01-15 10:11:51,456 - INFO - 📝 Текст релиза: Health P
Makishima
UPC
5016122283363
Название лейбла
ROSSEL 66
Дата создания
2025-07-08
Дата релиза
2025-01-24
Дата старта
2025-01-24
Территории
Все страны
Площадки
50
Жанр
Electronic
Трек-лист...
2026-01-15 10:11:51,464 - INFO - ✅ title: Health P
2026-01-15 10:11:51,467 - INFO - ✅ artist: Makishima
2026-01-15 10:11:51,471 - INFO - ✅ cover: https://media.zvonkodigital.ru/api/cover/100/31868705/
2026-01-15 10:11:51,485 - INFO - ✅ upc: 5016122283363
2026-01-15 10:11:51,490 - INFO - ✅ label: ROSSEL 66
2026-01-15 10:11:51,495 - INFO - ✅ date: 2025-07-08
2026-01-15 10:11:51,510 - INFO - ✅ territories: Все страны
2026-01-15 10:11:51,516 - INFO - ✅ platforms: 50
2026-01-15 10:11:51,521 - INFO - ✅ genre: Electronic
2026-01-15 10:11:51,526 - INFO - ✅ Данные релиза #62 успешно извлечены
2026-01-15 10:11:51,526 - INFO - 
🔍 Парсинг релиза #63 (страница #4, позиция #3)...
2026-01-15 10:11:51,529 - INFO - 🔍 Извлечение данных из релиза #63...
2026-01-15 10:11:51,535 - INFO - 📝 Текст релиза: I WANT TO LXVE
W.1ce3
UPC
5016122441350
Название лейбла
ROSSEL 66
Дата создания
2025-07-04
Дата релиза
2025-06-13
Дата старта
2025-06-13
Территории
Все страны
Площадки
50
Жанр
Pop
Трек-лист...
2026-01-15 10:11:51,543 - INFO - ✅ title: I WANT TO LXVE
2026-01-15 10:11:51,546 - INFO - ✅ artist: W.1ce3
2026-01-15 10:11:51,551 - INFO - ✅ cover: https://media.zvonkodigital.ru/api/cover/100/31803239/
2026-01-15 10:11:51,565 - INFO - ✅ upc: 5016122441350
2026-01-15 10:11:51,570 - INFO - ✅ label: ROSSEL 66
2026-01-15 10:11:51,575 - INFO - ✅ date: 2025-07-04
2026-01-15 10:11:51,591 - INFO - ✅ territories: Все страны
2026-01-15 10:11:51,596 - INFO - ✅ platforms: 50
2026-01-15 10:11:51,602 - INFO - ✅ genre: Pop
2026-01-15 10:11:51,607 - INFO - ✅ Данные релиза #63 успешно извлечены
2026-01-15 10:11:51,607 - INFO - 
🔍 Парсинг релиза #64 (страница #4, позиция #4)...
2026-01-15 10:11:51,609 - INFO - 🔍 Извлечение данных из релиза #64...
2026-01-15 10:11:51,621 - INFO - 📝 Текст релиза: Спасибо деду
skazal, KebabOG
UPC
5063635861519
Название лейбла
ROSSEL 66
Дата создания
2025-07-03
Дата релиза
2025-07-04
Дата старта
2025-07-04
Территории
Все страны
Площадки
50
Жанр
Hip Hop/Rap
Трек-...
2026-01-15 10:11:51,637 - INFO - ✅ title: Спасибо деду
2026-01-15 10:11:51,641 - INFO - ✅ artist: skazal, KebabOG
2026-01-15 10:11:51,647 - INFO - ✅ cover: https://media.zvonkodigital.ru/api/cover/100/31784736/
2026-01-15 10:11:51,665 - INFO - ✅ upc: 5063635861519
2026-01-15 10:11:51,671 - INFO - ✅ label: ROSSEL 66
2026-01-15 10:11:51,676 - INFO - ✅ date: 2025-07-03
2026-01-15 10:11:51,692 - INFO - ✅ territories: Все страны
2026-01-15 10:11:51,698 - INFO - ✅ platforms: 50
2026-01-15 10:11:51,703 - INFO - ✅ genre: Hip Hop/Rap
2026-01-15 10:11:51,708 - INFO - ✅ Данные релиза #64 успешно извлечены
2026-01-15 10:11:51,708 - INFO - 
🔍 Парсинг релиза #65 (страница #4, позиция #5)...
2026-01-15 10:11:51,710 - INFO - 🔍 Извлечение данных из релиза #65...
2026-01-15 10:11:51,717 - INFO - 📝 Текст релиза: AVARIO
FRENBAT, triplepeepy, КИСЕСС
UPC
5016122432662
Название лейбла
ROSSEL 66
Дата создания
2025-06-30
Дата релиза
2025-05-30
Дата старта
2025-05-30
Территории
Все страны
Площадки
50
Жанр
Hip Hop/Ra...
2026-01-15 10:11:51,724 - INFO - ✅ title: AVARIO
2026-01-15 10:11:51,727 - INFO - ✅ artist: FRENBAT, triplepeepy, КИСЕСС
2026-01-15 10:11:51,732 - INFO - ✅ cover: https://media.zvonkodigital.ru/api/cover/100/31730597/
2026-01-15 10:11:51,746 - INFO - ✅ upc: 5016122432662
2026-01-15 10:11:51,751 - INFO - ✅ label: ROSSEL 66
2026-01-15 10:11:51,756 - INFO - ✅ date: 2025-06-30
2026-01-15 10:11:51,772 - INFO - ✅ territories: Все страны
2026-01-15 10:11:51,778 - INFO - ✅ platforms: 50
2026-01-15 10:11:51,783 - INFO - ✅ genre: Hip Hop/Rap
2026-01-15 10:11:51,788 - INFO - ✅ Данные релиза #65 успешно извлечены
2026-01-15 10:11:51,788 - INFO - 
🔍 Парсинг релиза #66 (страница #4, позиция #6)...
2026-01-15 10:11:51,791 - INFO - 🔍 Извлечение данных из релиза #66...
2026-01-15 10:11:51,800 - INFO - 📝 Текст релиза: MIU MIU
triplepeepy
UPC
5016122389652
Название лейбла
ROSSEL 66
Дата создания
2025-06-30
Дата релиза
2025-04-25
Дата старта
2025-04-25
Территории
Все страны
Площадки
50
Жанр
Hip Hop/Rap
Трек-лист...
2026-01-15 10:11:51,813 - INFO - ✅ title: MIU MIU
2026-01-15 10:11:51,815 - INFO - ✅ artist: triplepeepy
2026-01-15 10:11:51,820 - INFO - ✅ cover: https://media.zvonkodigital.ru/api/cover/100/31730587/
2026-01-15 10:11:51,834 - INFO - ✅ upc: 5016122389652
2026-01-15 10:11:51,839 - INFO - ✅ label: ROSSEL 66
2026-01-15 10:11:51,845 - INFO - ✅ date: 2025-06-30
2026-01-15 10:11:51,861 - INFO - ✅ territories: Все страны
2026-01-15 10:11:51,866 - INFO - ✅ platforms: 50
2026-01-15 10:11:51,872 - INFO - ✅ genre: Hip Hop/Rap
2026-01-15 10:11:51,878 - INFO - ✅ Данные релиза #66 успешно извлечены
2026-01-15 10:11:51,878 - INFO - 
🔍 Парсинг релиза #67 (страница #4, позиция #7)...
2026-01-15 10:11:51,880 - INFO - 🔍 Извлечение данных из релиза #67...
2026-01-15 10:11:51,886 - INFO - 📝 Текст релиза: ОСТОРОЖНО ОЧЕНЬ ПИЗДАТО
BULOVACH
UPC
5063635837552
Название лейбла
ROSSEL 66
Дата создания
2025-06-27
Дата релиза
2025-07-11
Дата старта
2025-07-11
Территории
Все страны
Площадки
47
Жанр
Hip Hop/Rap
Т...
2026-01-15 10:11:51,894 - INFO - ✅ title: ОСТОРОЖНО ОЧЕНЬ ПИЗДАТО
2026-01-15 10:11:51,897 - INFO - ✅ artist: BULOVACH
2026-01-15 10:11:51,901 - INFO - ✅ cover: https://media.zvonkodigital.ru/api/cover/100/31690660/
2026-01-15 10:11:51,915 - INFO - ✅ upc: 5063635837552
2026-01-15 10:11:51,920 - INFO - ✅ label: ROSSEL 66
2026-01-15 10:11:51,925 - INFO - ✅ date: 2025-06-27
2026-01-15 10:11:51,941 - INFO - ✅ territories: Все страны
2026-01-15 10:11:51,946 - INFO - ✅ platforms: 47
2026-01-15 10:11:51,952 - INFO - ✅ genre: Hip Hop/Rap
2026-01-15 10:11:51,958 - INFO - ✅ Данные релиза #67 успешно извлечены
2026-01-15 10:11:51,958 - INFO - 
🔍 Парсинг релиза #68 (страница #4, позиция #8)...
2026-01-15 10:11:51,960 - INFO - 🔍 Извлечение данных из релиза #68...
2026-01-15 10:11:51,967 - INFO - 📝 Текст релиза: Побудь со мной
GARSY, platö
UPC
5063635806442
Название лейбла
ROSSEL 66
Дата создания
2025-06-19
Дата релиза
2025-06-16
Дата старта
2025-06-16
Территории
Все страны
Площадки
50
Жанр
Hip Hop/Rap
Трек-л...
2026-01-15 10:11:51,975 - INFO - ✅ title: Побудь со мной
2026-01-15 10:11:51,978 - INFO - ✅ artist: GARSY, platö
2026-01-15 10:11:51,983 - INFO - ✅ cover: https://media.zvonkodigital.ru/api/cover/100/31556379/
2026-01-15 10:11:51,997 - INFO - ✅ upc: 5063635806442
2026-01-15 10:11:52,002 - INFO - ✅ label: ROSSEL 66
2026-01-15 10:11:52,008 - INFO - ✅ date: 2025-06-19
2026-01-15 10:11:52,024 - INFO - ✅ territories: Все страны
2026-01-15 10:11:52,030 - INFO - ✅ platforms: 50
2026-01-15 10:11:52,035 - INFO - ✅ genre: Hip Hop/Rap
2026-01-15 10:11:52,040 - INFO - ✅ Данные релиза #68 успешно извлечены
2026-01-15 10:11:52,040 - INFO - 
🔍 Парсинг релиза #69 (страница #4, позиция #9)...
2026-01-15 10:11:52,043 - INFO - 🔍 Извлечение данных из релиза #69...
2026-01-15 10:11:52,049 - INFO - 📝 Текст релиза: Queen
BULOVACH
UPC
5063635802604
Название лейбла
ROSSEL 66
Дата создания
2025-06-19
Дата релиза
2025-06-20
Дата старта
2025-06-20
Территории
Все страны
Площадки
48
Жанр
Hip Hop/Rap
Трек-лист...
2026-01-15 10:11:52,057 - INFO - ✅ title: Queen
2026-01-15 10:11:52,060 - INFO - ✅ artist: BULOVACH
2026-01-15 10:11:52,065 - INFO - ✅ cover: https://media.zvonkodigital.ru/api/cover/100/31544089/
2026-01-15 10:11:52,078 - INFO - ✅ upc: 5063635802604
2026-01-15 10:11:52,083 - INFO - ✅ label: ROSSEL 66
2026-01-15 10:11:52,088 - INFO - ✅ date: 2025-06-19
2026-01-15 10:11:52,104 - INFO - ✅ territories: Все страны
2026-01-15 10:11:52,109 - INFO - ✅ platforms: 48
2026-01-15 10:11:52,115 - INFO - ✅ genre: Hip Hop/Rap
2026-01-15 10:11:52,120 - INFO - ✅ Данные релиза #69 успешно извлечены
2026-01-15 10:11:52,120 - INFO - 
🔍 Парсинг релиза #70 (страница #4, позиция #10)...
2026-01-15 10:11:52,123 - INFO - 🔍 Извлечение данных из релиза #70...
2026-01-15 10:11:52,129 - INFO - 📝 Текст релиза: FORTUNES
MEELBRN
UPC
4680961427106
Название лейбла
ROSSEL 66
Дата создания
2025-06-09
Дата релиза
2023-02-27
Дата старта
2023-02-27
Территории
Все страны
Площадки
48
Жанр
Phonk/Fonk
Трек-лист...
2026-01-15 10:11:52,137 - INFO - ✅ title: FORTUNES
2026-01-15 10:11:52,140 - INFO - ✅ artist: MEELBRN
2026-01-15 10:11:52,144 - INFO - ✅ cover: https://media.zvonkodigital.ru/api/cover/100/31409546/
2026-01-15 10:11:52,158 - INFO - ✅ upc: 4680961427106
2026-01-15 10:11:52,164 - INFO - ✅ label: ROSSEL 66
2026-01-15 10:11:52,169 - INFO - ✅ date: 2025-06-09
2026-01-15 10:11:52,185 - INFO - ✅ territories: Все страны
2026-01-15 10:11:52,190 - INFO - ✅ platforms: 48
2026-01-15 10:11:52,196 - INFO - ✅ genre: Phonk/Fonk
2026-01-15 10:11:52,202 - INFO - ✅ Данные релиза #70 успешно извлечены
2026-01-15 10:11:52,202 - INFO - 
🔍 Парсинг релиза #71 (страница #4, позиция #11)...
2026-01-15 10:11:52,204 - INFO - 🔍 Извлечение данных из релиза #71...
2026-01-15 10:11:52,211 - INFO - 📝 Текст релиза: 4st Street
TXYK
UPC
5063635752435
Название лейбла
ROSSEL 66
Дата создания
2025-06-05
Дата релиза
2025-06-13
Дата старта
2025-06-13
Территории
Все страны
Площадки
50
Жанр
Phonk/Fonk
Трек-лист...
2026-01-15 10:11:52,219 - INFO - ✅ title: 4st Street
2026-01-15 10:11:52,221 - INFO - ✅ artist: TXYK
2026-01-15 10:11:52,226 - INFO - ✅ cover: https://media.zvonkodigital.ru/api/cover/100/31359805/
2026-01-15 10:11:52,241 - INFO - ✅ upc: 5063635752435
2026-01-15 10:11:52,252 - INFO - ✅ label: ROSSEL 66
2026-01-15 10:11:52,258 - INFO - ✅ date: 2025-06-05
2026-01-15 10:11:52,274 - INFO - ✅ territories: Все страны
2026-01-15 10:11:52,279 - INFO - ✅ platforms: 50
2026-01-15 10:11:52,285 - INFO - ✅ genre: Phonk/Fonk
2026-01-15 10:11:52,290 - INFO - ✅ Данные релиза #71 успешно извлечены
2026-01-15 10:11:52,290 - INFO - 
🔍 Парсинг релиза #72 (страница #4, позиция #12)...
2026-01-15 10:11:52,293 - INFO - 🔍 Извлечение данных из релиза #72...
2026-01-15 10:11:52,299 - INFO - 📝 Текст релиза: Love Story
Makishima
UPC
5063287040133
Название лейбла
ROSSEL 66
Дата создания
2025-06-03
Дата релиза
2023-08-11
Дата старта
2023-08-11
Территории
Все страны
Площадки
50
Жанр
Electronic
Трек-лист...
2026-01-15 10:11:52,307 - INFO - ✅ title: Love Story
2026-01-15 10:11:52,309 - INFO - ✅ artist: Makishima
2026-01-15 10:11:52,314 - INFO - ✅ cover: https://media.zvonkodigital.ru/api/cover/100/31326954/
2026-01-15 10:11:52,328 - INFO - ✅ upc: 5063287040133
2026-01-15 10:11:52,333 - INFO - ✅ label: ROSSEL 66
2026-01-15 10:11:52,339 - INFO - ✅ date: 2025-06-03
2026-01-15 10:11:52,356 - INFO - ✅ territories: Все страны
2026-01-15 10:11:52,361 - INFO - ✅ platforms: 50
2026-01-15 10:11:52,368 - INFO - ✅ genre: Electronic
2026-01-15 10:11:52,373 - INFO - ✅ Данные релиза #72 успешно извлечены
2026-01-15 10:11:52,373 - INFO - 
🔍 Парсинг релиза #73 (страница #4, позиция #13)...
2026-01-15 10:11:52,376 - INFO - 🔍 Извлечение данных из релиза #73...
2026-01-15 10:11:52,383 - INFO - 📝 Текст релиза: детка!
чудесно!, lunidsky
UPC
5063635697217
Название лейбла
ROSSEL 66
Дата создания
2025-05-23
Дата релиза
2025-06-13
Дата старта
2025-06-13
Территории
Все страны
Площадки
50
Жанр
Pop
Трек-лист...
2026-01-15 10:11:52,391 - INFO - ✅ title: детка!
2026-01-15 10:11:52,394 - INFO - ✅ artist: чудесно!, lunidsky
2026-01-15 10:11:52,399 - INFO - ✅ cover: https://media.zvonkodigital.ru/api/cover/100/31171065/
2026-01-15 10:11:52,413 - INFO - ✅ upc: 5063635697217
2026-01-15 10:11:52,418 - INFO - ✅ label: ROSSEL 66
2026-01-15 10:11:52,424 - INFO - ✅ date: 2025-05-23
2026-01-15 10:11:52,440 - INFO - ✅ territories: Все страны
2026-01-15 10:11:52,446 - INFO - ✅ platforms: 50
2026-01-15 10:11:52,451 - INFO - ✅ genre: Pop
2026-01-15 10:11:52,456 - INFO - ✅ Данные релиза #73 успешно извлечены
2026-01-15 10:11:52,456 - INFO - 
🔍 Парсинг релиза #74 (страница #4, позиция #14)...
2026-01-15 10:11:52,459 - INFO - 🔍 Извлечение данных из релиза #74...
2026-01-15 10:11:52,465 - INFO - 📝 Текст релиза: ШАЛАВА
МИКИ ФИНН
UPC
5063635640114
Название лейбла
ROSSEL 66
Дата создания
2025-05-12
Дата релиза
2025-05-23
Дата старта
2025-05-23
Территории
Все страны
Площадки
50
Жанр
Pop
Трек-лист...
2026-01-15 10:11:52,473 - INFO - ✅ title: ШАЛАВА
2026-01-15 10:11:52,475 - INFO - ✅ artist: МИКИ ФИНН
2026-01-15 10:11:52,481 - INFO - ✅ cover: https://media.zvonkodigital.ru/api/cover/100/30983852/
2026-01-15 10:11:52,494 - INFO - ✅ upc: 5063635640114
2026-01-15 10:11:52,500 - INFO - ✅ label: ROSSEL 66
2026-01-15 10:11:52,505 - INFO - ✅ date: 2025-05-12
2026-01-15 10:11:52,521 - INFO - ✅ territories: Все страны
2026-01-15 10:11:52,527 - INFO - ✅ platforms: 50
2026-01-15 10:11:52,533 - INFO - ✅ genre: Pop
2026-01-15 10:11:52,539 - INFO - ✅ Данные релиза #74 успешно извлечены
2026-01-15 10:11:52,539 - INFO - 
🔍 Парсинг релиза #75 (страница #4, позиция #15)...
2026-01-15 10:11:52,541 - INFO - 🔍 Извлечение данных из релиза #75...
2026-01-15 10:11:52,548 - INFO - 📝 Текст релиза: Нагибайся
BULOVACH
UPC
5063635627412
Название лейбла
ROSSEL 66
Дата создания
2025-05-07
Дата релиза
2025-05-09
Дата старта
2025-05-09
Территории
Все страны
Площадки
50
Жанр
Hip Hop/Rap
Трек-лист...
2026-01-15 10:11:52,557 - INFO - ✅ title: Нагибайся
2026-01-15 10:11:52,560 - INFO - ✅ artist: BULOVACH
2026-01-15 10:11:52,565 - INFO - ✅ cover: https://media.zvonkodigital.ru/api/cover/100/30934442/
2026-01-15 10:11:52,578 - INFO - ✅ upc: 5063635627412
2026-01-15 10:11:52,584 - INFO - ✅ label: ROSSEL 66
2026-01-15 10:11:52,589 - INFO - ✅ date: 2025-05-07
2026-01-15 10:11:52,605 - INFO - ✅ territories: Все страны
2026-01-15 10:11:52,611 - INFO - ✅ platforms: 50
2026-01-15 10:11:52,616 - INFO - ✅ genre: Hip Hop/Rap
2026-01-15 10:11:52,622 - INFO - ✅ Данные релиза #75 успешно извлечены
2026-01-15 10:11:52,622 - INFO - 
🔍 Парсинг релиза #76 (страница #4, позиция #16)...
2026-01-15 10:11:52,624 - INFO - 🔍 Извлечение данных из релиза #76...
2026-01-15 10:11:52,631 - INFO - 📝 Текст релиза: Табуретыч Tell
nime, Табуретыч
UPC
5063635603546
Название лейбла
ROSSEL 66
Дата создания
2025-04-29
Дата релиза
2025-05-02
Дата старта
2025-05-02
Территории
Все страны
Площадки
50
Жанр
Hip Hop/Rap
Тре...
2026-01-15 10:11:52,639 - INFO - ✅ title: Табуретыч Tell
2026-01-15 10:11:52,641 - INFO - ✅ artist: nime, Табуретыч
2026-01-15 10:11:52,646 - INFO - ✅ cover: https://media.zvonkodigital.ru/api/cover/100/30828743/
2026-01-15 10:11:52,660 - INFO - ✅ upc: 5063635603546
2026-01-15 10:11:52,666 - INFO - ✅ label: ROSSEL 66
2026-01-15 10:11:52,671 - INFO - ✅ date: 2025-04-29
2026-01-15 10:11:52,687 - INFO - ✅ territories: Все страны
2026-01-15 10:11:52,693 - INFO - ✅ platforms: 50
2026-01-15 10:11:52,699 - INFO - ✅ genre: Hip Hop/Rap
2026-01-15 10:11:52,704 - INFO - ✅ Данные релиза #76 успешно извлечены
2026-01-15 10:11:52,704 - INFO - 
🔍 Парсинг релиза #77 (страница #4, позиция #17)...
2026-01-15 10:11:52,707 - INFO - 🔍 Извлечение данных из релиза #77...
2026-01-15 10:11:52,714 - INFO - 📝 Текст релиза: Катрина/Неповторимо
elmntal
UPC
5063635587488
Название лейбла
ROSSEL 66
Дата создания
2025-04-25
Дата релиза
2025-03-14
Дата старта
2025-03-14
Территории
Все страны
Площадки
50
Жанр
Hip Hop/Rap
Трек-л...
2026-01-15 10:11:52,723 - INFO - ✅ title: Катрина/Неповторимо
2026-01-15 10:11:52,726 - INFO - ✅ artist: elmntal
2026-01-15 10:11:52,730 - INFO - ✅ cover: https://media.zvonkodigital.ru/api/cover/100/30776589/
2026-01-15 10:11:52,744 - INFO - ✅ upc: 5063635587488
2026-01-15 10:11:52,750 - INFO - ✅ label: ROSSEL 66
2026-01-15 10:11:52,755 - INFO - ✅ date: 2025-04-25
2026-01-15 10:11:52,771 - INFO - ✅ territories: Все страны
2026-01-15 10:11:52,784 - INFO - ✅ platforms: 50
2026-01-15 10:11:52,789 - INFO - ✅ genre: Hip Hop/Rap
2026-01-15 10:11:52,795 - INFO - ✅ Данные релиза #77 успешно извлечены
2026-01-15 10:11:52,795 - INFO - 
🔍 Парсинг релиза #78 (страница #4, позиция #18)...
2026-01-15 10:11:52,798 - INFO - 🔍 Извлечение данных из релиза #78...
2026-01-15 10:11:52,804 - INFO - 📝 Текст релиза: временно
elmntal
UPC
5063635587457
Название лейбла
ROSSEL 66
Дата создания
2025-04-25
Дата релиза
2025-01-24
Дата старта
2025-01-24
Территории
Все страны
Площадки
50
Жанр
Hip Hop/Rap
Трек-лист...
2026-01-15 10:11:52,812 - INFO - ✅ title: временно
2026-01-15 10:11:52,815 - INFO - ✅ artist: elmntal
2026-01-15 10:11:52,819 - INFO - ✅ cover: https://media.zvonkodigital.ru/api/cover/100/30776546/
2026-01-15 10:11:52,833 - INFO - ✅ upc: 5063635587457
2026-01-15 10:11:52,839 - INFO - ✅ label: ROSSEL 66
2026-01-15 10:11:52,844 - INFO - ✅ date: 2025-04-25
2026-01-15 10:11:52,860 - INFO - ✅ territories: Все страны
2026-01-15 10:11:52,866 - INFO - ✅ platforms: 50
2026-01-15 10:11:52,871 - INFO - ✅ genre: Hip Hop/Rap
2026-01-15 10:11:52,877 - INFO - ✅ Данные релиза #78 успешно извлечены
2026-01-15 10:11:52,877 - INFO - 
🔍 Парсинг релиза #79 (страница #4, позиция #19)...
2026-01-15 10:11:52,879 - INFO - 🔍 Извлечение данных из релиза #79...
2026-01-15 10:11:52,886 - INFO - 📝 Текст релиза: Trapped Abroad
KebabOG, skazal
UPC
5063635519632
Название лейбла
ROSSEL 66
Дата создания
2025-04-11
Дата релиза
2025-04-11
Дата старта
2025-04-11
Территории
Все страны
Площадки
50
Жанр
Hip Hop/Rap
Тре...
2026-01-15 10:11:52,894 - INFO - ✅ title: Trapped Abroad
2026-01-15 10:11:52,897 - INFO - ✅ artist: KebabOG, skazal
2026-01-15 10:11:52,902 - INFO - ✅ cover: https://media.zvonkodigital.ru/api/cover/100/30534107/
2026-01-15 10:11:52,916 - INFO - ✅ upc: 5063635519632
2026-01-15 10:11:52,921 - INFO - ✅ label: ROSSEL 66
2026-01-15 10:11:52,927 - INFO - ✅ date: 2025-04-11
2026-01-15 10:11:52,943 - INFO - ✅ territories: Все страны
2026-01-15 10:11:52,948 - INFO - ✅ platforms: 50
2026-01-15 10:11:52,953 - INFO - ✅ genre: Hip Hop/Rap
2026-01-15 10:11:52,959 - INFO - ✅ Данные релиза #79 успешно извлечены
2026-01-15 10:11:52,959 - INFO - 
🔍 Парсинг релиза #80 (страница #4, позиция #20)...
2026-01-15 10:11:52,961 - INFO - 🔍 Извлечение данных из релиза #80...
2026-01-15 10:11:52,967 - INFO - 📝 Текст релиза: Shadow
SHWTY
UPC
5063635488594
Название лейбла
ROSSEL 66
Дата создания
2025-04-04
Дата релиза
2025-04-18
Дата старта
2025-04-18
Территории
Все страны
Площадки
50
Жанр
Hip Hop/Rap
Трек-лист...
2026-01-15 10:11:52,975 - INFO - ✅ title: Shadow
2026-01-15 10:11:52,978 - INFO - ✅ artist: SHWTY
2026-01-15 10:11:52,983 - INFO - ✅ cover: https://media.zvonkodigital.ru/api/cover/100/30443543/
2026-01-15 10:11:52,996 - INFO - ✅ upc: 5063635488594
2026-01-15 10:11:53,002 - INFO - ✅ label: ROSSEL 66
2026-01-15 10:11:53,007 - INFO - ✅ date: 2025-04-04
2026-01-15 10:11:53,023 - INFO - ✅ territories: Все страны
2026-01-15 10:11:53,029 - INFO - ✅ platforms: 50
2026-01-15 10:11:53,034 - INFO - ✅ genre: Hip Hop/Rap
2026-01-15 10:11:53,039 - INFO - ✅ Данные релиза #80 успешно извлечены
2026-01-15 10:11:53,039 - INFO - ✅ Страница #4 завершена! Обработано 20 релизов
2026-01-15 10:11:53,043 - INFO - 🖱️ Переход к предыдущей странице...
2026-01-15 10:11:56,068 - INFO - 
📄 Обработка страницы #5...
2026-01-15 10:11:56,068 - INFO - 🔍 Парсинг страницы #5...
2026-01-15 10:12:03,110 - INFO - 📊 На странице #5 найдено 20 релизов по селектору: div.css-1xgpa60
2026-01-15 10:12:03,110 - INFO - 
🔍 Парсинг релиза #81 (страница #5, позиция #1)...
2026-01-15 10:12:03,115 - INFO - 🔍 Извлечение данных из релиза #81...
2026-01-15 10:12:03,125 - INFO - 📝 Текст релиза: FRESH
SHWTY
UPC
5063635488587
Название лейбла
ROSSEL 66
Дата создания
2025-04-04
Дата релиза
2025-04-11
Дата старта
2025-04-11
Территории
Все страны
Площадки
50
Жанр
Hip Hop/Rap
Трек-лист...
2026-01-15 10:12:03,145 - INFO - ✅ title: FRESH
2026-01-15 10:12:03,151 - INFO - ✅ artist: SHWTY
2026-01-15 10:12:03,160 - INFO - ✅ cover: https://media.zvonkodigital.ru/api/cover/100/30443533/
2026-01-15 10:12:03,180 - INFO - ✅ upc: 5063635488587
2026-01-15 10:12:03,186 - INFO - ✅ label: ROSSEL 66
2026-01-15 10:12:03,192 - INFO - ✅ date: 2025-04-04
2026-01-15 10:12:03,208 - INFO - ✅ territories: Все страны
2026-01-15 10:12:03,214 - INFO - ✅ platforms: 50
2026-01-15 10:12:03,219 - INFO - ✅ genre: Hip Hop/Rap
2026-01-15 10:12:03,225 - INFO - ✅ Данные релиза #81 успешно извлечены
2026-01-15 10:12:03,225 - INFO - 
🔍 Парсинг релиза #82 (страница #5, позиция #2)...
2026-01-15 10:12:03,227 - INFO - 🔍 Извлечение данных из релиза #82...
2026-01-15 10:12:03,234 - INFO - 📝 Текст релиза: 2093
KebabOG, skazal
UPC
5063635482097
Название лейбла
ROSSEL 66
Дата создания
2025-04-03
Дата релиза
2025-04-04
Дата старта
2025-04-04
Территории
Все страны
Площадки
50
Жанр
Hip Hop/Rap
Трек-лист...
2026-01-15 10:12:03,242 - INFO - ✅ title: 2093
2026-01-15 10:12:03,245 - INFO - ✅ artist: KebabOG, skazal
2026-01-15 10:12:03,250 - INFO - ✅ cover: https://media.zvonkodigital.ru/api/cover/100/30425755/
2026-01-15 10:12:03,263 - INFO - ✅ upc: 5063635482097
2026-01-15 10:12:03,269 - INFO - ✅ label: ROSSEL 66
2026-01-15 10:12:03,274 - INFO - ✅ date: 2025-04-03
2026-01-15 10:12:03,290 - INFO - ✅ territories: Все страны
2026-01-15 10:12:03,296 - INFO - ✅ platforms: 50
2026-01-15 10:12:03,301 - INFO - ✅ genre: Hip Hop/Rap
2026-01-15 10:12:03,307 - INFO - ✅ Данные релиза #82 успешно извлечены
2026-01-15 10:12:03,307 - INFO - 
🔍 Парсинг релиза #83 (страница #5, позиция #3)...
2026-01-15 10:12:03,309 - INFO - 🔍 Извлечение данных из релиза #83...
2026-01-15 10:12:03,316 - INFO - 📝 Текст релиза: HUNGRY BOY
NENEVESTA
UPC
3617391938194
Название лейбла
ROSSEL 66
Дата создания
2025-03-31
Дата релиза
2025-04-11
Дата старта
2025-04-11
Территории
Все страны
Площадки
3
Жанр
Hip Hop/Rap
Трек-лист...
2026-01-15 10:12:03,324 - INFO - ✅ title: HUNGRY BOY
2026-01-15 10:12:03,329 - INFO - ✅ artist: NENEVESTA
2026-01-15 10:12:03,336 - INFO - ✅ cover: https://media.zvonkodigital.ru/api/cover/100/30375091/
2026-01-15 10:12:03,351 - INFO - ✅ upc: 3617391938194
2026-01-15 10:12:03,356 - INFO - ✅ label: ROSSEL 66
2026-01-15 10:12:03,362 - INFO - ✅ date: 2025-03-31
2026-01-15 10:12:03,379 - INFO - ✅ territories: Все страны
2026-01-15 10:12:03,389 - INFO - ✅ genre: Hip Hop/Rap
2026-01-15 10:12:03,395 - INFO - ✅ Данные релиза #83 успешно извлечены
2026-01-15 10:12:03,395 - INFO - 
🔍 Парсинг релиза #84 (страница #5, позиция #4)...
2026-01-15 10:12:03,397 - INFO - 🔍 Извлечение данных из релиза #84...
2026-01-15 10:12:03,404 - INFO - 📝 Текст релиза: Правда
Повешусь на венах
UPC
5063635421461
Название лейбла
ROSSEL 66
Дата создания
2025-03-24
Дата релиза
2020-12-15
Дата старта
2020-12-15
Территории
Все страны
Площадки
49
Жанр
Hip Hop/Rap
Трек-лист...
2026-01-15 10:12:03,412 - INFO - ✅ title: Правда
2026-01-15 10:12:03,415 - INFO - ✅ artist: Повешусь на венах
2026-01-15 10:12:03,419 - INFO - ✅ cover: https://media.zvonkodigital.ru/api/cover/100/30248009/
2026-01-15 10:12:03,433 - INFO - ✅ upc: 5063635421461
2026-01-15 10:12:03,438 - INFO - ✅ label: ROSSEL 66
2026-01-15 10:12:03,443 - INFO - ✅ date: 2025-03-24
2026-01-15 10:12:03,460 - INFO - ✅ territories: Все страны
2026-01-15 10:12:03,466 - INFO - ✅ platforms: 49
2026-01-15 10:12:03,471 - INFO - ✅ genre: Hip Hop/Rap
2026-01-15 10:12:03,477 - INFO - ✅ Данные релиза #84 успешно извлечены
2026-01-15 10:12:03,477 - INFO - 
🔍 Парсинг релиза #85 (страница #5, позиция #5)...
2026-01-15 10:12:03,479 - INFO - 🔍 Извлечение данных из релиза #85...
2026-01-15 10:12:03,486 - INFO - 📝 Текст релиза: Pistol Whip
CURSED PLAYA, MEELBRN
UPC
5016122363195
Название лейбла
ROSSEL 66
Дата создания
2025-03-21
Дата релиза
2025-04-11
Дата старта
2025-04-11
Территории
Все страны
Площадки
50
Жанр
Phonk/Fonk
Т...
2026-01-15 10:12:03,493 - INFO - ✅ title: Pistol Whip
2026-01-15 10:12:03,496 - INFO - ✅ artist: CURSED PLAYA, MEELBRN
2026-01-15 10:12:03,501 - INFO - ✅ cover: https://media.zvonkodigital.ru/api/cover/100/30233542/
2026-01-15 10:12:03,515 - INFO - ✅ upc: 5016122363195
2026-01-15 10:12:03,521 - INFO - ✅ label: ROSSEL 66
2026-01-15 10:12:03,526 - INFO - ✅ date: 2025-03-21
2026-01-15 10:12:03,542 - INFO - ✅ territories: Все страны
2026-01-15 10:12:03,548 - INFO - ✅ platforms: 50
2026-01-15 10:12:03,553 - INFO - ✅ genre: Phonk/Fonk
2026-01-15 10:12:03,559 - INFO - ✅ Данные релиза #85 успешно извлечены
2026-01-15 10:12:03,559 - INFO - 
🔍 Парсинг релиза #86 (страница #5, позиция #6)...
2026-01-15 10:12:03,562 - INFO - 🔍 Извлечение данных из релиза #86...
2026-01-15 10:12:03,569 - INFO - 📝 Текст релиза: Украшение
stemstyl
UPC
5063635413268
Название лейбла
ROSSEL 66
Дата создания
2025-03-21
Дата релиза
2025-03-28
Дата старта
2025-03-28
Территории
Все страны
Площадки
49
Жанр
Hip Hop/Rap
Трек-лист...
2026-01-15 10:12:03,576 - INFO - ✅ title: Украшение
2026-01-15 10:12:03,580 - INFO - ✅ artist: stemstyl
2026-01-15 10:12:03,584 - INFO - ✅ cover: https://media.zvonkodigital.ru/api/cover/100/30226299/
2026-01-15 10:12:03,598 - INFO - ✅ upc: 5063635413268
2026-01-15 10:12:03,603 - INFO - ✅ label: ROSSEL 66
2026-01-15 10:12:03,609 - INFO - ✅ date: 2025-03-21
2026-01-15 10:12:03,631 - INFO - ✅ territories: Все страны
2026-01-15 10:12:03,637 - INFO - ✅ platforms: 49
2026-01-15 10:12:03,642 - INFO - ✅ genre: Hip Hop/Rap
2026-01-15 10:12:03,648 - INFO - ✅ Данные релиза #86 успешно извлечены
2026-01-15 10:12:03,648 - INFO - 
🔍 Парсинг релиза #87 (страница #5, позиция #7)...
2026-01-15 10:12:03,651 - INFO - 🔍 Извлечение данных из релиза #87...
2026-01-15 10:12:03,657 - INFO - 📝 Текст релиза: мясо, зелень, соус
KebabOG
UPC
5063635379618
Название лейбла
ROSSEL 66
Дата создания
2025-03-14
Дата релиза
2025-03-19
Дата старта
2025-03-19
Территории
Все страны
Площадки
49
Жанр
Hip Hop/Rap
Трек-ли...
2026-01-15 10:12:03,665 - INFO - ✅ title: мясо, зелень, соус
2026-01-15 10:12:03,668 - INFO - ✅ artist: KebabOG
2026-01-15 10:12:03,673 - INFO - ✅ cover: https://media.zvonkodigital.ru/api/cover/100/30110792/
2026-01-15 10:12:03,687 - INFO - ✅ upc: 5063635379618
2026-01-15 10:12:03,692 - INFO - ✅ label: ROSSEL 66
2026-01-15 10:12:03,698 - INFO - ✅ date: 2025-03-14
2026-01-15 10:12:03,714 - INFO - ✅ territories: Все страны
2026-01-15 10:12:03,719 - INFO - ✅ platforms: 49
2026-01-15 10:12:03,724 - INFO - ✅ genre: Hip Hop/Rap
2026-01-15 10:12:03,730 - INFO - ✅ Данные релиза #87 успешно извлечены
2026-01-15 10:12:03,730 - INFO - 
🔍 Парсинг релиза #88 (страница #5, позиция #8)...
2026-01-15 10:12:03,733 - INFO - 🔍 Извлечение данных из релиза #88...
2026-01-15 10:12:03,740 - INFO - 📝 Текст релиза: Rocky Road
Sour Diesel
UPC
4039967149725
Название лейбла
ROSSEL 66
Дата создания
2025-03-06
Дата релиза
2021-10-29
Дата старта
2021-10-29
Территории
Все страны
Площадки
49
Жанр
Hyperpop
Трек-лист...
2026-01-15 10:12:03,749 - INFO - ✅ title: Rocky Road
2026-01-15 10:12:03,751 - INFO - ✅ artist: Sour Diesel
2026-01-15 10:12:03,756 - INFO - ✅ cover: https://media.zvonkodigital.ru/api/cover/100/30019356/
2026-01-15 10:12:03,770 - INFO - ✅ upc: 4039967149725
2026-01-15 10:12:03,775 - INFO - ✅ label: ROSSEL 66
2026-01-15 10:12:03,780 - INFO - ✅ date: 2025-03-06
2026-01-15 10:12:03,796 - INFO - ✅ territories: Все страны
2026-01-15 10:12:03,802 - INFO - ✅ platforms: 49
2026-01-15 10:12:03,813 - INFO - ✅ Данные релиза #88 успешно извлечены
2026-01-15 10:12:03,813 - INFO - 
🔍 Парсинг релиза #89 (страница #5, позиция #9)...
2026-01-15 10:12:03,815 - INFO - 🔍 Извлечение данных из релиза #89...
2026-01-15 10:12:03,822 - INFO - 📝 Текст релиза: Broky
wvlaik
UPC
5016122277287
Название лейбла
ROSSEL 66
Дата создания
2025-03-06
Дата релиза
2024-12-27
Дата старта
2024-12-27
Территории
Все страны
Площадки
50
Жанр
Phonk/Fonk
Трек-лист...
2026-01-15 10:12:03,829 - INFO - ✅ title: Broky
2026-01-15 10:12:03,832 - INFO - ✅ artist: wvlaik
2026-01-15 10:12:03,837 - INFO - ✅ cover: https://media.zvonkodigital.ru/api/cover/100/30016231/
2026-01-15 10:12:03,851 - INFO - ✅ upc: 5016122277287
2026-01-15 10:12:03,857 - INFO - ✅ label: ROSSEL 66
2026-01-15 10:12:03,862 - INFO - ✅ date: 2025-03-06
2026-01-15 10:12:03,879 - INFO - ✅ territories: Все страны
2026-01-15 10:12:03,884 - INFO - ✅ platforms: 50
2026-01-15 10:12:03,889 - INFO - ✅ genre: Phonk/Fonk
2026-01-15 10:12:03,895 - INFO - ✅ Данные релиза #89 успешно извлечены
2026-01-15 10:12:03,895 - INFO - 
🔍 Парсинг релиза #90 (страница #5, позиция #10)...
2026-01-15 10:12:03,898 - INFO - 🔍 Извлечение данных из релиза #90...
2026-01-15 10:12:03,904 - INFO - 📝 Текст релиза: Burnout Is My Truth
Sour Diesel
UPC
3616847810640
Название лейбла
ROSSEL 66
Дата создания
2025-03-06
Дата релиза
2022-06-21
Дата старта
2022-06-21
Территории
Все страны
Площадки
49
Жанр
Hyperpop
Трек-...
2026-01-15 10:12:03,912 - INFO - ✅ title: Burnout Is My Truth
2026-01-15 10:12:03,915 - INFO - ✅ artist: Sour Diesel
2026-01-15 10:12:03,920 - INFO - ✅ cover: https://media.zvonkodigital.ru/api/cover/100/30007390/
2026-01-15 10:12:03,933 - INFO - ✅ upc: 3616847810640
2026-01-15 10:12:03,939 - INFO - ✅ label: ROSSEL 66
2026-01-15 10:12:03,944 - INFO - ✅ date: 2025-03-06
2026-01-15 10:12:03,961 - INFO - ✅ territories: Все страны
2026-01-15 10:12:03,966 - INFO - ✅ platforms: 49
2026-01-15 10:12:03,977 - INFO - ✅ Данные релиза #90 успешно извлечены
2026-01-15 10:12:03,977 - INFO - 
🔍 Парсинг релиза #91 (страница #5, позиция #11)...
2026-01-15 10:12:03,979 - INFO - 🔍 Извлечение данных из релиза #91...
2026-01-15 10:12:03,986 - INFO - 📝 Текст релиза: Movement
LXNOWER
UPC
5063635312264
Название лейбла
ROSSEL 66
Дата создания
2025-02-26
Дата релиза
2025-03-14
Дата старта
2025-03-14
Территории
Все страны
Площадки
49
Жанр
Phonk/Fonk
Трек-лист...
2026-01-15 10:12:03,994 - INFO - ✅ title: Movement
2026-01-15 10:12:03,997 - INFO - ✅ artist: LXNOWER
2026-01-15 10:12:04,002 - INFO - ✅ cover: https://media.zvonkodigital.ru/api/cover/100/29884389/
2026-01-15 10:12:04,015 - INFO - ✅ upc: 5063635312264
2026-01-15 10:12:04,021 - INFO - ✅ label: ROSSEL 66
2026-01-15 10:12:04,026 - INFO - ✅ date: 2025-02-26
2026-01-15 10:12:04,042 - INFO - ✅ territories: Все страны
2026-01-15 10:12:04,050 - INFO - ✅ platforms: 49
2026-01-15 10:12:04,059 - INFO - ✅ genre: Phonk/Fonk
2026-01-15 10:12:04,064 - INFO - ✅ Данные релиза #91 успешно извлечены
2026-01-15 10:12:04,065 - INFO - 
🔍 Парсинг релиза #92 (страница #5, позиция #12)...
2026-01-15 10:12:04,067 - INFO - 🔍 Извлечение данных из релиза #92...
2026-01-15 10:12:04,074 - INFO - 📝 Текст релиза: Silly Player
Makishima
UPC
5063635305563
Название лейбла
ROSSEL 66
Дата создания
2025-02-25
Дата релиза
2025-03-28
Дата старта
2025-03-28
Территории
Все страны
Площадки
49
Жанр
Phonk/Fonk
Трек-лист...
2026-01-15 10:12:04,082 - INFO - ✅ title: Silly Player
2026-01-15 10:12:04,084 - INFO - ✅ artist: Makishima
2026-01-15 10:12:04,089 - INFO - ✅ cover: https://media.zvonkodigital.ru/api/cover/100/29867052/
2026-01-15 10:12:04,103 - INFO - ✅ upc: 5063635305563
2026-01-15 10:12:04,108 - INFO - ✅ label: ROSSEL 66
2026-01-15 10:12:04,114 - INFO - ✅ date: 2025-02-25
2026-01-15 10:12:04,131 - INFO - ✅ territories: Все страны
2026-01-15 10:12:04,137 - INFO - ✅ platforms: 49
2026-01-15 10:12:04,143 - INFO - ✅ genre: Phonk/Fonk
2026-01-15 10:12:04,149 - INFO - ✅ Данные релиза #92 успешно извлечены
2026-01-15 10:12:04,149 - INFO - 
🔍 Парсинг релиза #93 (страница #5, позиция #13)...
2026-01-15 10:12:04,151 - INFO - 🔍 Извлечение данных из релиза #93...
2026-01-15 10:12:04,158 - INFO - 📝 Текст релиза: вместе
kvvitz, sylveonlover
UPC
5063635305556
Название лейбла
ROSSEL 66
Дата создания
2025-02-25
Дата релиза
2025-02-28
Дата старта
2025-02-28
Территории
Все страны
Площадки
49
Жанр
Hip Hop/Rap
Трек-л...
2026-01-15 10:12:04,166 - INFO - ✅ title: вместе
2026-01-15 10:12:04,169 - INFO - ✅ artist: kvvitz, sylveonlover
2026-01-15 10:12:04,173 - INFO - ✅ cover: https://media.zvonkodigital.ru/api/cover/100/29867043/
2026-01-15 10:12:04,187 - INFO - ✅ upc: 5063635305556
2026-01-15 10:12:04,192 - INFO - ✅ label: ROSSEL 66
2026-01-15 10:12:04,198 - INFO - ✅ date: 2025-02-25
2026-01-15 10:12:04,214 - INFO - ✅ territories: Все страны
2026-01-15 10:12:04,219 - INFO - ✅ platforms: 49
2026-01-15 10:12:04,224 - INFO - ✅ genre: Hip Hop/Rap
2026-01-15 10:12:04,230 - INFO - ✅ Данные релиза #93 успешно извлечены
2026-01-15 10:12:04,230 - INFO - 
🔍 Парсинг релиза #94 (страница #5, позиция #14)...
2026-01-15 10:12:04,232 - INFO - 🔍 Извлечение данных из релиза #94...
2026-01-15 10:12:04,239 - INFO - 📝 Текст релиза: ENERGY FM
Makishima
UPC
5063635305341
Название лейбла
ROSSEL 66
Дата создания
2025-02-25
Дата релиза
2025-03-14
Дата старта
2025-03-14
Территории
Все страны
Площадки
49
Жанр
Phonk/Fonk
Трек-лист...
2026-01-15 10:12:04,247 - INFO - ✅ title: ENERGY FM
2026-01-15 10:12:04,250 - INFO - ✅ artist: Makishima
2026-01-15 10:12:04,254 - INFO - ✅ cover: https://media.zvonkodigital.ru/api/cover/100/29866395/
2026-01-15 10:12:04,274 - INFO - ✅ upc: 5063635305341
2026-01-15 10:12:04,280 - INFO - ✅ label: ROSSEL 66
2026-01-15 10:12:04,285 - INFO - ✅ date: 2025-02-25
2026-01-15 10:12:04,302 - INFO - ✅ territories: Все страны
2026-01-15 10:12:04,308 - INFO - ✅ platforms: 49
2026-01-15 10:12:04,313 - INFO - ✅ genre: Phonk/Fonk
2026-01-15 10:12:04,320 - INFO - ✅ Данные релиза #94 успешно извлечены
2026-01-15 10:12:04,320 - INFO - 
🔍 Парсинг релиза #95 (страница #5, позиция #15)...
2026-01-15 10:12:04,323 - INFO - 🔍 Извлечение данных из релиза #95...
2026-01-15 10:12:04,330 - INFO - 📝 Текст релиза: Brevity of Thought, Vol. 2
CURSED PLAYA
UPC
5016122336229
Название лейбла
ROSSEL 66
Дата создания
2025-02-25
Дата релиза
2025-03-07
Дата старта
2025-03-07
Территории
Все страны
Площадки
50
Жанр
Phonk/...
2026-01-15 10:12:04,338 - INFO - ✅ title: Brevity of Thought, Vol. 2
2026-01-15 10:12:04,340 - INFO - ✅ artist: CURSED PLAYA
2026-01-15 10:12:04,345 - INFO - ✅ cover: https://media.zvonkodigital.ru/api/cover/100/29863428/
2026-01-15 10:12:04,359 - INFO - ✅ upc: 5016122336229
2026-01-15 10:12:04,364 - INFO - ✅ label: ROSSEL 66
2026-01-15 10:12:04,370 - INFO - ✅ date: 2025-02-25
2026-01-15 10:12:04,387 - INFO - ✅ territories: Все страны
2026-01-15 10:12:04,392 - INFO - ✅ platforms: 50
2026-01-15 10:12:04,397 - INFO - ✅ genre: Phonk/Fonk
2026-01-15 10:12:04,403 - INFO - ✅ Данные релиза #95 успешно извлечены
2026-01-15 10:12:04,403 - INFO - 
🔍 Парсинг релиза #96 (страница #5, позиция #16)...
2026-01-15 10:12:04,405 - INFO - 🔍 Извлечение данных из релиза #96...
2026-01-15 10:12:04,412 - INFO - 📝 Текст релиза: From the Province 2k18
NORTHXRN DRAMA
UPC
5063635296748
Название лейбла
ROSSEL 66
Дата создания
2025-02-21
Дата релиза
2025-03-14
Дата старта
2025-03-14
Территории
Все страны
Площадки
49
Жанр
Phonk/Fo...
2026-01-15 10:12:04,420 - INFO - ✅ title: From the Province 2k18
2026-01-15 10:12:04,423 - INFO - ✅ artist: NORTHXRN DRAMA
2026-01-15 10:12:04,427 - INFO - ✅ cover: https://media.zvonkodigital.ru/api/cover/100/29835174/
2026-01-15 10:12:04,441 - INFO - ✅ upc: 5063635296748
2026-01-15 10:12:04,447 - INFO - ✅ label: ROSSEL 66
2026-01-15 10:12:04,452 - INFO - ✅ date: 2025-02-21
2026-01-15 10:12:04,469 - INFO - ✅ territories: Все страны
2026-01-15 10:12:04,474 - INFO - ✅ platforms: 49
2026-01-15 10:12:04,479 - INFO - ✅ genre: Phonk/Fonk
2026-01-15 10:12:04,485 - INFO - ✅ Данные релиза #96 успешно извлечены
2026-01-15 10:12:04,485 - INFO - 
🔍 Парсинг релиза #97 (страница #5, позиция #17)...
2026-01-15 10:12:04,487 - INFO - 🔍 Извлечение данных из релиза #97...
2026-01-15 10:12:04,494 - INFO - 📝 Текст релиза: Солянка 2
nime
UPC
5063635283397
Название лейбла
ROSSEL 66
Дата создания
2025-02-19
Дата релиза
2025-02-28
Дата старта
2025-02-28
Территории
Все страны
Площадки
49
Жанр
Hip Hop/Rap
Трек-лист...
2026-01-15 10:12:04,503 - INFO - ✅ title: Солянка 2
2026-01-15 10:12:04,506 - INFO - ✅ artist: nime
2026-01-15 10:12:04,510 - INFO - ✅ cover: https://media.zvonkodigital.ru/api/cover/100/29799774/
2026-01-15 10:12:04,524 - INFO - ✅ upc: 5063635283397
2026-01-15 10:12:04,530 - INFO - ✅ label: ROSSEL 66
2026-01-15 10:12:04,535 - INFO - ✅ date: 2025-02-19
2026-01-15 10:12:04,552 - INFO - ✅ territories: Все страны
2026-01-15 10:12:04,557 - INFO - ✅ platforms: 49
2026-01-15 10:12:04,562 - INFO - ✅ genre: Hip Hop/Rap
2026-01-15 10:12:04,567 - INFO - ✅ Данные релиза #97 успешно извлечены
2026-01-15 10:12:04,567 - INFO - 
🔍 Парсинг релиза #98 (страница #5, позиция #18)...
2026-01-15 10:12:04,570 - INFO - 🔍 Извлечение данных из релиза #98...
2026-01-15 10:12:04,576 - INFO - 📝 Текст релиза: шашлык
передоз
UPC
5016122326343
Название лейбла
ROSSEL 66
Дата создания
2025-02-19
Дата релиза
2025-03-14
Дата старта
2025-03-14
Территории
Все страны
Площадки
50
Жанр
Rock
Трек-лист...
2026-01-15 10:12:04,584 - INFO - ✅ title: шашлык
2026-01-15 10:12:04,587 - INFO - ✅ artist: передоз
2026-01-15 10:12:04,591 - INFO - ✅ cover: https://media.zvonkodigital.ru/api/cover/100/29795049/
2026-01-15 10:12:04,605 - INFO - ✅ upc: 5016122326343
2026-01-15 10:12:04,611 - INFO - ✅ label: ROSSEL 66
2026-01-15 10:12:04,616 - INFO - ✅ date: 2025-02-19
2026-01-15 10:12:04,633 - INFO - ✅ territories: Все страны
2026-01-15 10:12:04,638 - INFO - ✅ platforms: 50
2026-01-15 10:12:04,643 - INFO - ✅ genre: Rock
2026-01-15 10:12:04,649 - INFO - ✅ Данные релиза #98 успешно извлечены
2026-01-15 10:12:04,649 - INFO - 
🔍 Парсинг релиза #99 (страница #5, позиция #19)...
2026-01-15 10:12:04,652 - INFO - 🔍 Извлечение данных из релиза #99...
2026-01-15 10:12:04,658 - INFO - 📝 Текст релиза: Города
ЭНТЕNДАНS
UPC
5016122327098
Название лейбла
ROSSEL 66
Дата создания
2025-02-19
Дата релиза
2025-02-28
Дата старта
2025-02-28
Территории
Все страны
Площадки
50
Жанр
Indie Rock
Трек-лист...
2026-01-15 10:12:04,666 - INFO - ✅ title: Города
2026-01-15 10:12:04,669 - INFO - ✅ artist: ЭНТЕNДАНS
2026-01-15 10:12:04,674 - INFO - ✅ cover: https://media.zvonkodigital.ru/api/cover/100/29795039/
2026-01-15 10:12:04,687 - INFO - ✅ upc: 5016122327098
2026-01-15 10:12:04,692 - INFO - ✅ label: ROSSEL 66
2026-01-15 10:12:04,698 - INFO - ✅ date: 2025-02-19
2026-01-15 10:12:04,714 - INFO - ✅ territories: Все страны
2026-01-15 10:12:04,720 - INFO - ✅ platforms: 50
2026-01-15 10:12:04,731 - INFO - ✅ Данные релиза #99 успешно извлечены
2026-01-15 10:12:04,731 - INFO - 
🔍 Парсинг релиза #100 (страница #5, позиция #20)...
2026-01-15 10:12:04,733 - INFO - 🔍 Извлечение данных из релиза #100...
2026-01-15 10:12:04,742 - INFO - 📝 Текст релиза: Амням
m3d, Neea
UPC
5016122327210
Название лейбла
ROSSEL 66
Дата создания
2025-02-19
Дата релиза
2025-02-28
Дата старта
2025-02-28
Территории
Все страны
Площадки
50
Жанр
Alternative Rock
Трек-лист...
2026-01-15 10:12:04,755 - INFO - ✅ title: Амням
2026-01-15 10:12:04,758 - INFO - ✅ artist: m3d, Neea
2026-01-15 10:12:04,763 - INFO - ✅ cover: https://media.zvonkodigital.ru/api/cover/100/29795030/
2026-01-15 10:12:04,776 - INFO - ✅ upc: 5016122327210
2026-01-15 10:12:04,782 - INFO - ✅ label: ROSSEL 66
2026-01-15 10:12:04,787 - INFO - ✅ date: 2025-02-19
2026-01-15 10:12:04,803 - INFO - ✅ territories: Все страны
2026-01-15 10:12:04,809 - INFO - ✅ platforms: 50
2026-01-15 10:12:04,821 - INFO - ✅ Данные релиза #100 успешно извлечены
2026-01-15 10:12:04,821 - INFO - ✅ Страница #5 завершена! Обработано 20 релизов
2026-01-15 10:12:04,826 - INFO - 🖱️ Переход к предыдущей странице...
2026-01-15 10:12:07,859 - INFO - 
📄 Обработка страницы #6...
2026-01-15 10:12:07,859 - INFO - 🔍 Парсинг страницы #6...
2026-01-15 10:12:14,903 - INFO - 📊 На странице #6 найдено 20 релизов по селектору: div.css-1xgpa60
2026-01-15 10:12:14,903 - INFO - 
🔍 Парсинг релиза #101 (страница #6, позиция #1)...
2026-01-15 10:12:14,908 - INFO - 🔍 Извлечение данных из релиза #101...
2026-01-15 10:12:14,920 - INFO - 📝 Текст релиза: Воспоминания
Sour Diesel
UPC
4039967177346
Название лейбла
ROSSEL 66
Дата создания
2025-02-18
Дата релиза
2021-12-25
Дата старта
2025-02-21
Территории
Все страны
Площадки
49
Жанр
Hip Hop/Rap
Трек-лист...
2026-01-15 10:12:14,930 - INFO - ✅ title: Воспоминания
2026-01-15 10:12:14,934 - INFO - ✅ artist: Sour Diesel
2026-01-15 10:12:14,939 - INFO - ✅ cover: https://media.zvonkodigital.ru/api/cover/100/29777060/
2026-01-15 10:12:14,954 - INFO - ✅ upc: 4039967177346
2026-01-15 10:12:14,960 - INFO - ✅ label: ROSSEL 66
2026-01-15 10:12:14,966 - INFO - ✅ date: 2025-02-18
2026-01-15 10:12:14,982 - INFO - ✅ territories: Все страны
2026-01-15 10:12:14,987 - INFO - ✅ platforms: 49
2026-01-15 10:12:14,993 - INFO - ✅ genre: Hip Hop/Rap
2026-01-15 10:12:14,998 - INFO - ✅ Данные релиза #101 успешно извлечены
2026-01-15 10:12:14,998 - INFO - 
🔍 Парсинг релиза #102 (страница #6, позиция #2)...
2026-01-15 10:12:15,001 - INFO - 🔍 Извлечение данных из релиза #102...
2026-01-15 10:12:15,008 - INFO - 📝 Текст релиза: NOTRUST
FRENBAT, triplepeepy
UPC
5016122325582
Название лейбла
ROSSEL 66
Дата создания
2025-02-17
Дата релиза
2025-02-28
Дата старта
2025-02-28
Территории
Все страны
Площадки
50
Жанр
Hip Hop/Rap
Трек-...
2026-01-15 10:12:15,016 - INFO - ✅ title: NOTRUST
2026-01-15 10:12:15,019 - INFO - ✅ artist: FRENBAT, triplepeepy
2026-01-15 10:12:15,023 - INFO - ✅ cover: https://media.zvonkodigital.ru/api/cover/100/29750787/
2026-01-15 10:12:15,037 - INFO - ✅ upc: 5016122325582
2026-01-15 10:12:15,042 - INFO - ✅ label: ROSSEL 66
2026-01-15 10:12:15,048 - INFO - ✅ date: 2025-02-17
2026-01-15 10:12:15,064 - INFO - ✅ territories: Все страны
2026-01-15 10:12:15,070 - INFO - ✅ platforms: 50
2026-01-15 10:12:15,075 - INFO - ✅ genre: Hip Hop/Rap
2026-01-15 10:12:15,081 - INFO - ✅ Данные релиза #102 успешно извлечены
2026-01-15 10:12:15,081 - INFO - 
🔍 Парсинг релиза #103 (страница #6, позиция #3)...
2026-01-15 10:12:15,083 - INFO - 🔍 Извлечение данных из релиза #103...
2026-01-15 10:12:15,089 - INFO - 📝 Текст релиза: Электро
Nnaia
UPC
5016122326114
Название лейбла
ROSSEL 66
Дата создания
2025-02-17
Дата релиза
2025-02-28
Дата старта
2025-02-28
Территории
Все страны
Площадки
50
Жанр
Dance
Трек-лист...
2026-01-15 10:12:15,097 - INFO - ✅ title: Электро
2026-01-15 10:12:15,100 - INFO - ✅ artist: Nnaia
2026-01-15 10:12:15,104 - INFO - ✅ cover: https://media.zvonkodigital.ru/api/cover/100/29750774/
2026-01-15 10:12:15,118 - INFO - ✅ upc: 5016122326114
2026-01-15 10:12:15,123 - INFO - ✅ label: ROSSEL 66
2026-01-15 10:12:15,129 - INFO - ✅ date: 2025-02-17
2026-01-15 10:12:15,144 - INFO - ✅ territories: Все страны
2026-01-15 10:12:15,150 - INFO - ✅ platforms: 50
2026-01-15 10:12:15,161 - INFO - ✅ Данные релиза #103 успешно извлечены
2026-01-15 10:12:15,161 - INFO - 
🔍 Парсинг релиза #104 (страница #6, позиция #4)...
2026-01-15 10:12:15,163 - INFO - 🔍 Извлечение данных из релиза #104...
2026-01-15 10:12:15,170 - INFO - 📝 Текст релиза: CREEP
MEELBRN
UPC
5016122314579
Название лейбла
ROSSEL 66
Дата создания
2025-02-06
Дата релиза
2025-02-21
Дата старта
2025-02-21
Территории
Все страны
Площадки
50
Жанр
Phonk/Fonk
Трек-лист...
2026-01-15 10:12:15,178 - INFO - ✅ title: CREEP
2026-01-15 10:12:15,181 - INFO - ✅ artist: MEELBRN
2026-01-15 10:12:15,186 - INFO - ✅ cover: https://media.zvonkodigital.ru/api/cover/100/29594497/
2026-01-15 10:12:15,199 - INFO - ✅ upc: 5016122314579
2026-01-15 10:12:15,205 - INFO - ✅ label: ROSSEL 66
2026-01-15 10:12:15,210 - INFO - ✅ date: 2025-02-06
2026-01-15 10:12:15,226 - INFO - ✅ territories: Все страны
2026-01-15 10:12:15,232 - INFO - ✅ platforms: 50
2026-01-15 10:12:15,237 - INFO - ✅ genre: Phonk/Fonk
2026-01-15 10:12:15,242 - INFO - ✅ Данные релиза #104 успешно извлечены
2026-01-15 10:12:15,242 - INFO - 
🔍 Парсинг релиза #105 (страница #6, позиция #5)...
2026-01-15 10:12:15,245 - INFO - 🔍 Извлечение данных из релиза #105...
2026-01-15 10:12:15,251 - INFO - 📝 Текст релиза: Secrets of Broken Hearts
ENTINE
UPC
5016122310380
Название лейбла
ROSSEL 66
Дата создания
2025-02-03
Дата релиза
2025-02-14
Дата старта
2025-02-14
Территории
Все страны
Площадки
50
Жанр
Hip Hop/Rap
Тр...
2026-01-15 10:12:15,259 - INFO - ✅ title: Secrets of Broken Hearts
2026-01-15 10:12:15,262 - INFO - ✅ artist: ENTINE
2026-01-15 10:12:15,266 - INFO - ✅ cover: https://media.zvonkodigital.ru/api/cover/100/29521025/
2026-01-15 10:12:15,281 - INFO - ✅ upc: 5016122310380
2026-01-15 10:12:15,286 - INFO - ✅ label: ROSSEL 66
2026-01-15 10:12:15,291 - INFO - ✅ date: 2025-02-03
2026-01-15 10:12:15,307 - INFO - ✅ territories: Все страны
2026-01-15 10:12:15,313 - INFO - ✅ platforms: 50
2026-01-15 10:12:15,318 - INFO - ✅ genre: Hip Hop/Rap
2026-01-15 10:12:15,323 - INFO - ✅ Данные релиза #105 успешно извлечены
2026-01-15 10:12:15,323 - INFO - 
🔍 Парсинг релиза #106 (страница #6, позиция #6)...
2026-01-15 10:12:15,326 - INFO - 🔍 Извлечение данных из релиза #106...
2026-01-15 10:12:15,332 - INFO - 📝 Текст релиза: Токсин
Sour Diesel, ASTRODYA
UPC
5016122313022
Название лейбла
ROSSEL 66
Дата создания
2025-02-03
Дата релиза
2025-02-14
Дата старта
2025-02-14
Территории
Все страны
Площадки
50
Жанр
Hip Hop/Rap
Трек-...
2026-01-15 10:12:15,340 - INFO - ✅ title: Токсин
2026-01-15 10:12:15,343 - INFO - ✅ artist: Sour Diesel, ASTRODYA
2026-01-15 10:12:15,348 - INFO - ✅ cover: https://media.zvonkodigital.ru/api/cover/100/29521017/
2026-01-15 10:12:15,362 - INFO - ✅ upc: 5016122313022
2026-01-15 10:12:15,371 - INFO - ✅ label: ROSSEL 66
2026-01-15 10:12:15,383 - INFO - ✅ date: 2025-02-03
2026-01-15 10:12:15,399 - INFO - ✅ territories: Все страны
2026-01-15 10:12:15,405 - INFO - ✅ platforms: 50
2026-01-15 10:12:15,410 - INFO - ✅ genre: Hip Hop/Rap
2026-01-15 10:12:15,416 - INFO - ✅ Данные релиза #106 успешно извлечены
2026-01-15 10:12:15,416 - INFO - 
🔍 Парсинг релиза #107 (страница #6, позиция #7)...
2026-01-15 10:12:15,418 - INFO - 🔍 Извлечение данных из релиза #107...
2026-01-15 10:12:15,425 - INFO - 📝 Текст релиза: Феназепам
Sour Diesel, qmanso
UPC
5063635184151
Название лейбла
ROSSEL 66
Дата создания
2025-01-28
Дата релиза
2025-01-24
Дата старта
2025-01-24
Территории
Все страны
Площадки
46
Жанр
Hip Hop/Rap
Трек...
2026-01-15 10:12:15,432 - INFO - ✅ title: Феназепам
2026-01-15 10:12:15,435 - INFO - ✅ artist: Sour Diesel, qmanso
2026-01-15 10:12:15,439 - INFO - ✅ cover: https://media.zvonkodigital.ru/api/cover/100/29461668/
2026-01-15 10:12:15,453 - INFO - ✅ upc: 5063635184151
2026-01-15 10:12:15,459 - INFO - ✅ label: ROSSEL 66
2026-01-15 10:12:15,464 - INFO - ✅ date: 2025-01-28
2026-01-15 10:12:15,480 - INFO - ✅ territories: Все страны
2026-01-15 10:12:15,486 - INFO - ✅ platforms: 46
2026-01-15 10:12:15,491 - INFO - ✅ genre: Hip Hop/Rap
2026-01-15 10:12:15,497 - INFO - ✅ Данные релиза #107 успешно извлечены
2026-01-15 10:12:15,497 - INFO - 
🔍 Парсинг релиза #108 (страница #6, позиция #8)...
2026-01-15 10:12:15,499 - INFO - 🔍 Извлечение данных из релиза #108...
2026-01-15 10:12:15,506 - INFO - 📝 Текст релиза: Gangsta Squid
NORTHXRN DRAMA
UPC
5016122303726
Название лейбла
ROSSEL 66
Дата создания
2025-01-27
Дата релиза
2025-02-07
Дата старта
2025-02-07
Территории
Все страны
Площадки
50
Жанр
Phonk/Fonk
Трек-л...
2026-01-15 10:12:15,514 - INFO - ✅ title: Gangsta Squid
2026-01-15 10:12:15,517 - INFO - ✅ artist: NORTHXRN DRAMA
2026-01-15 10:12:15,522 - INFO - ✅ cover: https://media.zvonkodigital.ru/api/cover/100/29435542/
2026-01-15 10:12:15,536 - INFO - ✅ upc: 5016122303726
2026-01-15 10:12:15,543 - INFO - ✅ label: ROSSEL 66
2026-01-15 10:12:15,549 - INFO - ✅ date: 2025-01-27
2026-01-15 10:12:15,565 - INFO - ✅ territories: Все страны
2026-01-15 10:12:15,570 - INFO - ✅ platforms: 50
2026-01-15 10:12:15,575 - INFO - ✅ genre: Phonk/Fonk
2026-01-15 10:12:15,581 - INFO - ✅ Данные релиза #108 успешно извлечены
2026-01-15 10:12:15,581 - INFO - 
🔍 Парсинг релиза #109 (страница #6, позиция #9)...
2026-01-15 10:12:15,584 - INFO - 🔍 Извлечение данных из релиза #109...
2026-01-15 10:12:15,590 - INFO - 📝 Текст релиза: Mors Somnium
Makishima, PROGRAM_fantasy
UPC
5016122301562
Название лейбла
ROSSEL 66
Дата создания
2025-01-22
Дата релиза
2025-02-14
Дата старта
2025-02-14
Территории
Все страны
Площадки
50
Жанр
House
...
2026-01-15 10:12:15,598 - INFO - ✅ title: Mors Somnium
2026-01-15 10:12:15,600 - INFO - ✅ artist: Makishima, PROGRAM_fantasy
2026-01-15 10:12:15,605 - INFO - ✅ cover: https://media.zvonkodigital.ru/api/cover/100/29378590/
2026-01-15 10:12:15,619 - INFO - ✅ upc: 5016122301562
2026-01-15 10:12:15,624 - INFO - ✅ label: ROSSEL 66
2026-01-15 10:12:15,630 - INFO - ✅ date: 2025-01-22
2026-01-15 10:12:15,646 - INFO - ✅ territories: Все страны
2026-01-15 10:12:15,652 - INFO - ✅ platforms: 50
2026-01-15 10:12:15,663 - INFO - ✅ Данные релиза #109 успешно извлечены
2026-01-15 10:12:15,663 - INFO - 
🔍 Парсинг релиза #110 (страница #6, позиция #10)...
2026-01-15 10:12:15,665 - INFO - 🔍 Извлечение данных из релиза #110...
2026-01-15 10:12:15,672 - INFO - 📝 Текст релиза: д000п (feat. DayKeys)
эбойгрин feat. DayKeys
UPC
4680961033758
Название лейбла
ROSSEL 66
Дата создания
2025-01-21
Дата релиза
2021-06-19
Дата старта
2025-01-18
Территории
Все страны
Площадки
49
Жанр
P...
2026-01-15 10:12:15,680 - INFO - ✅ title: д000п (feat. DayKeys)
2026-01-15 10:12:15,684 - INFO - ✅ artist: эбойгрин feat. DayKeys
2026-01-15 10:12:15,688 - INFO - ✅ cover: https://media.zvonkodigital.ru/api/cover/100/29376161/
2026-01-15 10:12:15,705 - INFO - ✅ upc: 4680961033758
2026-01-15 10:12:15,711 - INFO - ✅ label: ROSSEL 66
2026-01-15 10:12:15,716 - INFO - ✅ date: 2025-01-21
2026-01-15 10:12:15,732 - INFO - ✅ territories: Все страны
2026-01-15 10:12:15,738 - INFO - ✅ platforms: 49
2026-01-15 10:12:15,748 - INFO - ✅ Данные релиза #110 успешно извлечены
2026-01-15 10:12:15,748 - INFO - 
🔍 Парсинг релиза #111 (страница #6, позиция #11)...
2026-01-15 10:12:15,751 - INFO - 🔍 Извлечение данных из релиза #111...
2026-01-15 10:12:15,757 - INFO - 📝 Текст релиза: собирательный образ всех наших загонов
эбойгрин
UPC
5059487946979
Название лейбла
ROSSEL 66
Дата создания
2025-01-20
Дата релиза
2020-10-02
Дата старта
2025-01-18
Территории
Все страны
Площадки
49
Жан...
2026-01-15 10:12:15,765 - INFO - ✅ title: собирательный образ всех наших загонов
2026-01-15 10:12:15,768 - INFO - ✅ artist: эбойгрин
2026-01-15 10:12:15,772 - INFO - ✅ cover: https://media.zvonkodigital.ru/api/cover/100/29364806/
2026-01-15 10:12:15,787 - INFO - ✅ upc: 5059487946979
2026-01-15 10:12:15,792 - INFO - ✅ label: ROSSEL 66
2026-01-15 10:12:15,798 - INFO - ✅ date: 2025-01-20
2026-01-15 10:12:15,821 - INFO - ✅ territories: Все страны
2026-01-15 10:12:15,827 - INFO - ✅ platforms: 49
2026-01-15 10:12:15,838 - INFO - ✅ Данные релиза #111 успешно извлечены
2026-01-15 10:12:15,838 - INFO - 
🔍 Парсинг релиза #112 (страница #6, позиция #12)...
2026-01-15 10:12:15,841 - INFO - 🔍 Извлечение данных из релиза #112...
2026-01-15 10:12:15,847 - INFO - 📝 Текст релиза: киса
эбойгрин
UPC
4680960956805
Название лейбла
ROSSEL 66
Дата создания
2025-01-20
Дата релиза
2021-02-27
Дата старта
2025-01-18
Территории
Все страны
Площадки
6
Жанр
Pop/Rock
Трек-лист...
2026-01-15 10:12:15,855 - INFO - ✅ title: киса
2026-01-15 10:12:15,857 - INFO - ✅ artist: эбойгрин
2026-01-15 10:12:15,862 - INFO - ✅ cover: https://media.zvonkodigital.ru/api/cover/100/29362289/
2026-01-15 10:12:15,876 - INFO - ✅ upc: 4680960956805
2026-01-15 10:12:15,882 - INFO - ✅ label: ROSSEL 66
2026-01-15 10:12:15,887 - INFO - ✅ date: 2025-01-20
2026-01-15 10:12:15,903 - INFO - ✅ territories: Все страны
2026-01-15 10:12:15,920 - INFO - ✅ Данные релиза #112 успешно извлечены
2026-01-15 10:12:15,920 - INFO - 
🔍 Парсинг релиза #113 (страница #6, позиция #13)...
2026-01-15 10:12:15,923 - INFO - 🔍 Извлечение данных из релиза #113...
2026-01-15 10:12:15,930 - INFO - 📝 Текст релиза: Diss and Diss
nime
UPC
5016122296110
Название лейбла
ROSSEL 66
Дата создания
2025-01-20
Дата релиза
2025-01-24
Дата старта
2025-01-24
Территории
Все страны
Площадки
2
Жанр
Hip Hop/Rap
Трек-лист...
2026-01-15 10:12:15,938 - INFO - ✅ title: Diss and Diss
2026-01-15 10:12:15,941 - INFO - ✅ artist: nime
2026-01-15 10:12:15,946 - INFO - ✅ cover: https://media.zvonkodigital.ru/api/cover/100/29350328/
2026-01-15 10:12:15,960 - INFO - ✅ upc: 5016122296110
2026-01-15 10:12:15,966 - INFO - ✅ label: ROSSEL 66
2026-01-15 10:12:15,971 - INFO - ✅ date: 2025-01-20
2026-01-15 10:12:15,987 - INFO - ✅ territories: Все страны
2026-01-15 10:12:15,998 - INFO - ✅ genre: Hip Hop/Rap
2026-01-15 10:12:16,003 - INFO - ✅ Данные релиза #113 успешно извлечены
2026-01-15 10:12:16,003 - INFO - 
🔍 Парсинг релиза #114 (страница #6, позиция #14)...
2026-01-15 10:12:16,006 - INFO - 🔍 Извлечение данных из релиза #114...
2026-01-15 10:12:16,012 - INFO - 📝 Текст релиза: улетай
чудесно!
UPC
5016122292075
Название лейбла
ROSSEL 66
Дата создания
2025-01-13
Дата релиза
2025-01-31
Дата старта
2025-01-31
Территории
Все страны
Площадки
50
Жанр
Russian Rock
Трек-лист...
2026-01-15 10:12:16,020 - INFO - ✅ title: улетай
2026-01-15 10:12:16,023 - INFO - ✅ artist: чудесно!
2026-01-15 10:12:16,028 - INFO - ✅ cover: https://media.zvonkodigital.ru/api/cover/100/29266805/
2026-01-15 10:12:16,042 - INFO - ✅ upc: 5016122292075
2026-01-15 10:12:16,048 - INFO - ✅ label: ROSSEL 66
2026-01-15 10:12:16,053 - INFO - ✅ date: 2025-01-13
2026-01-15 10:12:16,069 - INFO - ✅ territories: Все страны
2026-01-15 10:12:16,074 - INFO - ✅ platforms: 50
2026-01-15 10:12:16,086 - INFO - ✅ Данные релиза #114 успешно извлечены
2026-01-15 10:12:16,086 - INFO - 
🔍 Парсинг релиза #115 (страница #6, позиция #15)...
2026-01-15 10:12:16,088 - INFO - 🔍 Извлечение данных из релиза #115...
2026-01-15 10:12:16,095 - INFO - 📝 Текст релиза: MIRAGE
MEELBRN
UPC
5016122290415
Название лейбла
ROSSEL 66
Дата создания
2025-01-10
Дата релиза
2025-01-17
Дата старта
2025-01-17
Территории
Все страны
Площадки
50
Жанр
Phonk/Fonk
Трек-лист...
2026-01-15 10:12:16,104 - INFO - ✅ title: MIRAGE
2026-01-15 10:12:16,106 - INFO - ✅ artist: MEELBRN
2026-01-15 10:12:16,111 - INFO - ✅ cover: https://media.zvonkodigital.ru/api/cover/100/29250548/
2026-01-15 10:12:16,125 - INFO - ✅ upc: 5016122290415
2026-01-15 10:12:16,131 - INFO - ✅ label: ROSSEL 66
2026-01-15 10:12:16,136 - INFO - ✅ date: 2025-01-10
2026-01-15 10:12:16,153 - INFO - ✅ territories: Все страны
2026-01-15 10:12:16,157 - INFO - ✅ platforms: 50
2026-01-15 10:12:16,163 - INFO - ✅ genre: Phonk/Fonk
2026-01-15 10:12:16,169 - INFO - ✅ Данные релиза #115 успешно извлечены
2026-01-15 10:12:16,169 - INFO - 
🔍 Парсинг релиза #116 (страница #6, позиция #16)...
2026-01-15 10:12:16,171 - INFO - 🔍 Извлечение данных из релиза #116...
2026-01-15 10:12:16,178 - INFO - 📝 Текст релиза: Memories of Marseille
NORTHXRN DRAMA
UPC
5016122273029
Название лейбла
ROSSEL 66
Дата создания
2025-01-10
Дата релиза
2025-01-10
Дата старта
2025-01-10
Территории
Все страны
Площадки
50
Жанр
Phonk/Fon...
2026-01-15 10:12:16,186 - INFO - ✅ title: Memories of Marseille
2026-01-15 10:12:16,189 - INFO - ✅ artist: NORTHXRN DRAMA
2026-01-15 10:12:16,193 - INFO - ✅ cover: https://media.zvonkodigital.ru/api/cover/100/29250524/
2026-01-15 10:12:16,207 - INFO - ✅ upc: 5016122273029
2026-01-15 10:12:16,212 - INFO - ✅ label: ROSSEL 66
2026-01-15 10:12:16,218 - INFO - ✅ date: 2025-01-10
2026-01-15 10:12:16,233 - INFO - ✅ territories: Все страны
2026-01-15 10:12:16,238 - INFO - ✅ platforms: 50
2026-01-15 10:12:16,244 - INFO - ✅ genre: Phonk/Fonk
2026-01-15 10:12:16,249 - INFO - ✅ Данные релиза #116 успешно извлечены
2026-01-15 10:12:16,249 - INFO - 
🔍 Парсинг релиза #117 (страница #6, позиция #17)...
2026-01-15 10:12:16,251 - INFO - 🔍 Извлечение данных из релиза #117...
2026-01-15 10:12:16,258 - INFO - 📝 Текст релиза: Override
Matcukito Kioto
UPC
5016122289297
Название лейбла
ROSSEL 66
Дата создания
2025-01-09
Дата релиза
2025-01-24
Дата старта
2025-01-24
Территории
Все страны
Площадки
50
Жанр
Phonk/Fonk
Трек-лист...
2026-01-15 10:12:16,266 - INFO - ✅ title: Override
2026-01-15 10:12:16,269 - INFO - ✅ artist: Matcukito Kioto
2026-01-15 10:12:16,273 - INFO - ✅ cover: https://media.zvonkodigital.ru/api/cover/100/29192847/
2026-01-15 10:12:16,289 - INFO - ✅ upc: 5016122289297
2026-01-15 10:12:16,294 - INFO - ✅ label: ROSSEL 66
2026-01-15 10:12:16,300 - INFO - ✅ date: 2025-01-09
2026-01-15 10:12:16,316 - INFO - ✅ territories: Все страны
2026-01-15 10:12:16,321 - INFO - ✅ platforms: 50
2026-01-15 10:12:16,326 - INFO - ✅ genre: Phonk/Fonk
2026-01-15 10:12:16,331 - INFO - ✅ Данные релиза #117 успешно извлечены
2026-01-15 10:12:16,331 - INFO - 
🔍 Парсинг релиза #118 (страница #6, позиция #18)...
2026-01-15 10:12:16,334 - INFO - 🔍 Извлечение данных из релиза #118...
2026-01-15 10:12:16,340 - INFO - 📝 Текст релиза: объебошенный
передоз
UPC
5016122277270
Название лейбла
ROSSEL 66
Дата создания
2025-01-09
Дата релиза
2024-12-27
Дата старта
2024-12-27
Территории
Все страны
Площадки
50
Жанр
Rock
Трек-лист...
2026-01-15 10:12:16,348 - INFO - ✅ title: объебошенный
2026-01-15 10:12:16,351 - INFO - ✅ artist: передоз
2026-01-15 10:12:16,355 - INFO - ✅ cover: https://media.zvonkodigital.ru/api/cover/100/29192819/
2026-01-15 10:12:16,370 - INFO - ✅ upc: 5016122277270
2026-01-15 10:12:16,375 - INFO - ✅ label: ROSSEL 66
2026-01-15 10:12:16,380 - INFO - ✅ date: 2025-01-09
2026-01-15 10:12:16,396 - INFO - ✅ territories: Все страны
2026-01-15 10:12:16,401 - INFO - ✅ platforms: 50
2026-01-15 10:12:16,407 - INFO - ✅ genre: Rock
2026-01-15 10:12:16,412 - INFO - ✅ Данные релиза #118 успешно извлечены
2026-01-15 10:12:16,412 - INFO - 
🔍 Парсинг релиза #119 (страница #6, позиция #19)...
2026-01-15 10:12:16,415 - INFO - 🔍 Извлечение данных из релиза #119...
2026-01-15 10:12:16,424 - INFO - 📝 Текст релиза: LUVWINTER
W.1ce3
UPC
5016122283370
Название лейбла
ROSSEL 66
Дата создания
2025-01-09
Дата релиза
2025-01-10
Дата старта
2025-01-10
Территории
Все страны
Площадки
50
Жанр
Hip Hop/Rap
Трек-лист...
2026-01-15 10:12:16,437 - INFO - ✅ title: LUVWINTER
2026-01-15 10:12:16,439 - INFO - ✅ artist: W.1ce3
2026-01-15 10:12:16,444 - INFO - ✅ cover: https://media.zvonkodigital.ru/api/cover/100/29192811/
2026-01-15 10:12:16,459 - INFO - ✅ upc: 5016122283370
2026-01-15 10:12:16,464 - INFO - ✅ label: ROSSEL 66
2026-01-15 10:12:16,469 - INFO - ✅ date: 2025-01-09
2026-01-15 10:12:16,485 - INFO - ✅ territories: Все страны
2026-01-15 10:12:16,490 - INFO - ✅ platforms: 50
2026-01-15 10:12:16,496 - INFO - ✅ genre: Hip Hop/Rap
2026-01-15 10:12:16,501 - INFO - ✅ Данные релиза #119 успешно извлечены
2026-01-15 10:12:16,501 - INFO - 
🔍 Парсинг релиза #120 (страница #6, позиция #20)...
2026-01-15 10:12:16,503 - INFO - 🔍 Извлечение данных из релиза #120...
2026-01-15 10:12:16,509 - INFO - 📝 Текст релиза: Snowball
LXNOWER
UPC
5016122279946
Название лейбла
ROSSEL 66
Дата создания
2025-01-09
Дата релиза
2025-01-10
Дата старта
2025-01-10
Территории
Все страны
Площадки
50
Жанр
Phonk/Fonk
Трек-лист...
2026-01-15 10:12:16,517 - INFO - ✅ title: Snowball
2026-01-15 10:12:16,520 - INFO - ✅ artist: LXNOWER
2026-01-15 10:12:16,524 - INFO - ✅ cover: https://media.zvonkodigital.ru/api/cover/100/29192803/
2026-01-15 10:12:16,538 - INFO - ✅ upc: 5016122279946
2026-01-15 10:12:16,544 - INFO - ✅ label: ROSSEL 66
2026-01-15 10:12:16,549 - INFO - ✅ date: 2025-01-09
2026-01-15 10:12:16,565 - INFO - ✅ territories: Все страны
2026-01-15 10:12:16,570 - INFO - ✅ platforms: 50
2026-01-15 10:12:16,575 - INFO - ✅ genre: Phonk/Fonk
2026-01-15 10:12:16,581 - INFO - ✅ Данные релиза #120 успешно извлечены
2026-01-15 10:12:16,581 - INFO - ✅ Страница #6 завершена! Обработано 20 релизов
2026-01-15 10:12:16,585 - INFO - 🖱️ Переход к предыдущей странице...
2026-01-15 10:12:19,611 - INFO - 
📄 Обработка страницы #7...
2026-01-15 10:12:19,611 - INFO - 🔍 Парсинг страницы #7...
2026-01-15 10:12:26,645 - INFO - 📊 На странице #7 найдено 20 релизов по селектору: div.css-1xgpa60
2026-01-15 10:12:26,645 - INFO - 
🔍 Парсинг релиза #121 (страница #7, позиция #1)...
2026-01-15 10:12:26,650 - INFO - 🔍 Извлечение данных из релиза #121...
2026-01-15 10:12:26,661 - INFO - 📝 Текст релиза: Громко захожу
EnellySayk
UPC
5016122275559
Название лейбла
ROSSEL 66
Дата создания
2025-01-09
Дата релиза
2025-01-10
Дата старта
2025-01-10
Территории
Все страны
Площадки
50
Жанр
Hip Hop/Rap
Трек-лист...
2026-01-15 10:12:26,672 - INFO - ✅ title: Громко захожу
2026-01-15 10:12:26,676 - INFO - ✅ artist: EnellySayk
2026-01-15 10:12:26,681 - INFO - ✅ cover: https://media.zvonkodigital.ru/api/cover/100/29192795/
2026-01-15 10:12:26,697 - INFO - ✅ upc: 5016122275559
2026-01-15 10:12:26,702 - INFO - ✅ label: ROSSEL 66
2026-01-15 10:12:26,707 - INFO - ✅ date: 2025-01-09
2026-01-15 10:12:26,727 - INFO - ✅ territories: Все страны
2026-01-15 10:12:26,738 - INFO - ✅ platforms: 50
2026-01-15 10:12:26,744 - INFO - ✅ genre: Hip Hop/Rap
2026-01-15 10:12:26,749 - INFO - ✅ Данные релиза #121 успешно извлечены
2026-01-15 10:12:26,749 - INFO - 
🔍 Парсинг релиза #122 (страница #7, позиция #2)...
2026-01-15 10:12:26,752 - INFO - 🔍 Извлечение данных из релиза #122...
2026-01-15 10:12:26,759 - INFO - 📝 Текст релиза: Vertigo
Matcukito Kioto
UPC
5016122278857
Название лейбла
ROSSEL 66
Дата создания
2025-01-09
Дата релиза
2025-01-10
Дата старта
2025-01-10
Территории
Все страны
Площадки
50
Жанр
Phonk/Fonk
Трек-лист...
2026-01-15 10:12:26,767 - INFO - ✅ title: Vertigo
2026-01-15 10:12:26,770 - INFO - ✅ artist: Matcukito Kioto
2026-01-15 10:12:26,774 - INFO - ✅ cover: https://media.zvonkodigital.ru/api/cover/100/29192735/
2026-01-15 10:12:26,788 - INFO - ✅ upc: 5016122278857
2026-01-15 10:12:26,794 - INFO - ✅ label: ROSSEL 66
2026-01-15 10:12:26,799 - INFO - ✅ date: 2025-01-09
2026-01-15 10:12:26,814 - INFO - ✅ territories: Все страны
2026-01-15 10:12:26,819 - INFO - ✅ platforms: 50
2026-01-15 10:12:26,824 - INFO - ✅ genre: Phonk/Fonk
2026-01-15 10:12:26,830 - INFO - ✅ Данные релиза #122 успешно извлечены
2026-01-15 10:12:26,830 - INFO - 
🔍 Парсинг релиза #123 (страница #7, позиция #3)...
2026-01-15 10:12:26,832 - INFO - 🔍 Извлечение данных из релиза #123...
2026-01-15 10:12:26,839 - INFO - 📝 Текст релиза: Night Love
Matcukito Kioto
UPC
5016122287446
Название лейбла
ROSSEL 66
Дата создания
2025-01-09
Дата релиза
2025-02-07
Дата старта
2025-02-07
Территории
Все страны
Площадки
50
Жанр
Phonk/Fonk
Трек-лис...
2026-01-15 10:12:26,846 - INFO - ✅ title: Night Love
2026-01-15 10:12:26,849 - INFO - ✅ artist: Matcukito Kioto
2026-01-15 10:12:26,853 - INFO - ✅ cover: https://media.zvonkodigital.ru/api/cover/100/29192727/
2026-01-15 10:12:26,867 - INFO - ✅ upc: 5016122287446
2026-01-15 10:12:26,872 - INFO - ✅ label: ROSSEL 66
2026-01-15 10:12:26,877 - INFO - ✅ date: 2025-01-09
2026-01-15 10:12:26,894 - INFO - ✅ territories: Все страны
2026-01-15 10:12:26,899 - INFO - ✅ platforms: 50
2026-01-15 10:12:26,904 - INFO - ✅ genre: Phonk/Fonk
2026-01-15 10:12:26,910 - INFO - ✅ Данные релиза #123 успешно извлечены
2026-01-15 10:12:26,910 - INFO - 
🔍 Парсинг релиза #124 (страница #7, позиция #4)...
2026-01-15 10:12:26,912 - INFO - 🔍 Извлечение данных из релиза #124...
2026-01-15 10:12:26,924 - INFO - 📝 Текст релиза: Солянка Bivis
nime
UPC
5016122271070
Название лейбла
ROSSEL 66
Дата создания
2024-12-28
Дата релиза
2024-12-27
Дата старта
2024-12-27
Территории
Все страны
Площадки
49
Жанр
Hip Hop/Rap
Трек-лист...
2026-01-15 10:12:26,935 - INFO - ✅ title: Солянка Bivis
2026-01-15 10:12:26,938 - INFO - ✅ artist: nime
2026-01-15 10:12:26,942 - INFO - ✅ cover: https://media.zvonkodigital.ru/api/cover/100/29187552/
2026-01-15 10:12:26,956 - INFO - ✅ upc: 5016122271070
2026-01-15 10:12:26,962 - INFO - ✅ label: ROSSEL 66
2026-01-15 10:12:26,967 - INFO - ✅ date: 2024-12-28
2026-01-15 10:12:26,984 - INFO - ✅ territories: Все страны
2026-01-15 10:12:26,989 - INFO - ✅ platforms: 49
2026-01-15 10:12:26,994 - INFO - ✅ genre: Hip Hop/Rap
2026-01-15 10:12:27,000 - INFO - ✅ Данные релиза #124 успешно извлечены
2026-01-15 10:12:27,000 - INFO - 
🔍 Парсинг релиза #125 (страница #7, позиция #5)...
2026-01-15 10:12:27,003 - INFO - 🔍 Извлечение данных из релиза #125...
2026-01-15 10:12:27,009 - INFO - 📝 Текст релиза: The Fire Will Always Burn
NORTHXRN DRAMA
UPC
5016122263143
Название лейбла
ROSSEL 66
Дата создания
2024-12-28
Дата релиза
2024-12-27
Дата старта
2024-12-27
Территории
Все страны
Площадки
50
Жанр
Phonk...
2026-01-15 10:12:27,017 - INFO - ✅ title: The Fire Will Always Burn
2026-01-15 10:12:27,020 - INFO - ✅ artist: NORTHXRN DRAMA
2026-01-15 10:12:27,024 - INFO - ✅ cover: https://media.zvonkodigital.ru/api/cover/100/29185592/
2026-01-15 10:12:27,039 - INFO - ✅ upc: 5016122263143
2026-01-15 10:12:27,044 - INFO - ✅ label: ROSSEL 66
2026-01-15 10:12:27,050 - INFO - ✅ date: 2024-12-28
2026-01-15 10:12:27,066 - INFO - ✅ territories: Все страны
2026-01-15 10:12:27,071 - INFO - ✅ platforms: 50
2026-01-15 10:12:27,077 - INFO - ✅ genre: Phonk/Fonk
2026-01-15 10:12:27,082 - INFO - ✅ Данные релиза #125 успешно извлечены
2026-01-15 10:12:27,082 - INFO - 
🔍 Парсинг релиза #126 (страница #7, позиция #6)...
2026-01-15 10:12:27,084 - INFO - 🔍 Извлечение данных из релиза #126...
2026-01-15 10:12:27,091 - INFO - 📝 Текст релиза: why u so rude
Amori
UPC
5063635109543
Название лейбла
ROSSEL 66
Дата создания
2024-12-27
Дата релиза
2025-01-10
Дата старта
2025-01-10
Территории
Все страны
Площадки
48
Жанр
Russian Hip-Hop
Трек-лист...
2026-01-15 10:12:27,099 - INFO - ✅ title: why u so rude
2026-01-15 10:12:27,101 - INFO - ✅ artist: Amori
2026-01-15 10:12:27,105 - INFO - ✅ cover: https://media.zvonkodigital.ru/api/cover/100/29175537/
2026-01-15 10:12:27,119 - INFO - ✅ upc: 5063635109543
2026-01-15 10:12:27,124 - INFO - ✅ label: ROSSEL 66
2026-01-15 10:12:27,130 - INFO - ✅ date: 2024-12-27
2026-01-15 10:12:27,146 - INFO - ✅ territories: Все страны
2026-01-15 10:12:27,152 - INFO - ✅ platforms: 48
2026-01-15 10:12:27,163 - INFO - ✅ Данные релиза #126 успешно извлечены
2026-01-15 10:12:27,163 - INFO - 
🔍 Парсинг релиза #127 (страница #7, позиция #7)...
2026-01-15 10:12:27,165 - INFO - 🔍 Извлечение данных из релиза #127...
2026-01-15 10:12:27,172 - INFO - 📝 Текст релиза: DARK KINGDOM 3
Takeda
UPC
5063635035422
Название лейбла
ROSSEL 66
Дата создания
2024-12-10
Дата релиза
2024-10-18
Дата старта
2024-10-18
Территории
Все страны
Площадки
7
Жанр
Phonk/Fonk
Трек-лист...
2026-01-15 10:12:27,180 - INFO - ✅ title: DARK KINGDOM 3
2026-01-15 10:12:27,182 - INFO - ✅ artist: Takeda
2026-01-15 10:12:27,187 - INFO - ✅ cover: https://media.zvonkodigital.ru/api/cover/100/28956981/
2026-01-15 10:12:27,202 - INFO - ✅ upc: 5063635035422
2026-01-15 10:12:27,207 - INFO - ✅ label: ROSSEL 66
2026-01-15 10:12:27,213 - INFO - ✅ date: 2024-12-10
2026-01-15 10:12:27,228 - INFO - ✅ territories: Все страны
2026-01-15 10:12:27,239 - INFO - ✅ genre: Phonk/Fonk
2026-01-15 10:12:27,244 - INFO - ✅ Данные релиза #127 успешно извлечены
2026-01-15 10:12:27,244 - INFO - 
🔍 Парсинг релиза #128 (страница #7, позиция #8)...
2026-01-15 10:12:27,247 - INFO - 🔍 Извлечение данных из релиза #128...
2026-01-15 10:12:27,254 - INFO - 📝 Текст релиза: BERSERK
Makishima, MEELBRN
UPC
5063287147108
Название лейбла
ROSSEL 66
Дата создания
2024-12-09
Дата релиза
2024-01-19
Дата старта
2024-01-19
Территории
Все страны
Площадки
50
Жанр
Phonk/Fonk
Трек-лис...
2026-01-15 10:12:27,262 - INFO - ✅ title: BERSERK
2026-01-15 10:12:27,265 - INFO - ✅ artist: Makishima, MEELBRN
2026-01-15 10:12:27,270 - INFO - ✅ cover: https://media.zvonkodigital.ru/api/cover/100/28943093/
2026-01-15 10:12:27,284 - INFO - ✅ upc: 5063287147108
2026-01-15 10:12:27,290 - INFO - ✅ label: ROSSEL 66
2026-01-15 10:12:27,296 - INFO - ✅ date: 2024-12-09
2026-01-15 10:12:27,312 - INFO - ✅ territories: Все страны
2026-01-15 10:12:27,318 - INFO - ✅ platforms: 50
2026-01-15 10:12:27,323 - INFO - ✅ genre: Phonk/Fonk
2026-01-15 10:12:27,329 - INFO - ✅ Данные релиза #128 успешно извлечены
2026-01-15 10:12:27,329 - INFO - 
🔍 Парсинг релиза #129 (страница #7, позиция #9)...
2026-01-15 10:12:27,332 - INFO - 🔍 Извлечение данных из релиза #129...
2026-01-15 10:12:27,338 - INFO - 📝 Текст релиза: ip1p
Makishima
UPC
5063287223314
Название лейбла
ROSSEL 66
Дата создания
2024-12-09
Дата релиза
2024-05-05
Дата старта
2024-05-05
Территории
Все страны
Площадки
49
Жанр
Phonk/Fonk
Трек-лист...
2026-01-15 10:12:27,346 - INFO - ✅ title: ip1p
2026-01-15 10:12:27,349 - INFO - ✅ artist: Makishima
2026-01-15 10:12:27,354 - INFO - ✅ cover: https://media.zvonkodigital.ru/api/cover/100/28926341/
2026-01-15 10:12:27,368 - INFO - ✅ upc: 5063287223314
2026-01-15 10:12:27,374 - INFO - ✅ label: ROSSEL 66
2026-01-15 10:12:27,380 - INFO - ✅ date: 2024-12-09
2026-01-15 10:12:27,396 - INFO - ✅ territories: Все страны
2026-01-15 10:12:27,401 - INFO - ✅ platforms: 49
2026-01-15 10:12:27,406 - INFO - ✅ genre: Phonk/Fonk
2026-01-15 10:12:27,412 - INFO - ✅ Данные релиза #129 успешно извлечены
2026-01-15 10:12:27,412 - INFO - 
🔍 Парсинг релиза #130 (страница #7, позиция #10)...
2026-01-15 10:12:27,414 - INFO - 🔍 Извлечение данных из релиза #130...
2026-01-15 10:12:27,421 - INFO - 📝 Текст релиза: Mistress
Makishima
UPC
5063287104323
Название лейбла
ROSSEL 66
Дата создания
2024-12-09
Дата релиза
2023-11-10
Дата старта
2023-11-10
Территории
Все страны
Площадки
50
Жанр
Phonk/Fonk
Трек-лист...
2026-01-15 10:12:27,429 - INFO - ✅ title: Mistress
2026-01-15 10:12:27,432 - INFO - ✅ artist: Makishima
2026-01-15 10:12:27,437 - INFO - ✅ cover: https://media.zvonkodigital.ru/api/cover/100/28924491/
2026-01-15 10:12:27,451 - INFO - ✅ upc: 5063287104323
2026-01-15 10:12:27,456 - INFO - ✅ label: ROSSEL 66
2026-01-15 10:12:27,461 - INFO - ✅ date: 2024-12-09
2026-01-15 10:12:27,477 - INFO - ✅ territories: Все страны
2026-01-15 10:12:27,482 - INFO - ✅ platforms: 50
2026-01-15 10:12:27,488 - INFO - ✅ genre: Phonk/Fonk
2026-01-15 10:12:27,493 - INFO - ✅ Данные релиза #130 успешно извлечены
2026-01-15 10:12:27,493 - INFO - 
🔍 Парсинг релиза #131 (страница #7, позиция #11)...
2026-01-15 10:12:27,496 - INFO - 🔍 Извлечение данных из релиза #131...
2026-01-15 10:12:27,502 - INFO - 📝 Текст релиза: Пить чай
ЭНТЕNДАНS
UPC
5063635020718
Название лейбла
ROSSEL 66
Дата создания
2024-12-06
Дата релиза
2024-12-20
Дата старта
2024-12-20
Территории
Все страны
Площадки
51
Жанр
Indie Pop
Трек-лист...
2026-01-15 10:12:27,510 - INFO - ✅ title: Пить чай
2026-01-15 10:12:27,513 - INFO - ✅ artist: ЭНТЕNДАНS
2026-01-15 10:12:27,517 - INFO - ✅ cover: https://media.zvonkodigital.ru/api/cover/100/28917022/
2026-01-15 10:12:27,532 - INFO - ✅ upc: 5063635020718
2026-01-15 10:12:27,537 - INFO - ✅ label: ROSSEL 66
2026-01-15 10:12:27,542 - INFO - ✅ date: 2024-12-06
2026-01-15 10:12:27,558 - INFO - ✅ territories: Все страны
2026-01-15 10:12:27,563 - INFO - ✅ platforms: 51
2026-01-15 10:12:27,574 - INFO - ✅ Данные релиза #131 успешно извлечены
2026-01-15 10:12:27,574 - INFO - 
🔍 Парсинг релиза #132 (страница #7, позиция #12)...
2026-01-15 10:12:27,576 - INFO - 🔍 Извлечение данных из релиза #132...
2026-01-15 10:12:27,583 - INFO - 📝 Текст релиза: Ты не знаешь
Nnaia
UPC
3617224898961
Название лейбла
ROSSEL 66
Дата создания
2024-11-25
Дата релиза
2023-07-21
Дата старта
2023-07-21
Территории
Все страны
Площадки
50
Жанр
Pop
Трек-лист...
2026-01-15 10:12:27,591 - INFO - ✅ title: Ты не знаешь
2026-01-15 10:12:27,594 - INFO - ✅ artist: Nnaia
2026-01-15 10:12:27,598 - INFO - ✅ cover: https://media.zvonkodigital.ru/api/cover/100/28734362/
2026-01-15 10:12:27,613 - INFO - ✅ upc: 3617224898961
2026-01-15 10:12:27,618 - INFO - ✅ label: ROSSEL 66
2026-01-15 10:12:27,623 - INFO - ✅ date: 2024-11-25
2026-01-15 10:12:27,639 - INFO - ✅ territories: Все страны
2026-01-15 10:12:27,645 - INFO - ✅ platforms: 50
2026-01-15 10:12:27,651 - INFO - ✅ genre: Pop
2026-01-15 10:12:27,657 - INFO - ✅ Данные релиза #132 успешно извлечены
2026-01-15 10:12:27,657 - INFO - 
🔍 Парсинг релиза #133 (страница #7, позиция #13)...
2026-01-15 10:12:27,660 - INFO - 🔍 Извлечение данных из релиза #133...
2026-01-15 10:12:27,667 - INFO - 📝 Текст релиза: Танец души
Nnaia
UPC
3617055921159
Название лейбла
ROSSEL 66
Дата создания
2024-11-25
Дата релиза
2023-02-10
Дата старта
2023-02-10
Территории
Все страны
Площадки
50
Жанр
Pop
Трек-лист...
2026-01-15 10:12:27,675 - INFO - ✅ title: Танец души
2026-01-15 10:12:27,678 - INFO - ✅ artist: Nnaia
2026-01-15 10:12:27,683 - INFO - ✅ cover: https://media.zvonkodigital.ru/api/cover/100/28734303/
2026-01-15 10:12:27,697 - INFO - ✅ upc: 3617055921159
2026-01-15 10:12:27,702 - INFO - ✅ label: ROSSEL 66
2026-01-15 10:12:27,708 - INFO - ✅ date: 2024-11-25
2026-01-15 10:12:27,724 - INFO - ✅ territories: Все страны
2026-01-15 10:12:27,730 - INFO - ✅ platforms: 50
2026-01-15 10:12:27,735 - INFO - ✅ genre: Pop
2026-01-15 10:12:27,741 - INFO - ✅ Данные релиза #133 успешно извлечены
2026-01-15 10:12:27,741 - INFO - 
🔍 Парсинг релиза #134 (страница #7, позиция #14)...
2026-01-15 10:12:27,744 - INFO - 🔍 Извлечение данных из релиза #134...
2026-01-15 10:12:27,750 - INFO - 📝 Текст релиза: Пустяки
Nnaia
UPC
5063466954190
Название лейбла
ROSSEL 66
Дата создания
2024-11-25
Дата релиза
2024-09-20
Дата старта
2024-09-20
Территории
Все страны
Площадки
50
Жанр
Pop
Трек-лист...
2026-01-15 10:12:27,758 - INFO - ✅ title: Пустяки
2026-01-15 10:12:27,761 - INFO - ✅ artist: Nnaia
2026-01-15 10:12:27,765 - INFO - ✅ cover: https://media.zvonkodigital.ru/api/cover/100/28731525/
2026-01-15 10:12:27,779 - INFO - ✅ upc: 5063466954190
2026-01-15 10:12:27,784 - INFO - ✅ label: ROSSEL 66
2026-01-15 10:12:27,790 - INFO - ✅ date: 2024-11-25
2026-01-15 10:12:27,806 - INFO - ✅ territories: Все страны
2026-01-15 10:12:27,812 - INFO - ✅ platforms: 50
2026-01-15 10:12:27,819 - INFO - ✅ genre: Pop
2026-01-15 10:12:27,833 - INFO - ✅ Данные релиза #134 успешно извлечены
2026-01-15 10:12:27,833 - INFO - 
🔍 Парсинг релиза #135 (страница #7, позиция #15)...
2026-01-15 10:12:27,840 - INFO - 🔍 Извлечение данных из релиза #135...
2026-01-15 10:12:27,850 - INFO - 📝 Текст релиза: Blood Side
Matcukito Kioto
UPC
5063466950123
Название лейбла
ROSSEL 66
Дата создания
2024-11-22
Дата релиза
2024-12-06
Дата старта
2024-12-06
Территории
Все страны
Площадки
49
Жанр
Phonk/Fonk
Трек-лис...
2026-01-15 10:12:27,862 - INFO - ✅ title: Blood Side
2026-01-15 10:12:27,866 - INFO - ✅ artist: Matcukito Kioto
2026-01-15 10:12:27,871 - INFO - ✅ cover: https://media.zvonkodigital.ru/api/cover/100/28716920/
2026-01-15 10:12:27,885 - INFO - ✅ upc: 5063466950123
2026-01-15 10:12:27,890 - INFO - ✅ label: ROSSEL 66
2026-01-15 10:12:27,896 - INFO - ✅ date: 2024-11-22
2026-01-15 10:12:27,912 - INFO - ✅ territories: Все страны
2026-01-15 10:12:27,917 - INFO - ✅ platforms: 49
2026-01-15 10:12:27,922 - INFO - ✅ genre: Phonk/Fonk
2026-01-15 10:12:27,927 - INFO - ✅ Данные релиза #135 успешно извлечены
2026-01-15 10:12:27,927 - INFO - 
🔍 Парсинг релиза #136 (страница #7, позиция #16)...
2026-01-15 10:12:27,929 - INFO - 🔍 Извлечение данных из релиза #136...
2026-01-15 10:12:27,936 - INFO - 📝 Текст релиза: Pulse
Matcukito Kioto
UPC
5063466950116
Название лейбла
ROSSEL 66
Дата создания
2024-11-22
Дата релиза
2024-12-20
Дата старта
2024-12-20
Территории
Все страны
Площадки
49
Жанр
Phonk/Fonk
Трек-лист...
2026-01-15 10:12:27,944 - INFO - ✅ title: Pulse
2026-01-15 10:12:27,947 - INFO - ✅ artist: Matcukito Kioto
2026-01-15 10:12:27,951 - INFO - ✅ cover: https://media.zvonkodigital.ru/api/cover/100/28716908/
2026-01-15 10:12:27,966 - INFO - ✅ upc: 5063466950116
2026-01-15 10:12:27,971 - INFO - ✅ label: ROSSEL 66
2026-01-15 10:12:27,976 - INFO - ✅ date: 2024-11-22
2026-01-15 10:12:27,992 - INFO - ✅ territories: Все страны
2026-01-15 10:12:27,998 - INFO - ✅ platforms: 49
2026-01-15 10:12:28,003 - INFO - ✅ genre: Phonk/Fonk
2026-01-15 10:12:28,008 - INFO - ✅ Данные релиза #136 успешно извлечены
2026-01-15 10:12:28,008 - INFO - 
🔍 Парсинг релиза #137 (страница #7, позиция #17)...
2026-01-15 10:12:28,011 - INFO - 🔍 Извлечение данных из релиза #137...
2026-01-15 10:12:28,017 - INFO - 📝 Текст релиза: DEAD SOULS
TXYK
UPC
5063466950093
Название лейбла
ROSSEL 66
Дата создания
2024-11-22
Дата релиза
2024-12-06
Дата старта
2024-12-06
Территории
Все страны
Площадки
49
Жанр
Phonk/Fonk
Трек-лист...
2026-01-15 10:12:28,025 - INFO - ✅ title: DEAD SOULS
2026-01-15 10:12:28,028 - INFO - ✅ artist: TXYK
2026-01-15 10:12:28,033 - INFO - ✅ cover: https://media.zvonkodigital.ru/api/cover/100/28716874/
2026-01-15 10:12:28,046 - INFO - ✅ upc: 5063466950093
2026-01-15 10:12:28,052 - INFO - ✅ label: ROSSEL 66
2026-01-15 10:12:28,057 - INFO - ✅ date: 2024-11-22
2026-01-15 10:12:28,073 - INFO - ✅ territories: Все страны
2026-01-15 10:12:28,078 - INFO - ✅ platforms: 49
2026-01-15 10:12:28,084 - INFO - ✅ genre: Phonk/Fonk
2026-01-15 10:12:28,089 - INFO - ✅ Данные релиза #137 успешно извлечены
2026-01-15 10:12:28,089 - INFO - 
🔍 Парсинг релиза #138 (страница #7, позиция #18)...
2026-01-15 10:12:28,092 - INFO - 🔍 Извлечение данных из релиза #138...
2026-01-15 10:12:28,098 - INFO - 📝 Текст релиза: Хедшот
stemstyl
UPC
5063466921413
Название лейбла
ROSSEL 66
Дата создания
2024-11-18
Дата релиза
2024-12-06
Дата старта
2024-12-06
Территории
Все страны
Площадки
49
Жанр
Hip Hop/Rap
Трек-лист...
2026-01-15 10:12:28,106 - INFO - ✅ title: Хедшот
2026-01-15 10:12:28,109 - INFO - ✅ artist: stemstyl
2026-01-15 10:12:28,113 - INFO - ✅ cover: https://media.zvonkodigital.ru/api/cover/100/28637420/
2026-01-15 10:12:28,127 - INFO - ✅ upc: 5063466921413
2026-01-15 10:12:28,133 - INFO - ✅ label: ROSSEL 66
2026-01-15 10:12:28,138 - INFO - ✅ date: 2024-11-18
2026-01-15 10:12:28,154 - INFO - ✅ territories: Все страны
2026-01-15 10:12:28,159 - INFO - ✅ platforms: 49
2026-01-15 10:12:28,165 - INFO - ✅ genre: Hip Hop/Rap
2026-01-15 10:12:28,171 - INFO - ✅ Данные релиза #138 успешно извлечены
2026-01-15 10:12:28,171 - INFO - 
🔍 Парсинг релиза #139 (страница #7, позиция #19)...
2026-01-15 10:12:28,174 - INFO - 🔍 Извлечение данных из релиза #139...
2026-01-15 10:12:28,181 - INFO - 📝 Текст релиза: Не могу говорить
ripznxx
UPC
5063466921185
Название лейбла
ROSSEL 66
Дата создания
2024-11-18
Дата релиза
2024-12-06
Дата старта
2024-12-06
Территории
Все страны
Площадки
49
Жанр
Hip Hop/Rap
Трек-лист...
2026-01-15 10:12:28,188 - INFO - ✅ title: Не могу говорить
2026-01-15 10:12:28,191 - INFO - ✅ artist: ripznxx
2026-01-15 10:12:28,196 - INFO - ✅ cover: https://media.zvonkodigital.ru/api/cover/100/28637082/
2026-01-15 10:12:28,210 - INFO - ✅ upc: 5063466921185
2026-01-15 10:12:28,215 - INFO - ✅ label: ROSSEL 66
2026-01-15 10:12:28,221 - INFO - ✅ date: 2024-11-18
2026-01-15 10:12:28,237 - INFO - ✅ territories: Все страны
2026-01-15 10:12:28,242 - INFO - ✅ platforms: 49
2026-01-15 10:12:28,248 - INFO - ✅ genre: Hip Hop/Rap
2026-01-15 10:12:28,253 - INFO - ✅ Данные релиза #139 успешно извлечены
2026-01-15 10:12:28,253 - INFO - 
🔍 Парсинг релиза #140 (страница #7, позиция #20)...
2026-01-15 10:12:28,256 - INFO - 🔍 Извлечение данных из релиза #140...
2026-01-15 10:12:28,263 - INFO - 📝 Текст релиза: Miss U
Amori
UPC
5063466884206
Название лейбла
ROSSEL 66
Дата создания
2024-11-08
Дата релиза
2024-10-27
Дата старта
2024-12-12
Территории
Все страны
Площадки
48
Жанр
Russian Hip-Hop
Трек-лист...
2026-01-15 10:12:28,271 - INFO - ✅ title: Miss U
2026-01-15 10:12:28,273 - INFO - ✅ artist: Amori
2026-01-15 10:12:28,278 - INFO - ✅ cover: https://media.zvonkodigital.ru/api/cover/100/28538752/
2026-01-15 10:12:28,291 - INFO - ✅ upc: 5063466884206
2026-01-15 10:12:28,297 - INFO - ✅ label: ROSSEL 66
2026-01-15 10:12:28,302 - INFO - ✅ date: 2024-11-08
2026-01-15 10:12:28,317 - INFO - ✅ territories: Все страны
2026-01-15 10:12:28,323 - INFO - ✅ platforms: 48
2026-01-15 10:12:28,333 - INFO - ✅ Данные релиза #140 успешно извлечены
2026-01-15 10:12:28,333 - INFO - ✅ Страница #7 завершена! Обработано 20 релизов
2026-01-15 10:12:28,337 - INFO - 🖱️ Переход к предыдущей странице...
2026-01-15 10:12:31,365 - INFO - 
📄 Обработка страницы #8...
2026-01-15 10:12:31,365 - INFO - 🔍 Парсинг страницы #8...
2026-01-15 10:12:38,402 - INFO - 📊 На странице #8 найдено 20 релизов по селектору: div.css-1xgpa60
2026-01-15 10:12:38,402 - INFO - 
🔍 Парсинг релиза #141 (страница #8, позиция #1)...
2026-01-15 10:12:38,406 - INFO - 🔍 Извлечение данных из релиза #141...
2026-01-15 10:12:38,417 - INFO - 📝 Текст релиза: г*шик!!
theflexxboy
UPC
5063466880444
Название лейбла
theflexxboy
Дата создания
2024-11-07
Дата релиза
2024-11-15
Дата старта
2024-11-15
Территории
Все страны
Площадки
49
Жанр
Hip Hop/Rap
Трек-лист...
2026-01-15 10:12:38,428 - INFO - ✅ title: г*шик!!
2026-01-15 10:12:38,431 - INFO - ✅ artist: theflexxboy
2026-01-15 10:12:38,437 - INFO - ✅ cover: https://media.zvonkodigital.ru/api/cover/100/28527801/
2026-01-15 10:12:38,452 - INFO - ✅ upc: 5063466880444
2026-01-15 10:12:38,464 - INFO - ✅ date: 2024-11-07
2026-01-15 10:12:38,480 - INFO - ✅ territories: Все страны
2026-01-15 10:12:38,486 - INFO - ✅ platforms: 49
2026-01-15 10:12:38,491 - INFO - ✅ genre: Hip Hop/Rap
2026-01-15 10:12:38,497 - INFO - ✅ Данные релиза #141 успешно извлечены
2026-01-15 10:12:38,497 - INFO - 
🔍 Парсинг релиза #142 (страница #8, позиция #2)...
2026-01-15 10:12:38,499 - INFO - 🔍 Извлечение данных из релиза #142...
2026-01-15 10:12:38,506 - INFO - 📝 Текст релиза: PLENTY TOMBS
MEELBRN
UPC
5063466879776
Название лейбла
ROSSEL 66
Дата создания
2024-11-07
Дата релиза
2024-11-22
Дата старта
2024-11-22
Территории
Все страны
Площадки
49
Жанр
Hip Hop/Rap
Трек-лист...
2026-01-15 10:12:38,515 - INFO - ✅ title: PLENTY TOMBS
2026-01-15 10:12:38,517 - INFO - ✅ artist: MEELBRN
2026-01-15 10:12:38,522 - INFO - ✅ cover: https://media.zvonkodigital.ru/api/cover/100/28524966/
2026-01-15 10:12:38,536 - INFO - ✅ upc: 5063466879776
2026-01-15 10:12:38,541 - INFO - ✅ label: ROSSEL 66
2026-01-15 10:12:38,546 - INFO - ✅ date: 2024-11-07
2026-01-15 10:12:38,561 - INFO - ✅ territories: Все страны
2026-01-15 10:12:38,567 - INFO - ✅ platforms: 49
2026-01-15 10:12:38,572 - INFO - ✅ genre: Hip Hop/Rap
2026-01-15 10:12:38,578 - INFO - ✅ Данные релиза #142 успешно извлечены
2026-01-15 10:12:38,578 - INFO - 
🔍 Парсинг релиза #143 (страница #8, позиция #3)...
2026-01-15 10:12:38,580 - INFO - 🔍 Извлечение данных из релиза #143...
2026-01-15 10:12:38,587 - INFO - 📝 Текст релиза: Боль
night moral, $cReat
UPC
5063466866820
Название лейбла
ROSSEL 66
Дата создания
2024-11-05
Дата релиза
2024-11-22
Дата старта
2024-11-22
Территории
Все страны
Площадки
49
Жанр
Hyperpop
Трек-лист...
2026-01-15 10:12:38,595 - INFO - ✅ title: Боль
2026-01-15 10:12:38,598 - INFO - ✅ artist: night moral, $cReat
2026-01-15 10:12:38,602 - INFO - ✅ cover: https://media.zvonkodigital.ru/api/cover/100/28488080/
2026-01-15 10:12:38,622 - INFO - ✅ upc: 5063466866820
2026-01-15 10:12:38,627 - INFO - ✅ label: ROSSEL 66
2026-01-15 10:12:38,633 - INFO - ✅ date: 2024-11-05
2026-01-15 10:12:38,650 - INFO - ✅ territories: Все страны
2026-01-15 10:12:38,655 - INFO - ✅ platforms: 49
2026-01-15 10:12:38,666 - INFO - ✅ Данные релиза #143 успешно извлечены
2026-01-15 10:12:38,666 - INFO - 
🔍 Парсинг релиза #144 (страница #8, позиция #4)...
2026-01-15 10:12:38,668 - INFO - 🔍 Извлечение данных из релиза #144...
2026-01-15 10:12:38,674 - INFO - 📝 Текст релиза: BROKEN DRUMS / THE DARK AGES
Takeda, Roudie J.
UPC
5063466864024
Название лейбла
ROSSEL 66
Дата создания
2024-11-05
Дата релиза
2024-11-15
Дата старта
2024-11-15
Территории
Все страны
Площадки
1
Жанр
...
2026-01-15 10:12:38,682 - INFO - ✅ title: BROKEN DRUMS / THE DARK AGES
2026-01-15 10:12:38,684 - INFO - ✅ artist: Takeda, Roudie J.
2026-01-15 10:12:38,688 - INFO - ✅ cover: https://media.zvonkodigital.ru/api/cover/100/28478195/
2026-01-15 10:12:38,702 - INFO - ✅ upc: 5063466864024
2026-01-15 10:12:38,707 - INFO - ✅ label: ROSSEL 66
2026-01-15 10:12:38,712 - INFO - ✅ date: 2024-11-05
2026-01-15 10:12:38,728 - INFO - ✅ territories: Все страны
2026-01-15 10:12:38,739 - INFO - ✅ genre: Phonk/Fonk
2026-01-15 10:12:38,744 - INFO - ✅ Данные релиза #144 успешно извлечены
2026-01-15 10:12:38,744 - INFO - 
🔍 Парсинг релиза #145 (страница #8, позиция #5)...
2026-01-15 10:12:38,747 - INFO - 🔍 Извлечение данных из релиза #145...
2026-01-15 10:12:38,753 - INFO - 📝 Текст релиза: Порезы
night moral
UPC
5063466847690
Название лейбла
ROSSEL 66
Дата создания
2024-11-02
Дата релиза
2024-11-29
Дата старта
2024-11-29
Территории
Все страны
Площадки
49
Жанр
Hip Hop/Rap
Трек-лист...
2026-01-15 10:12:38,761 - INFO - ✅ title: Порезы
2026-01-15 10:12:38,764 - INFO - ✅ artist: night moral
2026-01-15 10:12:38,768 - INFO - ✅ cover: https://media.zvonkodigital.ru/api/cover/100/28464427/
2026-01-15 10:12:38,782 - INFO - ✅ upc: 5063466847690
2026-01-15 10:12:38,788 - INFO - ✅ label: ROSSEL 66
2026-01-15 10:12:38,793 - INFO - ✅ date: 2024-11-02
2026-01-15 10:12:38,809 - INFO - ✅ territories: Все страны
2026-01-15 10:12:38,815 - INFO - ✅ platforms: 49
2026-01-15 10:12:38,820 - INFO - ✅ genre: Hip Hop/Rap
2026-01-15 10:12:38,825 - INFO - ✅ Данные релиза #145 успешно извлечены
2026-01-15 10:12:38,825 - INFO - 
🔍 Парсинг релиза #146 (страница #8, позиция #6)...
2026-01-15 10:12:38,828 - INFO - 🔍 Извлечение данных из релиза #146...
2026-01-15 10:12:38,835 - INFO - 📝 Текст релиза: In Da Memories
wvlaik
UPC
5063466847171
Название лейбла
ROSSEL 66
Дата создания
2024-11-02
Дата релиза
2024-11-15
Дата старта
2024-11-15
Территории
Все страны
Площадки
49
Жанр
Phonk/Fonk
Трек-лист...
2026-01-15 10:12:38,843 - INFO - ✅ title: In Da Memories
2026-01-15 10:12:38,846 - INFO - ✅ artist: wvlaik
2026-01-15 10:12:38,851 - INFO - ✅ cover: https://media.zvonkodigital.ru/api/cover/100/28463167/
2026-01-15 10:12:38,865 - INFO - ✅ upc: 5063466847171
2026-01-15 10:12:38,870 - INFO - ✅ label: ROSSEL 66
2026-01-15 10:12:38,875 - INFO - ✅ date: 2024-11-02
2026-01-15 10:12:38,891 - INFO - ✅ territories: Все страны
2026-01-15 10:12:38,902 - INFO - ✅ platforms: 49
2026-01-15 10:12:38,908 - INFO - ✅ genre: Phonk/Fonk
2026-01-15 10:12:38,914 - INFO - ✅ Данные релиза #146 успешно извлечены
2026-01-15 10:12:38,914 - INFO - 
🔍 Парсинг релиза #147 (страница #8, позиция #7)...
2026-01-15 10:12:38,916 - INFO - 🔍 Извлечение данных из релиза #147...
2026-01-15 10:12:38,923 - INFO - 📝 Текст релиза: ТЕЛО
EnellySayk
UPC
5063466828750
Название лейбла
ROSSEL 66
Дата создания
2024-10-30
Дата релиза
2024-11-15
Дата старта
2024-11-15
Территории
Все страны
Площадки
49
Жанр
Hip Hop/Rap
Трек-лист...
2026-01-15 10:12:38,931 - INFO - ✅ title: ТЕЛО
2026-01-15 10:12:38,933 - INFO - ✅ artist: EnellySayk
2026-01-15 10:12:38,938 - INFO - ✅ cover: https://media.zvonkodigital.ru/api/cover/100/28416344/
2026-01-15 10:12:38,952 - INFO - ✅ upc: 5063466828750
2026-01-15 10:12:38,957 - INFO - ✅ label: ROSSEL 66
2026-01-15 10:12:38,962 - INFO - ✅ date: 2024-10-30
2026-01-15 10:12:38,978 - INFO - ✅ territories: Все страны
2026-01-15 10:12:38,984 - INFO - ✅ platforms: 49
2026-01-15 10:12:38,989 - INFO - ✅ genre: Hip Hop/Rap
2026-01-15 10:12:38,995 - INFO - ✅ Данные релиза #147 успешно извлечены
2026-01-15 10:12:38,995 - INFO - 
🔍 Парсинг релиза #148 (страница #8, позиция #8)...
2026-01-15 10:12:38,997 - INFO - 🔍 Извлечение данных из релиза #148...
2026-01-15 10:12:39,004 - INFO - 📝 Текст релиза: FALL OF THE EMPIRE
LXNOWER, MENDXZA
UPC
5063466817662
Название лейбла
ROSSEL 66
Дата создания
2024-10-28
Дата релиза
2024-11-08
Дата старта
2024-11-08
Территории
Все страны
Площадки
50
Жанр
Phonk/Fonk...
2026-01-15 10:12:39,013 - INFO - ✅ title: FALL OF THE EMPIRE
2026-01-15 10:12:39,016 - INFO - ✅ artist: LXNOWER, MENDXZA
2026-01-15 10:12:39,020 - INFO - ✅ cover: https://media.zvonkodigital.ru/api/cover/100/28383042/
2026-01-15 10:12:39,035 - INFO - ✅ upc: 5063466817662
2026-01-15 10:12:39,042 - INFO - ✅ label: ROSSEL 66
2026-01-15 10:12:39,047 - INFO - ✅ date: 2024-10-28
2026-01-15 10:12:39,064 - INFO - ✅ territories: Все страны
2026-01-15 10:12:39,069 - INFO - ✅ platforms: 50
2026-01-15 10:12:39,074 - INFO - ✅ genre: Phonk/Fonk
2026-01-15 10:12:39,080 - INFO - ✅ Данные релиза #148 успешно извлечены
2026-01-15 10:12:39,080 - INFO - 
🔍 Парсинг релиза #149 (страница #8, позиция #9)...
2026-01-15 10:12:39,083 - INFO - 🔍 Извлечение данных из релиза #149...
2026-01-15 10:12:39,089 - INFO - 📝 Текст релиза: Trap Queen
Sour Diesel
UPC
5063466816351
Название лейбла
ROSSEL 66
Дата создания
2024-10-28
Дата релиза
2024-07-12
Дата старта
2024-07-12
Территории
Все страны
Площадки
1
Жанр
Hip Hop/Rap
Трек-лист...
2026-01-15 10:12:39,098 - INFO - ✅ title: Trap Queen
2026-01-15 10:12:39,100 - INFO - ✅ artist: Sour Diesel
2026-01-15 10:12:39,104 - INFO - ✅ cover: https://media.zvonkodigital.ru/api/cover/100/28378735/
2026-01-15 10:12:39,119 - INFO - ✅ upc: 5063466816351
2026-01-15 10:12:39,124 - INFO - ✅ label: ROSSEL 66
2026-01-15 10:12:39,130 - INFO - ✅ date: 2024-10-28
2026-01-15 10:12:39,146 - INFO - ✅ territories: Все страны
2026-01-15 10:12:39,157 - INFO - ✅ genre: Hip Hop/Rap
2026-01-15 10:12:39,164 - INFO - ✅ Данные релиза #149 успешно извлечены
2026-01-15 10:12:39,164 - INFO - 
🔍 Парсинг релиза #150 (страница #8, позиция #10)...
2026-01-15 10:12:39,173 - INFO - 🔍 Извлечение данных из релиза #150...
2026-01-15 10:12:39,187 - INFO - 📝 Текст релиза: Angel
Sour Diesel, ENSCAPE, setinai
UPC
5063466807441
Название лейбла
ROSSEL 66
Дата создания
2024-10-24
Дата релиза
2024-11-08
Дата старта
2024-11-08
Территории
Все страны
Площадки
49
Жанр
Hip Hop/Ra...
2026-01-15 10:12:39,200 - INFO - ✅ title: Angel
2026-01-15 10:12:39,205 - INFO - ✅ artist: Sour Diesel, ENSCAPE, setinai
2026-01-15 10:12:39,212 - INFO - ✅ cover: https://media.zvonkodigital.ru/api/cover/100/28348592/
2026-01-15 10:12:39,226 - INFO - ✅ upc: 5063466807441
2026-01-15 10:12:39,232 - INFO - ✅ label: ROSSEL 66
2026-01-15 10:12:39,237 - INFO - ✅ date: 2024-10-24
2026-01-15 10:12:39,254 - INFO - ✅ territories: Все страны
2026-01-15 10:12:39,259 - INFO - ✅ platforms: 49
2026-01-15 10:12:39,264 - INFO - ✅ genre: Hip Hop/Rap
2026-01-15 10:12:39,270 - INFO - ✅ Данные релиза #150 успешно извлечены
2026-01-15 10:12:39,270 - INFO - 
🔍 Парсинг релиза #151 (страница #8, позиция #11)...
2026-01-15 10:12:39,272 - INFO - 🔍 Извлечение данных из релиза #151...
2026-01-15 10:12:39,279 - INFO - 📝 Текст релиза: flying
PLVT
UPC
5063466806932
Название лейбла
ROSSEL 66
Дата создания
2024-10-24
Дата релиза
2024-11-08
Дата старта
2024-11-08
Территории
Все страны
Площадки
49
Жанр
Dance
Трек-лист...
2026-01-15 10:12:39,287 - INFO - ✅ title: flying
2026-01-15 10:12:39,290 - INFO - ✅ artist: PLVT
2026-01-15 10:12:39,294 - INFO - ✅ cover: https://media.zvonkodigital.ru/api/cover/100/28347555/
2026-01-15 10:12:39,308 - INFO - ✅ upc: 5063466806932
2026-01-15 10:12:39,313 - INFO - ✅ label: ROSSEL 66
2026-01-15 10:12:39,318 - INFO - ✅ date: 2024-10-24
2026-01-15 10:12:39,333 - INFO - ✅ territories: Все страны
2026-01-15 10:12:39,338 - INFO - ✅ platforms: 49
2026-01-15 10:12:39,349 - INFO - ✅ Данные релиза #151 успешно извлечены
2026-01-15 10:12:39,349 - INFO - 
🔍 Парсинг релиза #152 (страница #8, позиция #12)...
2026-01-15 10:12:39,351 - INFO - 🔍 Извлечение данных из релиза #152...
2026-01-15 10:12:39,358 - INFO - 📝 Текст релиза: 808 OPPONENTS
Roudie J.
UPC
5063466805997
Название лейбла
ROSSEL 66
Дата создания
2024-10-24
Дата релиза
2024-11-08
Дата старта
2024-11-08
Территории
Все страны
Площадки
49
Жанр
Hip Hop/Rap
Трек-лист...
2026-01-15 10:12:39,366 - INFO - ✅ title: 808 OPPONENTS
2026-01-15 10:12:39,368 - INFO - ✅ artist: Roudie J.
2026-01-15 10:12:39,373 - INFO - ✅ cover: https://media.zvonkodigital.ru/api/cover/100/28346213/
2026-01-15 10:12:39,387 - INFO - ✅ upc: 5063466805997
2026-01-15 10:12:39,392 - INFO - ✅ label: ROSSEL 66
2026-01-15 10:12:39,397 - INFO - ✅ date: 2024-10-24
2026-01-15 10:12:39,422 - INFO - ✅ territories: Все страны
2026-01-15 10:12:39,428 - INFO - ✅ platforms: 49
2026-01-15 10:12:39,434 - INFO - ✅ genre: Hip Hop/Rap
2026-01-15 10:12:39,440 - INFO - ✅ Данные релиза #152 успешно извлечены
2026-01-15 10:12:39,440 - INFO - 
🔍 Парсинг релиза #153 (страница #8, позиция #13)...
2026-01-15 10:12:39,443 - INFO - 🔍 Извлечение данных из релиза #153...
2026-01-15 10:12:39,450 - INFO - 📝 Текст релиза: BROKEN DRUMS / THE DARK AGES
Takeda, Roudie J.
UPC
5063466797506
Название лейбла
ROSSEL 66
Дата создания
2024-10-22
Дата релиза
2024-11-01
Дата старта
2024-11-01
Территории
Все страны
Площадки
47
Жанр...
2026-01-15 10:12:39,458 - INFO - ✅ title: BROKEN DRUMS / THE DARK AGES
2026-01-15 10:12:39,461 - INFO - ✅ artist: Takeda, Roudie J.
2026-01-15 10:12:39,466 - INFO - ✅ cover: https://media.zvonkodigital.ru/api/cover/100/28316957/
2026-01-15 10:12:39,480 - INFO - ✅ upc: 5063466797506
2026-01-15 10:12:39,485 - INFO - ✅ label: ROSSEL 66
2026-01-15 10:12:39,490 - INFO - ✅ date: 2024-10-22
2026-01-15 10:12:39,506 - INFO - ✅ territories: Все страны
2026-01-15 10:12:39,512 - INFO - ✅ platforms: 47
2026-01-15 10:12:39,517 - INFO - ✅ genre: Phonk/Fonk
2026-01-15 10:12:39,523 - INFO - ✅ Данные релиза #153 успешно извлечены
2026-01-15 10:12:39,523 - INFO - 
🔍 Парсинг релиза #154 (страница #8, позиция #14)...
2026-01-15 10:12:39,525 - INFO - 🔍 Извлечение данных из релиза #154...
2026-01-15 10:12:39,532 - INFO - 📝 Текст релиза: TOKYO GOAT
W.1ce3
UPC
5063466795311
Название лейбла
ROSSEL 66
Дата создания
2024-10-22
Дата релиза
2024-11-08
Дата старта
2024-11-08
Территории
Все страны
Площадки
49
Жанр
Phonk/Fonk
Трек-лист...
2026-01-15 10:12:39,540 - INFO - ✅ title: TOKYO GOAT
2026-01-15 10:12:39,543 - INFO - ✅ artist: W.1ce3
2026-01-15 10:12:39,548 - INFO - ✅ cover: https://media.zvonkodigital.ru/api/cover/100/28310550/
2026-01-15 10:12:39,562 - INFO - ✅ upc: 5063466795311
2026-01-15 10:12:39,568 - INFO - ✅ label: ROSSEL 66
2026-01-15 10:12:39,573 - INFO - ✅ date: 2024-10-22
2026-01-15 10:12:39,591 - INFO - ✅ territories: Все страны
2026-01-15 10:12:39,597 - INFO - ✅ platforms: 49
2026-01-15 10:12:39,602 - INFO - ✅ genre: Phonk/Fonk
2026-01-15 10:12:39,607 - INFO - ✅ Данные релиза #154 успешно извлечены
2026-01-15 10:12:39,607 - INFO - 
🔍 Парсинг релиза #155 (страница #8, позиция #15)...
2026-01-15 10:12:39,610 - INFO - 🔍 Извлечение данных из релиза #155...
2026-01-15 10:12:39,617 - INFO - 📝 Текст релиза: Enchanted
MENDXZA, rxyskiy
UPC
5063466794543
Название лейбла
ROSSEL 66
Дата создания
2024-10-22
Дата релиза
2024-11-22
Дата старта
2024-11-22
Территории
Все страны
Площадки
49
Жанр
Phonk/Fonk
Трек-лис...
2026-01-15 10:12:39,624 - INFO - ✅ title: Enchanted
2026-01-15 10:12:39,627 - INFO - ✅ artist: MENDXZA, rxyskiy
2026-01-15 10:12:39,632 - INFO - ✅ cover: https://media.zvonkodigital.ru/api/cover/100/28309158/
2026-01-15 10:12:39,655 - INFO - ✅ upc: 5063466794543
2026-01-15 10:12:39,661 - INFO - ✅ label: ROSSEL 66
2026-01-15 10:12:39,666 - INFO - ✅ date: 2024-10-22
2026-01-15 10:12:39,682 - INFO - ✅ territories: Все страны
2026-01-15 10:12:39,688 - INFO - ✅ platforms: 49
2026-01-15 10:12:39,693 - INFO - ✅ genre: Phonk/Fonk
2026-01-15 10:12:39,699 - INFO - ✅ Данные релиза #155 успешно извлечены
2026-01-15 10:12:39,699 - INFO - 
🔍 Парсинг релиза #156 (страница #8, позиция #16)...
2026-01-15 10:12:39,701 - INFO - 🔍 Извлечение данных из релиза #156...
2026-01-15 10:12:39,708 - INFO - 📝 Текст релиза: umi
Amori
UPC
5063466785503
Название лейбла
ROSSEL 66
Дата создания
2024-10-18
Дата релиза
2024-10-15
Дата старта
2024-11-11
Территории
Все страны
Площадки
48
Жанр
Hip Hop/Rap
Трек-лист...
2026-01-15 10:12:39,716 - INFO - ✅ title: umi
2026-01-15 10:12:39,719 - INFO - ✅ artist: Amori
2026-01-15 10:12:39,724 - INFO - ✅ cover: https://media.zvonkodigital.ru/api/cover/100/28269532/
2026-01-15 10:12:39,738 - INFO - ✅ upc: 5063466785503
2026-01-15 10:12:39,744 - INFO - ✅ label: ROSSEL 66
2026-01-15 10:12:39,749 - INFO - ✅ date: 2024-10-18
2026-01-15 10:12:39,766 - INFO - ✅ territories: Все страны
2026-01-15 10:12:39,771 - INFO - ✅ platforms: 48
2026-01-15 10:12:39,776 - INFO - ✅ genre: Hip Hop/Rap
2026-01-15 10:12:39,781 - INFO - ✅ Данные релиза #156 успешно извлечены
2026-01-15 10:12:39,781 - INFO - 
🔍 Парсинг релиза #157 (страница #8, позиция #17)...
2026-01-15 10:12:39,784 - INFO - 🔍 Извлечение данных из релиза #157...
2026-01-15 10:12:39,790 - INFO - 📝 Текст релиза: ХоумВидео
Jelato, COSTYMER
UPC
5063466746832
Название лейбла
ROSSEL 66
Дата создания
2024-10-10
Дата релиза
2024-10-18
Дата старта
2024-10-18
Территории
Все страны
Площадки
49
Жанр
Hip Hop/Rap
Трек-ли...
2026-01-15 10:12:39,798 - INFO - ✅ title: ХоумВидео
2026-01-15 10:12:39,801 - INFO - ✅ artist: Jelato, COSTYMER
2026-01-15 10:12:39,805 - INFO - ✅ cover: https://media.zvonkodigital.ru/api/cover/100/28168370/
2026-01-15 10:12:39,819 - INFO - ✅ upc: 5063466746832
2026-01-15 10:12:39,824 - INFO - ✅ label: ROSSEL 66
2026-01-15 10:12:39,830 - INFO - ✅ date: 2024-10-10
2026-01-15 10:12:39,846 - INFO - ✅ territories: Все страны
2026-01-15 10:12:39,852 - INFO - ✅ platforms: 49
2026-01-15 10:12:39,857 - INFO - ✅ genre: Hip Hop/Rap
2026-01-15 10:12:39,863 - INFO - ✅ Данные релиза #157 успешно извлечены
2026-01-15 10:12:39,863 - INFO - 
🔍 Парсинг релиза #158 (страница #8, позиция #18)...
2026-01-15 10:12:39,865 - INFO - 🔍 Извлечение данных из релиза #158...
2026-01-15 10:12:39,872 - INFO - 📝 Текст релиза: melancholia
vxlkxv
UPC
5063466744852
Название лейбла
ROSSEL 66
Дата создания
2024-10-10
Дата релиза
2024-10-18
Дата старта
2024-10-18
Территории
Все страны
Площадки
49
Жанр
Phonk/Fonk
Трек-лист...
2026-01-15 10:12:39,881 - INFO - ✅ title: melancholia
2026-01-15 10:12:39,884 - INFO - ✅ artist: vxlkxv
2026-01-15 10:12:39,888 - INFO - ✅ cover: https://media.zvonkodigital.ru/api/cover/100/28165275/
2026-01-15 10:12:39,902 - INFO - ✅ upc: 5063466744852
2026-01-15 10:12:39,907 - INFO - ✅ label: ROSSEL 66
2026-01-15 10:12:39,912 - INFO - ✅ date: 2024-10-10
2026-01-15 10:12:39,928 - INFO - ✅ territories: Все страны
2026-01-15 10:12:39,933 - INFO - ✅ platforms: 49
2026-01-15 10:12:39,938 - INFO - ✅ genre: Phonk/Fonk
2026-01-15 10:12:39,944 - INFO - ✅ Данные релиза #158 успешно извлечены
2026-01-15 10:12:39,944 - INFO - 
🔍 Парсинг релиза #159 (страница #8, позиция #19)...
2026-01-15 10:12:39,946 - INFO - 🔍 Извлечение данных из релиза #159...
2026-01-15 10:12:39,953 - INFO - 📝 Текст релиза: USUAL TYPE OF NIGHT
WIDE PIE, oh! beny
UPC
5063466741486
Название лейбла
ROSSEL 66
Дата создания
2024-10-09
Дата релиза
2024-10-25
Дата старта
2024-10-25
Территории
Все страны
Площадки
50
Жанр
Phonk/F...
2026-01-15 10:12:39,961 - INFO - ✅ title: USUAL TYPE OF NIGHT
2026-01-15 10:12:39,964 - INFO - ✅ artist: WIDE PIE, oh! beny
2026-01-15 10:12:39,968 - INFO - ✅ cover: https://media.zvonkodigital.ru/api/cover/100/28154529/
2026-01-15 10:12:39,983 - INFO - ✅ upc: 5063466741486
2026-01-15 10:12:39,988 - INFO - ✅ label: ROSSEL 66
2026-01-15 10:12:39,993 - INFO - ✅ date: 2024-10-09
2026-01-15 10:12:40,009 - INFO - ✅ territories: Все страны
2026-01-15 10:12:40,014 - INFO - ✅ platforms: 50
2026-01-15 10:12:40,019 - INFO - ✅ genre: Phonk/Fonk
2026-01-15 10:12:40,024 - INFO - ✅ Данные релиза #159 успешно извлечены
2026-01-15 10:12:40,024 - INFO - 
🔍 Парсинг релиза #160 (страница #8, позиция #20)...
2026-01-15 10:12:40,027 - INFO - 🔍 Извлечение данных из релиза #160...
2026-01-15 10:12:40,034 - INFO - 📝 Текст релиза: замкнутая и депрессивная
передоз
UPC
5063466652089
Название лейбла
ROSSEL 66
Дата создания
2024-09-19
Дата релиза
2024-10-04
Дата старта
2024-10-04
Территории
Все страны
Площадки
49
Жанр
Rock
Трек-лис...
2026-01-15 10:12:40,042 - INFO - ✅ title: замкнутая и депрессивная
2026-01-15 10:12:40,045 - INFO - ✅ artist: передоз
2026-01-15 10:12:40,049 - INFO - ✅ cover: https://media.zvonkodigital.ru/api/cover/100/27904759/
2026-01-15 10:12:40,063 - INFO - ✅ upc: 5063466652089
2026-01-15 10:12:40,068 - INFO - ✅ label: ROSSEL 66
2026-01-15 10:12:40,074 - INFO - ✅ date: 2024-09-19
2026-01-15 10:12:40,091 - INFO - ✅ territories: Все страны
2026-01-15 10:12:40,097 - INFO - ✅ platforms: 49
2026-01-15 10:12:40,103 - INFO - ✅ genre: Rock
2026-01-15 10:12:40,109 - INFO - ✅ Данные релиза #160 успешно извлечены
2026-01-15 10:12:40,109 - INFO - ✅ Страница #8 завершена! Обработано 20 релизов
2026-01-15 10:12:40,114 - INFO - 🖱️ Переход к предыдущей странице...
2026-01-15 10:12:43,141 - INFO - 
📄 Обработка страницы #9...
2026-01-15 10:12:43,142 - INFO - 🔍 Парсинг страницы #9...
2026-01-15 10:12:50,181 - INFO - 📊 На странице #9 найдено 20 релизов по селектору: div.css-1xgpa60
2026-01-15 10:12:50,181 - INFO - 
🔍 Парсинг релиза #161 (страница #9, позиция #1)...
2026-01-15 10:12:50,185 - INFO - 🔍 Извлечение данных из релиза #161...
2026-01-15 10:12:50,197 - INFO - 📝 Текст релиза: psycho
platö
UPC
5063466623485
Название лейбла
ROSSEL 66
Дата создания
2024-09-12
Дата релиза
2024-10-04
Дата старта
2024-10-04
Территории
Все страны
Площадки
47
Жанр
Hip Hop/Rap
Трек-лист...
2026-01-15 10:12:50,207 - INFO - ✅ title: psycho
2026-01-15 10:12:50,210 - INFO - ✅ artist: platö
2026-01-15 10:12:50,215 - INFO - ✅ cover: https://media.zvonkodigital.ru/api/cover/100/27827954/
2026-01-15 10:12:50,231 - INFO - ✅ upc: 5063466623485
2026-01-15 10:12:50,237 - INFO - ✅ label: ROSSEL 66
2026-01-15 10:12:50,242 - INFO - ✅ date: 2024-09-12
2026-01-15 10:12:50,258 - INFO - ✅ territories: Все страны
2026-01-15 10:12:50,264 - INFO - ✅ platforms: 47
2026-01-15 10:12:50,269 - INFO - ✅ genre: Hip Hop/Rap
2026-01-15 10:12:50,274 - INFO - ✅ Данные релиза #161 успешно извлечены
2026-01-15 10:12:50,274 - INFO - 
🔍 Парсинг релиза #162 (страница #9, позиция #2)...
2026-01-15 10:12:50,277 - INFO - 🔍 Извлечение данных из релиза #162...
2026-01-15 10:12:50,284 - INFO - 📝 Текст релиза: SHEPARD
LXNOWER
UPC
5063466601476
Название лейбла
ROSSEL 66
Дата создания
2024-09-06
Дата релиза
2024-09-20
Дата старта
2024-09-20
Территории
Все страны
Площадки
49
Жанр
Phonk/Fonk
Трек-лист...
2026-01-15 10:12:50,293 - INFO - ✅ title: SHEPARD
2026-01-15 10:12:50,296 - INFO - ✅ artist: LXNOWER
2026-01-15 10:12:50,300 - INFO - ✅ cover: https://media.zvonkodigital.ru/api/cover/100/27760771/
2026-01-15 10:12:50,314 - INFO - ✅ upc: 5063466601476
2026-01-15 10:12:50,320 - INFO - ✅ label: ROSSEL 66
2026-01-15 10:12:50,325 - INFO - ✅ date: 2024-09-06
2026-01-15 10:12:50,341 - INFO - ✅ territories: Все страны
2026-01-15 10:12:50,346 - INFO - ✅ platforms: 49
2026-01-15 10:12:50,351 - INFO - ✅ genre: Phonk/Fonk
2026-01-15 10:12:50,356 - INFO - ✅ Данные релиза #162 успешно извлечены
2026-01-15 10:12:50,356 - INFO - 
🔍 Парсинг релиза #163 (страница #9, позиция #3)...
2026-01-15 10:12:50,359 - INFO - 🔍 Извлечение данных из релиза #163...
2026-01-15 10:12:50,366 - INFO - 📝 Текст релиза: Beat the System
Etxrnxtx, demxnstr8
UPC
5063466600387
Название лейбла
ROSSEL 66
Дата создания
2024-09-06
Дата релиза
2024-09-20
Дата старта
2024-09-20
Территории
Все страны
Площадки
49
Жанр
Hip Hop/Ra...
2026-01-15 10:12:50,374 - INFO - ✅ title: Beat the System
2026-01-15 10:12:50,377 - INFO - ✅ artist: Etxrnxtx, demxnstr8
2026-01-15 10:12:50,382 - INFO - ✅ cover: https://media.zvonkodigital.ru/api/cover/100/27758000/
2026-01-15 10:12:50,416 - INFO - ✅ upc: 5063466600387
2026-01-15 10:12:50,429 - INFO - ✅ label: ROSSEL 66
2026-01-15 10:12:50,437 - INFO - ✅ date: 2024-09-06
2026-01-15 10:12:50,456 - INFO - ✅ territories: Все страны
2026-01-15 10:12:50,461 - INFO - ✅ platforms: 49
2026-01-15 10:12:50,467 - INFO - ✅ genre: Hip Hop/Rap
2026-01-15 10:12:50,472 - INFO - ✅ Данные релиза #163 успешно извлечены
2026-01-15 10:12:50,472 - INFO - 
🔍 Парсинг релиза #164 (страница #9, позиция #4)...
2026-01-15 10:12:50,475 - INFO - 🔍 Извлечение данных из релиза #164...
2026-01-15 10:12:50,482 - INFO - 📝 Текст релиза: blurred
WIDE PIE, oh! beny
UPC
5063466585172
Название лейбла
ROSSEL 66
Дата создания
2024-09-03
Дата релиза
2024-09-20
Дата старта
2024-09-20
Территории
Все страны
Площадки
50
Жанр
Phonk/Fonk
Трек-лис...
2026-01-15 10:12:50,491 - INFO - ✅ title: blurred
2026-01-15 10:12:50,493 - INFO - ✅ artist: WIDE PIE, oh! beny
2026-01-15 10:12:50,498 - INFO - ✅ cover: https://media.zvonkodigital.ru/api/cover/100/27720207/
2026-01-15 10:12:50,512 - INFO - ✅ upc: 5063466585172
2026-01-15 10:12:50,517 - INFO - ✅ label: ROSSEL 66
2026-01-15 10:12:50,522 - INFO - ✅ date: 2024-09-03
2026-01-15 10:12:50,538 - INFO - ✅ territories: Все страны
2026-01-15 10:12:50,544 - INFO - ✅ platforms: 50
2026-01-15 10:12:50,549 - INFO - ✅ genre: Phonk/Fonk
2026-01-15 10:12:50,555 - INFO - ✅ Данные релиза #164 успешно извлечены
2026-01-15 10:12:50,555 - INFO - 
🔍 Парсинг релиза #165 (страница #9, позиция #5)...
2026-01-15 10:12:50,557 - INFO - 🔍 Извлечение данных из релиза #165...
2026-01-15 10:12:50,564 - INFO - 📝 Текст релиза: LIGHTS DOWN
Takeda
UPC
5063466548078
Название лейбла
ROSSEL 66
Дата создания
2024-08-23
Дата релиза
2024-08-23
Дата старта
2024-08-23
Территории
Все страны
Площадки
47
Жанр
Hip Hop/Rap
Трек-лист...
2026-01-15 10:12:50,572 - INFO - ✅ title: LIGHTS DOWN
2026-01-15 10:12:50,575 - INFO - ✅ artist: Takeda
2026-01-15 10:12:50,579 - INFO - ✅ cover: https://media.zvonkodigital.ru/api/cover/100/27607518/
2026-01-15 10:12:50,593 - INFO - ✅ upc: 5063466548078
2026-01-15 10:12:50,599 - INFO - ✅ label: ROSSEL 66
2026-01-15 10:12:50,604 - INFO - ✅ date: 2024-08-23
2026-01-15 10:12:50,620 - INFO - ✅ territories: Все страны
2026-01-15 10:12:50,625 - INFO - ✅ platforms: 47
2026-01-15 10:12:50,631 - INFO - ✅ genre: Hip Hop/Rap
2026-01-15 10:12:50,637 - INFO - ✅ Данные релиза #165 успешно извлечены
2026-01-15 10:12:50,637 - INFO - 
🔍 Парсинг релиза #166 (страница #9, позиция #6)...
2026-01-15 10:12:50,639 - INFO - 🔍 Извлечение данных из релиза #166...
2026-01-15 10:12:50,646 - INFO - 📝 Текст релиза: Oblivion
Etxrnxtx
UPC
5063466543882
Название лейбла
ROSSEL 66
Дата создания
2024-08-23
Дата релиза
2021-03-04
Дата старта
2021-03-04
Территории
Все страны
Площадки
49
Жанр
Electronic
Трек-лист...
2026-01-15 10:12:50,655 - INFO - ✅ title: Oblivion
2026-01-15 10:12:50,657 - INFO - ✅ artist: Etxrnxtx
2026-01-15 10:12:50,662 - INFO - ✅ cover: https://media.zvonkodigital.ru/api/cover/100/27598515/
2026-01-15 10:12:50,676 - INFO - ✅ upc: 5063466543882
2026-01-15 10:12:50,682 - INFO - ✅ label: ROSSEL 66
2026-01-15 10:12:50,687 - INFO - ✅ date: 2024-08-23
2026-01-15 10:12:50,703 - INFO - ✅ territories: Все страны
2026-01-15 10:12:50,717 - INFO - ✅ platforms: 49
2026-01-15 10:12:50,722 - INFO - ✅ genre: Electronic
2026-01-15 10:12:50,728 - INFO - ✅ Данные релиза #166 успешно извлечены
2026-01-15 10:12:50,728 - INFO - 
🔍 Парсинг релиза #167 (страница #9, позиция #7)...
2026-01-15 10:12:50,731 - INFO - 🔍 Извлечение данных из релиза #167...
2026-01-15 10:12:50,737 - INFO - 📝 Текст релиза: Dance Mode
W.1ce3
UPC
5063466542144
Название лейбла
ROSSEL 66
Дата создания
2024-08-22
Дата релиза
2024-09-06
Дата старта
2024-09-06
Территории
Все страны
Площадки
49
Жанр
Dance
Трек-лист...
2026-01-15 10:12:50,746 - INFO - ✅ title: Dance Mode
2026-01-15 10:12:50,748 - INFO - ✅ artist: W.1ce3
2026-01-15 10:12:50,753 - INFO - ✅ cover: https://media.zvonkodigital.ru/api/cover/100/27590333/
2026-01-15 10:12:50,767 - INFO - ✅ upc: 5063466542144
2026-01-15 10:12:50,772 - INFO - ✅ label: ROSSEL 66
2026-01-15 10:12:50,778 - INFO - ✅ date: 2024-08-22
2026-01-15 10:12:50,795 - INFO - ✅ territories: Все страны
2026-01-15 10:12:50,800 - INFO - ✅ platforms: 49
2026-01-15 10:12:50,811 - INFO - ✅ Данные релиза #167 успешно извлечены
2026-01-15 10:12:50,811 - INFO - 
🔍 Парсинг релиза #168 (страница #9, позиция #8)...
2026-01-15 10:12:50,814 - INFO - 🔍 Извлечение данных из релиза #168...
2026-01-15 10:12:50,821 - INFO - 📝 Текст релиза: NECROCITY
MENDXZA, LXNOWER
UPC
5063466539700
Название лейбла
ROSSEL 66
Дата создания
2024-08-22
Дата релиза
2024-09-13
Дата старта
2024-09-13
Территории
Все страны
Площадки
49
Жанр
Phonk/Fonk
Трек-лис...
2026-01-15 10:12:50,829 - INFO - ✅ title: NECROCITY
2026-01-15 10:12:50,832 - INFO - ✅ artist: MENDXZA, LXNOWER
2026-01-15 10:12:50,837 - INFO - ✅ cover: https://media.zvonkodigital.ru/api/cover/100/27580165/
2026-01-15 10:12:50,851 - INFO - ✅ upc: 5063466539700
2026-01-15 10:12:50,856 - INFO - ✅ label: ROSSEL 66
2026-01-15 10:12:50,862 - INFO - ✅ date: 2024-08-22
2026-01-15 10:12:50,877 - INFO - ✅ territories: Все страны
2026-01-15 10:12:50,883 - INFO - ✅ platforms: 49
2026-01-15 10:12:50,888 - INFO - ✅ genre: Phonk/Fonk
2026-01-15 10:12:50,893 - INFO - ✅ Данные релиза #168 успешно извлечены
2026-01-15 10:12:50,893 - INFO - 
🔍 Парсинг релиза #169 (страница #9, позиция #9)...
2026-01-15 10:12:50,896 - INFO - 🔍 Извлечение данных из релиза #169...
2026-01-15 10:12:50,903 - INFO - 📝 Текст релиза: TECHNO
MENDXZA
UPC
5063466538741
Название лейбла
ROSSEL 66
Дата создания
2024-08-21
Дата релиза
2024-08-30
Дата старта
2024-08-30
Территории
Все страны
Площадки
49
Жанр
Phonk/Fonk
Трек-лист...
2026-01-15 10:12:50,910 - INFO - ✅ title: TECHNO
2026-01-15 10:12:50,913 - INFO - ✅ artist: MENDXZA
2026-01-15 10:12:50,918 - INFO - ✅ cover: https://media.zvonkodigital.ru/api/cover/100/27573533/
2026-01-15 10:12:50,932 - INFO - ✅ upc: 5063466538741
2026-01-15 10:12:50,937 - INFO - ✅ label: ROSSEL 66
2026-01-15 10:12:50,943 - INFO - ✅ date: 2024-08-21
2026-01-15 10:12:50,959 - INFO - ✅ territories: Все страны
2026-01-15 10:12:50,965 - INFO - ✅ platforms: 49
2026-01-15 10:12:50,970 - INFO - ✅ genre: Phonk/Fonk
2026-01-15 10:12:50,975 - INFO - ✅ Данные релиза #169 успешно извлечены
2026-01-15 10:12:50,975 - INFO - 
🔍 Парсинг релиза #170 (страница #9, позиция #10)...
2026-01-15 10:12:50,978 - INFO - 🔍 Извлечение данных из релиза #170...
2026-01-15 10:12:50,985 - INFO - 📝 Текст релиза: CLIPS 1
Takeda
UPC
5063466527431
Название лейбла
ROSSEL 66
Дата создания
2024-08-19
Дата релиза
2024-08-30
Дата старта
2024-08-30
Территории
Все страны
Площадки
7
Жанр
Hip Hop/Rap
Трек-лист...
2026-01-15 10:12:50,992 - INFO - ✅ title: CLIPS 1
2026-01-15 10:12:50,995 - INFO - ✅ artist: Takeda
2026-01-15 10:12:51,000 - INFO - ✅ cover: https://media.zvonkodigital.ru/api/cover/100/27541306/
2026-01-15 10:12:51,014 - INFO - ✅ upc: 5063466527431
2026-01-15 10:12:51,020 - INFO - ✅ label: ROSSEL 66
2026-01-15 10:12:51,025 - INFO - ✅ date: 2024-08-19
2026-01-15 10:12:51,041 - INFO - ✅ territories: Все страны
2026-01-15 10:12:51,052 - INFO - ✅ genre: Hip Hop/Rap
2026-01-15 10:12:51,058 - INFO - ✅ Данные релиза #170 успешно извлечены
2026-01-15 10:12:51,058 - INFO - 
🔍 Парсинг релиза #171 (страница #9, позиция #11)...
2026-01-15 10:12:51,060 - INFO - 🔍 Извлечение данных из релиза #171...
2026-01-15 10:12:51,067 - INFO - 📝 Текст релиза: LOST
Makishima
UPC
5063466516237
Название лейбла
ROSSEL 66
Дата создания
2024-08-15
Дата релиза
2024-08-30
Дата старта
2024-08-30
Территории
Все страны
Площадки
50
Жанр
Ambient
Трек-лист...
2026-01-15 10:12:51,075 - INFO - ✅ title: LOST
2026-01-15 10:12:51,078 - INFO - ✅ artist: Makishima
2026-01-15 10:12:51,082 - INFO - ✅ cover: https://media.zvonkodigital.ru/api/cover/100/27501065/
2026-01-15 10:12:51,096 - INFO - ✅ upc: 5063466516237
2026-01-15 10:12:51,101 - INFO - ✅ label: ROSSEL 66
2026-01-15 10:12:51,106 - INFO - ✅ date: 2024-08-15
2026-01-15 10:12:51,122 - INFO - ✅ territories: Все страны
2026-01-15 10:12:51,128 - INFO - ✅ platforms: 50
2026-01-15 10:12:51,139 - INFO - ✅ Данные релиза #171 успешно извлечены
2026-01-15 10:12:51,139 - INFO - 
🔍 Парсинг релиза #172 (страница #9, позиция #12)...
2026-01-15 10:12:51,141 - INFO - 🔍 Извлечение данных из релиза #172...
2026-01-15 10:12:51,148 - INFO - 📝 Текст релиза: loveinblack
night moral
UPC
5063466504074
Название лейбла
ROSSEL 66
Дата создания
2024-08-12
Дата релиза
2024-08-30
Дата старта
2024-08-30
Территории
Все страны
Площадки
49
Жанр
Hip Hop/Rap
Трек-лист...
2026-01-15 10:12:51,156 - INFO - ✅ title: loveinblack
2026-01-15 10:12:51,159 - INFO - ✅ artist: night moral
2026-01-15 10:12:51,164 - INFO - ✅ cover: https://media.zvonkodigital.ru/api/cover/100/27469336/
2026-01-15 10:12:51,177 - INFO - ✅ upc: 5063466504074
2026-01-15 10:12:51,182 - INFO - ✅ label: ROSSEL 66
2026-01-15 10:12:51,188 - INFO - ✅ date: 2024-08-12
2026-01-15 10:12:51,206 - INFO - ✅ territories: Все страны
2026-01-15 10:12:51,212 - INFO - ✅ platforms: 49
2026-01-15 10:12:51,218 - INFO - ✅ genre: Hip Hop/Rap
2026-01-15 10:12:51,224 - INFO - ✅ Данные релиза #172 успешно извлечены
2026-01-15 10:12:51,224 - INFO - 
🔍 Парсинг релиза #173 (страница #9, позиция #13)...
2026-01-15 10:12:51,226 - INFO - 🔍 Извлечение данных из релиза #173...
2026-01-15 10:12:51,235 - INFO - 📝 Текст релиза: похороны
передоз
UPC
5063466499134
Название лейбла
ROSSEL 66
Дата создания
2024-08-09
Дата релиза
2024-03-18
Дата старта
2024-03-18
Территории
Все страны
Площадки
50
Жанр
Rock
Трек-лист...
2026-01-15 10:12:51,248 - INFO - ✅ title: похороны
2026-01-15 10:12:51,251 - INFO - ✅ artist: передоз
2026-01-15 10:12:51,256 - INFO - ✅ cover: https://media.zvonkodigital.ru/api/cover/100/27454783/
2026-01-15 10:12:51,270 - INFO - ✅ upc: 5063466499134
2026-01-15 10:12:51,275 - INFO - ✅ label: ROSSEL 66
2026-01-15 10:12:51,280 - INFO - ✅ date: 2024-08-09
2026-01-15 10:12:51,297 - INFO - ✅ territories: Все страны
2026-01-15 10:12:51,302 - INFO - ✅ platforms: 50
2026-01-15 10:12:51,308 - INFO - ✅ genre: Rock
2026-01-15 10:12:51,314 - INFO - ✅ Данные релиза #173 успешно извлечены
2026-01-15 10:12:51,314 - INFO - 
🔍 Парсинг релиза #174 (страница #9, позиция #14)...
2026-01-15 10:12:51,316 - INFO - 🔍 Извлечение данных из релиза #174...
2026-01-15 10:12:51,323 - INFO - 📝 Текст релиза: EVIL EMPIRE
Roudie J.
UPC
3617388906441
Название лейбла
ROSSEL 66
Дата создания
2024-08-07
Дата релиза
2024-06-21
Дата старта
2024-06-21
Территории
Все страны
Площадки
43
Жанр
Electronic
Трек-лист...
2026-01-15 10:12:51,331 - INFO - ✅ title: EVIL EMPIRE
2026-01-15 10:12:51,334 - INFO - ✅ artist: Roudie J.
2026-01-15 10:12:51,339 - INFO - ✅ cover: https://media.zvonkodigital.ru/api/cover/100/27430690/
2026-01-15 10:12:51,353 - INFO - ✅ upc: 3617388906441
2026-01-15 10:12:51,358 - INFO - ✅ label: ROSSEL 66
2026-01-15 10:12:51,364 - INFO - ✅ date: 2024-08-07
2026-01-15 10:12:51,380 - INFO - ✅ territories: Все страны
2026-01-15 10:12:51,385 - INFO - ✅ platforms: 43
2026-01-15 10:12:51,391 - INFO - ✅ genre: Electronic
2026-01-15 10:12:51,396 - INFO - ✅ Данные релиза #174 успешно извлечены
2026-01-15 10:12:51,396 - INFO - 
🔍 Парсинг релиза #175 (страница #9, позиция #15)...
2026-01-15 10:12:51,399 - INFO - 🔍 Извлечение данных из релиза #175...
2026-01-15 10:12:51,405 - INFO - 📝 Текст релиза: CHAINSAW Prod. Skye!, Shoddy & Lxhxnter
night moral
UPC
3617387677908
Название лейбла
ROSSEL 66
Дата создания
2024-08-06
Дата релиза
2024-05-10
Дата старта
2024-05-10
Территории
Все страны
Площадки
49...
2026-01-15 10:12:51,414 - INFO - ✅ title: CHAINSAW Prod. Skye!, Shoddy & Lxhxnter
2026-01-15 10:12:51,417 - INFO - ✅ artist: night moral
2026-01-15 10:12:51,422 - INFO - ✅ cover: https://media.zvonkodigital.ru/api/cover/100/27413722/
2026-01-15 10:12:51,438 - INFO - ✅ upc: 3617387677908
2026-01-15 10:12:51,444 - INFO - ✅ label: ROSSEL 66
2026-01-15 10:12:51,450 - INFO - ✅ date: 2024-08-06
2026-01-15 10:12:51,465 - INFO - ✅ territories: Все страны
2026-01-15 10:12:51,471 - INFO - ✅ platforms: 49
2026-01-15 10:12:51,476 - INFO - ✅ genre: Hip Hop/Rap
2026-01-15 10:12:51,482 - INFO - ✅ Данные релиза #175 успешно извлечены
2026-01-15 10:12:51,482 - INFO - 
🔍 Парсинг релиза #176 (страница #9, позиция #16)...
2026-01-15 10:12:51,484 - INFO - 🔍 Извлечение данных из релиза #176...
2026-01-15 10:12:51,491 - INFO - 📝 Текст релиза: ALONE
ZIND
UPC
5063466479662
Название лейбла
ROSSEL 66
Дата создания
2024-08-06
Дата релиза
2024-04-05
Дата старта
2024-04-05
Территории
Все страны
Площадки
49
Жанр
Hip Hop/Rap
Трек-лист...
2026-01-15 10:12:51,499 - INFO - ✅ title: ALONE
2026-01-15 10:12:51,502 - INFO - ✅ artist: ZIND
2026-01-15 10:12:51,507 - INFO - ✅ cover: https://media.zvonkodigital.ru/api/cover/100/27401890/
2026-01-15 10:12:51,521 - INFO - ✅ upc: 5063466479662
2026-01-15 10:12:51,526 - INFO - ✅ label: ROSSEL 66
2026-01-15 10:12:51,532 - INFO - ✅ date: 2024-08-06
2026-01-15 10:12:51,547 - INFO - ✅ territories: Все страны
2026-01-15 10:12:51,553 - INFO - ✅ platforms: 49
2026-01-15 10:12:51,558 - INFO - ✅ genre: Hip Hop/Rap
2026-01-15 10:12:51,564 - INFO - ✅ Данные релиза #176 успешно извлечены
2026-01-15 10:12:51,564 - INFO - 
🔍 Парсинг релиза #177 (страница #9, позиция #17)...
2026-01-15 10:12:51,566 - INFO - 🔍 Извлечение данных из релиза #177...
2026-01-15 10:12:51,573 - INFO - 📝 Текст релиза: Like You
PLVT
UPC
3617388632876
Название лейбла
ROSSEL 66
Дата создания
2024-08-05
Дата релиза
2024-06-21
Дата старта
2024-06-21
Территории
Все страны
Площадки
49
Жанр
Dance
Трек-лист...
2026-01-15 10:12:51,581 - INFO - ✅ title: Like You
2026-01-15 10:12:51,583 - INFO - ✅ artist: PLVT
2026-01-15 10:12:51,588 - INFO - ✅ cover: https://media.zvonkodigital.ru/api/cover/100/27397399/
2026-01-15 10:12:51,602 - INFO - ✅ upc: 3617388632876
2026-01-15 10:12:51,607 - INFO - ✅ label: ROSSEL 66
2026-01-15 10:12:51,613 - INFO - ✅ date: 2024-08-05
2026-01-15 10:12:51,629 - INFO - ✅ territories: Все страны
2026-01-15 10:12:51,634 - INFO - ✅ platforms: 49
2026-01-15 10:12:51,645 - INFO - ✅ Данные релиза #177 успешно извлечены
2026-01-15 10:12:51,645 - INFO - 
🔍 Парсинг релиза #178 (страница #9, позиция #18)...
2026-01-15 10:12:51,647 - INFO - 🔍 Извлечение данных из релиза #178...
2026-01-15 10:12:51,654 - INFO - 📝 Текст релиза: SOMEDAY
PLVT, by27xrom
UPC
3617387752285
Название лейбла
ROSSEL 66
Дата создания
2024-08-05
Дата релиза
2024-05-17
Дата старта
2024-05-17
Территории
Все страны
Площадки
49
Жанр
Pop
Трек-лист...
2026-01-15 10:12:51,662 - INFO - ✅ title: SOMEDAY
2026-01-15 10:12:51,665 - INFO - ✅ artist: PLVT, by27xrom
2026-01-15 10:12:51,669 - INFO - ✅ cover: https://media.zvonkodigital.ru/api/cover/100/27397391/
2026-01-15 10:12:51,683 - INFO - ✅ upc: 3617387752285
2026-01-15 10:12:51,689 - INFO - ✅ label: ROSSEL 66
2026-01-15 10:12:51,696 - INFO - ✅ date: 2024-08-05
2026-01-15 10:12:51,711 - INFO - ✅ territories: Все страны
2026-01-15 10:12:51,717 - INFO - ✅ platforms: 49
2026-01-15 10:12:51,722 - INFO - ✅ genre: Pop
2026-01-15 10:12:51,728 - INFO - ✅ Данные релиза #178 успешно извлечены
2026-01-15 10:12:51,728 - INFO - 
🔍 Парсинг релиза #179 (страница #9, позиция #19)...
2026-01-15 10:12:51,730 - INFO - 🔍 Извлечение данных из релиза #179...
2026-01-15 10:12:51,737 - INFO - 📝 Текст релиза: HOLLOW
MEELBRN
UPC
5063466477880
Название лейбла
ROSSEL 66
Дата создания
2024-08-05
Дата релиза
2024-08-23
Дата старта
2024-08-23
Территории
Все страны
Площадки
49
Жанр
Hip Hop/Rap
Трек-лист...
2026-01-15 10:12:51,745 - INFO - ✅ title: HOLLOW
2026-01-15 10:12:51,747 - INFO - ✅ artist: MEELBRN
2026-01-15 10:12:51,752 - INFO - ✅ cover: https://media.zvonkodigital.ru/api/cover/100/27397370/
2026-01-15 10:12:51,766 - INFO - ✅ upc: 5063466477880
2026-01-15 10:12:51,771 - INFO - ✅ label: ROSSEL 66
2026-01-15 10:12:51,776 - INFO - ✅ date: 2024-08-05
2026-01-15 10:12:51,792 - INFO - ✅ territories: Все страны
2026-01-15 10:12:51,797 - INFO - ✅ platforms: 49
2026-01-15 10:12:51,802 - INFO - ✅ genre: Hip Hop/Rap
2026-01-15 10:12:51,807 - INFO - ✅ Данные релиза #179 успешно извлечены
2026-01-15 10:12:51,807 - INFO - 
🔍 Парсинг релиза #180 (страница #9, позиция #20)...
2026-01-15 10:12:51,810 - INFO - 🔍 Извлечение данных из релиза #180...
2026-01-15 10:12:51,821 - INFO - 📝 Текст релиза: HEARTBEAT
PLVT
UPC
5063466477804
Название лейбла
ROSSEL 66
Дата создания
2024-08-05
Дата релиза
2024-03-29
Дата старта
2024-03-29
Территории
Все страны
Площадки
49
Жанр
Dance
Трек-лист...
2026-01-15 10:12:51,832 - INFO - ✅ title: HEARTBEAT
2026-01-15 10:12:51,835 - INFO - ✅ artist: PLVT
2026-01-15 10:12:51,840 - INFO - ✅ cover: https://media.zvonkodigital.ru/api/cover/100/27396873/
2026-01-15 10:12:51,854 - INFO - ✅ upc: 5063466477804
2026-01-15 10:12:51,859 - INFO - ✅ label: ROSSEL 66
2026-01-15 10:12:51,865 - INFO - ✅ date: 2024-08-05
2026-01-15 10:12:51,881 - INFO - ✅ territories: Все страны
2026-01-15 10:12:51,886 - INFO - ✅ platforms: 49
2026-01-15 10:12:51,897 - INFO - ✅ Данные релиза #180 успешно извлечены
2026-01-15 10:12:51,897 - INFO - ✅ Страница #9 завершена! Обработано 20 релизов
2026-01-15 10:12:51,904 - INFO - 🖱️ Переход к предыдущей странице...
2026-01-15 10:12:54,937 - INFO - 
📄 Обработка страницы #10...
2026-01-15 10:12:54,937 - INFO - 🔍 Парсинг страницы #10...
2026-01-15 10:13:01,976 - INFO - 📊 На странице #10 найдено 20 релизов по селектору: div.css-1xgpa60
2026-01-15 10:13:01,976 - INFO - 
🔍 Парсинг релиза #181 (страница #10, позиция #1)...
2026-01-15 10:13:01,982 - INFO - 🔍 Извлечение данных из релиза #181...
2026-01-15 10:13:01,994 - INFO - 📝 Текст релиза: Witchery
Matcukito Kioto
UPC
3617385733736
Название лейбла
ROSSEL 66
Дата создания
2024-08-05
Дата релиза
2024-03-29
Дата старта
2024-03-29
Территории
Все страны
Площадки
49
Жанр
Phonk/Fonk
Трек-лист...
2026-01-15 10:13:02,004 - INFO - ✅ title: Witchery
2026-01-15 10:13:02,007 - INFO - ✅ artist: Matcukito Kioto
2026-01-15 10:13:02,013 - INFO - ✅ cover: https://media.zvonkodigital.ru/api/cover/100/27391527/
2026-01-15 10:13:02,028 - INFO - ✅ upc: 3617385733736
2026-01-15 10:13:02,034 - INFO - ✅ label: ROSSEL 66
2026-01-15 10:13:02,040 - INFO - ✅ date: 2024-08-05
2026-01-15 10:13:02,056 - INFO - ✅ territories: Все страны
2026-01-15 10:13:02,062 - INFO - ✅ platforms: 49
2026-01-15 10:13:02,067 - INFO - ✅ genre: Phonk/Fonk
2026-01-15 10:13:02,072 - INFO - ✅ Данные релиза #181 успешно извлечены
2026-01-15 10:13:02,073 - INFO - 
🔍 Парсинг релиза #182 (страница #10, позиция #2)...
2026-01-15 10:13:02,075 - INFO - 🔍 Извлечение данных из релиза #182...
2026-01-15 10:13:02,082 - INFO - 📝 Текст релиза: Hypnosis
Etxrnxtx
UPC
3617386681258
Название лейбла
ROSSEL 66
Дата создания
2024-08-05
Дата релиза
2024-05-17
Дата старта
2024-05-17
Территории
Все страны
Площадки
49
Жанр
Phonk/Fonk
Трек-лист...
2026-01-15 10:13:02,090 - INFO - ✅ title: Hypnosis
2026-01-15 10:13:02,093 - INFO - ✅ artist: Etxrnxtx
2026-01-15 10:13:02,098 - INFO - ✅ cover: https://media.zvonkodigital.ru/api/cover/100/27391421/
2026-01-15 10:13:02,111 - INFO - ✅ upc: 3617386681258
2026-01-15 10:13:02,116 - INFO - ✅ label: ROSSEL 66
2026-01-15 10:13:02,121 - INFO - ✅ date: 2024-08-05
2026-01-15 10:13:02,138 - INFO - ✅ territories: Все страны
2026-01-15 10:13:02,143 - INFO - ✅ platforms: 49
2026-01-15 10:13:02,148 - INFO - ✅ genre: Phonk/Fonk
2026-01-15 10:13:02,154 - INFO - ✅ Данные релиза #182 успешно извлечены
2026-01-15 10:13:02,154 - INFO - 
🔍 Парсинг релиза #183 (страница #10, позиция #3)...
2026-01-15 10:13:02,156 - INFO - 🔍 Извлечение данных из релиза #183...
2026-01-15 10:13:02,163 - INFO - 📝 Текст релиза: Massacre
Matcukito Kioto
UPC
3617385957675
Название лейбла
ROSSEL 66
Дата создания
2024-08-05
Дата релиза
2024-04-12
Дата старта
2024-04-12
Территории
Все страны
Площадки
49
Жанр
Phonk/Fonk
Трек-лист...
2026-01-15 10:13:02,171 - INFO - ✅ title: Massacre
2026-01-15 10:13:02,173 - INFO - ✅ artist: Matcukito Kioto
2026-01-15 10:13:02,178 - INFO - ✅ cover: https://media.zvonkodigital.ru/api/cover/100/27390689/
2026-01-15 10:13:02,192 - INFO - ✅ upc: 3617385957675
2026-01-15 10:13:02,198 - INFO - ✅ label: ROSSEL 66
2026-01-15 10:13:02,203 - INFO - ✅ date: 2024-08-05
2026-01-15 10:13:02,219 - INFO - ✅ territories: Все страны
2026-01-15 10:13:02,225 - INFO - ✅ platforms: 49
2026-01-15 10:13:02,230 - INFO - ✅ genre: Phonk/Fonk
2026-01-15 10:13:02,236 - INFO - ✅ Данные релиза #183 успешно извлечены
2026-01-15 10:13:02,236 - INFO - 
🔍 Парсинг релиза #184 (страница #10, позиция #4)...
2026-01-15 10:13:02,238 - INFO - 🔍 Извлечение данных из релиза #184...
2026-01-15 10:13:02,245 - INFO - 📝 Текст релиза: BEBE
EnellySayk
UPC
3617387295454
Название лейбла
ROSSEL 66
Дата создания
2024-08-05
Дата релиза
2024-05-10
Дата старта
2024-05-10
Территории
Все страны
Площадки
49
Жанр
Pop
Трек-лист...
2026-01-15 10:13:02,253 - INFO - ✅ title: BEBE
2026-01-15 10:13:02,255 - INFO - ✅ artist: EnellySayk
2026-01-15 10:13:02,260 - INFO - ✅ cover: https://media.zvonkodigital.ru/api/cover/100/27390575/
2026-01-15 10:13:02,274 - INFO - ✅ upc: 3617387295454
2026-01-15 10:13:02,280 - INFO - ✅ label: ROSSEL 66
2026-01-15 10:13:02,285 - INFO - ✅ date: 2024-08-05
2026-01-15 10:13:02,301 - INFO - ✅ territories: Все страны
2026-01-15 10:13:02,307 - INFO - ✅ platforms: 49
2026-01-15 10:13:02,312 - INFO - ✅ genre: Pop
2026-01-15 10:13:02,318 - INFO - ✅ Данные релиза #184 успешно извлечены
2026-01-15 10:13:02,318 - INFO - 
🔍 Парсинг релиза #185 (страница #10, позиция #5)...
2026-01-15 10:13:02,320 - INFO - 🔍 Извлечение данных из релиза #185...
2026-01-15 10:13:02,331 - INFO - 📝 Текст релиза: Betrayal
Matcukito Kioto
UPC
5063466476319
Название лейбла
ROSSEL 66
Дата создания
2024-08-05
Дата релиза
2024-04-05
Дата старта
2024-04-05
Территории
Все страны
Площадки
49
Жанр
Phonk/Fonk
Трек-лист...
2026-01-15 10:13:02,348 - INFO - ✅ title: Betrayal
2026-01-15 10:13:02,354 - INFO - ✅ artist: Matcukito Kioto
2026-01-15 10:13:02,360 - INFO - ✅ cover: https://media.zvonkodigital.ru/api/cover/100/27390567/
2026-01-15 10:13:02,379 - INFO - ✅ upc: 5063466476319
2026-01-15 10:13:02,385 - INFO - ✅ label: ROSSEL 66
2026-01-15 10:13:02,390 - INFO - ✅ date: 2024-08-05
2026-01-15 10:13:02,406 - INFO - ✅ territories: Все страны
2026-01-15 10:13:02,412 - INFO - ✅ platforms: 49
2026-01-15 10:13:02,417 - INFO - ✅ genre: Phonk/Fonk
2026-01-15 10:13:02,422 - INFO - ✅ Данные релиза #185 успешно извлечены
2026-01-15 10:13:02,422 - INFO - 
🔍 Парсинг релиза #186 (страница #10, позиция #6)...
2026-01-15 10:13:02,425 - INFO - 🔍 Извлечение данных из релиза #186...
2026-01-15 10:13:02,431 - INFO - 📝 Текст релиза: Hella Storm
MEELBRN
UPC
5059921556894
Название лейбла
ROSSEL 66
Дата создания
2024-08-05
Дата релиза
2022-02-04
Дата старта
2022-02-04
Территории
Все страны
Площадки
49
Жанр
Phonk/Fonk
Трек-лист...
2026-01-15 10:13:02,439 - INFO - ✅ title: Hella Storm
2026-01-15 10:13:02,442 - INFO - ✅ artist: MEELBRN
2026-01-15 10:13:02,447 - INFO - ✅ cover: https://media.zvonkodigital.ru/api/cover/100/27383525/
2026-01-15 10:13:02,461 - INFO - ✅ upc: 5059921556894
2026-01-15 10:13:02,469 - INFO - ✅ label: ROSSEL 66
2026-01-15 10:13:02,481 - INFO - ✅ date: 2024-08-05
2026-01-15 10:13:02,497 - INFO - ✅ territories: Все страны
2026-01-15 10:13:02,503 - INFO - ✅ platforms: 49
2026-01-15 10:13:02,508 - INFO - ✅ genre: Phonk/Fonk
2026-01-15 10:13:02,513 - INFO - ✅ Данные релиза #186 успешно извлечены
2026-01-15 10:13:02,513 - INFO - 
🔍 Парсинг релиза #187 (страница #10, позиция #7)...
2026-01-15 10:13:02,515 - INFO - 🔍 Извлечение данных из релиза #187...
2026-01-15 10:13:02,521 - INFO - 📝 Текст релиза: Sunrise
Etxrnxtx
UPC
3617386668693
Название лейбла
ROSSEL 66
Дата создания
2024-08-05
Дата релиза
2024-04-26
Дата старта
2024-04-26
Территории
Все страны
Площадки
49
Жанр
Phonk/Fonk
Трек-лист...
2026-01-15 10:13:02,529 - INFO - ✅ title: Sunrise
2026-01-15 10:13:02,532 - INFO - ✅ artist: Etxrnxtx
2026-01-15 10:13:02,537 - INFO - ✅ cover: https://media.zvonkodigital.ru/api/cover/100/27383122/
2026-01-15 10:13:02,550 - INFO - ✅ upc: 3617386668693
2026-01-15 10:13:02,555 - INFO - ✅ label: ROSSEL 66
2026-01-15 10:13:02,561 - INFO - ✅ date: 2024-08-05
2026-01-15 10:13:02,577 - INFO - ✅ territories: Все страны
2026-01-15 10:13:02,583 - INFO - ✅ platforms: 49
2026-01-15 10:13:02,589 - INFO - ✅ genre: Phonk/Fonk
2026-01-15 10:13:02,595 - INFO - ✅ Данные релиза #187 успешно извлечены
2026-01-15 10:13:02,595 - INFO - 
🔍 Парсинг релиза #188 (страница #10, позиция #8)...
2026-01-15 10:13:02,597 - INFO - 🔍 Извлечение данных из релиза #188...
2026-01-15 10:13:02,604 - INFO - 📝 Текст релиза: KILL ME AGAIN
MENDXZA, LXNOWER
UPC
3617389196629
Название лейбла
ROSSEL 66
Дата создания
2024-08-05
Дата релиза
2024-06-21
Дата старта
2024-06-21
Территории
Все страны
Площадки
49
Жанр
Phonk/Fonk
Трек...
2026-01-15 10:13:02,612 - INFO - ✅ title: KILL ME AGAIN
2026-01-15 10:13:02,615 - INFO - ✅ artist: MENDXZA, LXNOWER
2026-01-15 10:13:02,620 - INFO - ✅ cover: https://media.zvonkodigital.ru/api/cover/100/27382463/
2026-01-15 10:13:02,634 - INFO - ✅ upc: 3617389196629
2026-01-15 10:13:02,640 - INFO - ✅ label: ROSSEL 66
2026-01-15 10:13:02,645 - INFO - ✅ date: 2024-08-05
2026-01-15 10:13:02,661 - INFO - ✅ territories: Все страны
2026-01-15 10:13:02,667 - INFO - ✅ platforms: 49
2026-01-15 10:13:02,672 - INFO - ✅ genre: Phonk/Fonk
2026-01-15 10:13:02,678 - INFO - ✅ Данные релиза #188 успешно извлечены
2026-01-15 10:13:02,678 - INFO - 
🔍 Парсинг релиза #189 (страница #10, позиция #9)...
2026-01-15 10:13:02,680 - INFO - 🔍 Извлечение данных из релиза #189...
2026-01-15 10:13:02,687 - INFO - 📝 Текст релиза: Амнезия
Sour Diesel
UPC
3617386366636
Название лейбла
ROSSEL 66
Дата создания
2024-08-05
Дата релиза
2024-04-12
Дата старта
2024-04-12
Территории
Все страны
Площадки
49
Жанр
Hip Hop/Rap
Трек-лист...
2026-01-15 10:13:02,695 - INFO - ✅ title: Амнезия
2026-01-15 10:13:02,698 - INFO - ✅ artist: Sour Diesel
2026-01-15 10:13:02,702 - INFO - ✅ cover: https://media.zvonkodigital.ru/api/cover/100/27382105/
2026-01-15 10:13:02,716 - INFO - ✅ upc: 3617386366636
2026-01-15 10:13:02,722 - INFO - ✅ label: ROSSEL 66
2026-01-15 10:13:02,727 - INFO - ✅ date: 2024-08-05
2026-01-15 10:13:02,743 - INFO - ✅ territories: Все страны
2026-01-15 10:13:02,749 - INFO - ✅ platforms: 49
2026-01-15 10:13:02,754 - INFO - ✅ genre: Hip Hop/Rap
2026-01-15 10:13:02,759 - INFO - ✅ Данные релиза #189 успешно извлечены
2026-01-15 10:13:02,759 - INFO - 
🔍 Парсинг релиза #190 (страница #10, позиция #10)...
2026-01-15 10:13:02,762 - INFO - 🔍 Извлечение данных из релиза #190...
2026-01-15 10:13:02,769 - INFO - 📝 Текст релиза: GO KRUSH!
Matcukito Kioto
UPC
3617386530419
Название лейбла
ROSSEL 66
Дата создания
2024-08-05
Дата релиза
2024-04-19
Дата старта
2024-04-19
Территории
Все страны
Площадки
49
Жанр
Phonk/Fonk
Трек-лист...
2026-01-15 10:13:02,777 - INFO - ✅ title: GO KRUSH!
2026-01-15 10:13:02,779 - INFO - ✅ artist: Matcukito Kioto
2026-01-15 10:13:02,784 - INFO - ✅ cover: https://media.zvonkodigital.ru/api/cover/100/27382047/
2026-01-15 10:13:02,798 - INFO - ✅ upc: 3617386530419
2026-01-15 10:13:02,803 - INFO - ✅ label: ROSSEL 66
2026-01-15 10:13:02,808 - INFO - ✅ date: 2024-08-05
2026-01-15 10:13:02,824 - INFO - ✅ territories: Все страны
2026-01-15 10:13:02,830 - INFO - ✅ platforms: 49
2026-01-15 10:13:02,835 - INFO - ✅ genre: Phonk/Fonk
2026-01-15 10:13:02,841 - INFO - ✅ Данные релиза #190 успешно извлечены
2026-01-15 10:13:02,841 - INFO - 
🔍 Парсинг релиза #191 (страница #10, позиция #11)...
2026-01-15 10:13:02,843 - INFO - 🔍 Извлечение данных из релиза #191...
2026-01-15 10:13:02,850 - INFO - 📝 Текст релиза: Gold&Silver
PLVT
UPC
3617388281487
Название лейбла
ROSSEL 66
Дата создания
2024-08-05
Дата релиза
2024-05-31
Дата старта
2024-05-31
Территории
Все страны
Площадки
49
Жанр
Dance
Трек-лист...
2026-01-15 10:13:02,858 - INFO - ✅ title: Gold&Silver
2026-01-15 10:13:02,861 - INFO - ✅ artist: PLVT
2026-01-15 10:13:02,865 - INFO - ✅ cover: https://media.zvonkodigital.ru/api/cover/100/27381619/
2026-01-15 10:13:02,879 - INFO - ✅ upc: 3617388281487
2026-01-15 10:13:02,885 - INFO - ✅ label: ROSSEL 66
2026-01-15 10:13:02,890 - INFO - ✅ date: 2024-08-05
2026-01-15 10:13:02,906 - INFO - ✅ territories: Все страны
2026-01-15 10:13:02,911 - INFO - ✅ platforms: 49
2026-01-15 10:13:02,922 - INFO - ✅ Данные релиза #191 успешно извлечены
2026-01-15 10:13:02,922 - INFO - 
🔍 Парсинг релиза #192 (страница #10, позиция #12)...
2026-01-15 10:13:02,924 - INFO - 🔍 Извлечение данных из релиза #192...
2026-01-15 10:13:02,939 - INFO - 📝 Текст релиза: HIGH KILLAZ
Roudie J., BLOODSIZE
UPC
5063466473950
Название лейбла
ROSSEL 66
Дата создания
2024-08-05
Дата релиза
2024-03-29
Дата старта
2024-03-29
Территории
Все страны
Площадки
49
Жанр
Phonk/Fonk
Тр...
2026-01-15 10:13:02,948 - INFO - ✅ title: HIGH KILLAZ
2026-01-15 10:13:02,951 - INFO - ✅ artist: Roudie J., BLOODSIZE
2026-01-15 10:13:02,955 - INFO - ✅ cover: https://media.zvonkodigital.ru/api/cover/100/27381545/
2026-01-15 10:13:02,969 - INFO - ✅ upc: 5063466473950
2026-01-15 10:13:02,975 - INFO - ✅ label: ROSSEL 66
2026-01-15 10:13:02,981 - INFO - ✅ date: 2024-08-05
2026-01-15 10:13:02,998 - INFO - ✅ territories: Все страны
2026-01-15 10:13:03,004 - INFO - ✅ platforms: 49
2026-01-15 10:13:03,009 - INFO - ✅ genre: Phonk/Fonk
2026-01-15 10:13:03,016 - INFO - ✅ Данные релиза #192 успешно извлечены
2026-01-15 10:13:03,016 - INFO - 
🔍 Парсинг релиза #193 (страница #10, позиция #13)...
2026-01-15 10:13:03,018 - INFO - 🔍 Извлечение данных из релиза #193...
2026-01-15 10:13:03,025 - INFO - 📝 Текст релиза: Blue Winte
MENDXZA
UPC
3617387017148
Название лейбла
ROSSEL 66
Дата создания
2024-08-05
Дата релиза
2024-05-10
Дата старта
2024-05-10
Территории
Все страны
Площадки
49
Жанр
Phonk/Fonk
Трек-лист...
2026-01-15 10:13:03,033 - INFO - ✅ title: Blue Winte
2026-01-15 10:13:03,036 - INFO - ✅ artist: MENDXZA
2026-01-15 10:13:03,041 - INFO - ✅ cover: https://media.zvonkodigital.ru/api/cover/100/27381503/
2026-01-15 10:13:03,055 - INFO - ✅ upc: 3617387017148
2026-01-15 10:13:03,061 - INFO - ✅ label: ROSSEL 66
2026-01-15 10:13:03,066 - INFO - ✅ date: 2024-08-05
2026-01-15 10:13:03,082 - INFO - ✅ territories: Все страны
2026-01-15 10:13:03,087 - INFO - ✅ platforms: 49
2026-01-15 10:13:03,092 - INFO - ✅ genre: Phonk/Fonk
2026-01-15 10:13:03,098 - INFO - ✅ Данные релиза #193 успешно извлечены
2026-01-15 10:13:03,098 - INFO - 
🔍 Парсинг релиза #194 (страница #10, позиция #14)...
2026-01-15 10:13:03,100 - INFO - 🔍 Извлечение данных из релиза #194...
2026-01-15 10:13:03,107 - INFO - 📝 Текст релиза: мёртвая бабка
передоз
UPC
5063466473936
Название лейбла
ROSSEL 66
Дата создания
2024-08-05
Дата релиза
2024-04-05
Дата старта
2024-04-05
Территории
Все страны
Площадки
49
Жанр
Rock
Трек-лист...
2026-01-15 10:13:03,115 - INFO - ✅ title: мёртвая бабка
2026-01-15 10:13:03,118 - INFO - ✅ artist: передоз
2026-01-15 10:13:03,122 - INFO - ✅ cover: https://media.zvonkodigital.ru/api/cover/100/27381495/
2026-01-15 10:13:03,137 - INFO - ✅ upc: 5063466473936
2026-01-15 10:13:03,143 - INFO - ✅ label: ROSSEL 66
2026-01-15 10:13:03,149 - INFO - ✅ date: 2024-08-05
2026-01-15 10:13:03,165 - INFO - ✅ territories: Все страны
2026-01-15 10:13:03,171 - INFO - ✅ platforms: 49
2026-01-15 10:13:03,177 - INFO - ✅ genre: Rock
2026-01-15 10:13:03,183 - INFO - ✅ Данные релиза #194 успешно извлечены
2026-01-15 10:13:03,183 - INFO - 
🔍 Парсинг релиза #195 (страница #10, позиция #15)...
2026-01-15 10:13:03,186 - INFO - 🔍 Извлечение данных из релиза #195...
2026-01-15 10:13:03,192 - INFO - 📝 Текст релиза: Low Vibration
Etxrnxtx
UPC
3617388778215
Название лейбла
ROSSEL 66
Дата создания
2024-08-05
Дата релиза
2024-06-21
Дата старта
2024-06-21
Территории
Все страны
Площадки
49
Жанр
Electronic
Трек-лист...
2026-01-15 10:13:03,201 - INFO - ✅ title: Low Vibration
2026-01-15 10:13:03,204 - INFO - ✅ artist: Etxrnxtx
2026-01-15 10:13:03,209 - INFO - ✅ cover: https://media.zvonkodigital.ru/api/cover/100/27381431/
2026-01-15 10:13:03,223 - INFO - ✅ upc: 3617388778215
2026-01-15 10:13:03,229 - INFO - ✅ label: ROSSEL 66
2026-01-15 10:13:03,234 - INFO - ✅ date: 2024-08-05
2026-01-15 10:13:03,250 - INFO - ✅ territories: Все страны
2026-01-15 10:13:03,255 - INFO - ✅ platforms: 49
2026-01-15 10:13:03,261 - INFO - ✅ genre: Electronic
2026-01-15 10:13:03,266 - INFO - ✅ Данные релиза #195 успешно извлечены
2026-01-15 10:13:03,266 - INFO - 
🔍 Парсинг релиза #196 (страница #10, позиция #16)...
2026-01-15 10:13:03,269 - INFO - 🔍 Извлечение данных из релиза #196...
2026-01-15 10:13:03,275 - INFO - 📝 Текст релиза: YUREY
MENDXZA
UPC
3617387578359
Название лейбла
ROSSEL 66
Дата создания
2024-08-05
Дата релиза
2024-05-17
Дата старта
2024-05-17
Территории
Все страны
Площадки
49
Жанр
Phonk/Fonk
Трек-лист...
2026-01-15 10:13:03,283 - INFO - ✅ title: YUREY
2026-01-15 10:13:03,286 - INFO - ✅ artist: MENDXZA
2026-01-15 10:13:03,290 - INFO - ✅ cover: https://media.zvonkodigital.ru/api/cover/100/27381419/
2026-01-15 10:13:03,304 - INFO - ✅ upc: 3617387578359
2026-01-15 10:13:03,310 - INFO - ✅ label: ROSSEL 66
2026-01-15 10:13:03,315 - INFO - ✅ date: 2024-08-05
2026-01-15 10:13:03,332 - INFO - ✅ territories: Все страны
2026-01-15 10:13:03,337 - INFO - ✅ platforms: 49
2026-01-15 10:13:03,342 - INFO - ✅ genre: Phonk/Fonk
2026-01-15 10:13:03,347 - INFO - ✅ Данные релиза #196 успешно извлечены
2026-01-15 10:13:03,348 - INFO - 
🔍 Парсинг релиза #197 (страница #10, позиция #17)...
2026-01-15 10:13:03,350 - INFO - 🔍 Извлечение данных из релиза #197...
2026-01-15 10:13:03,357 - INFO - 📝 Текст релиза: STREET WALK
MEELBRN, SHOTTMANE PLAYA
UPC
3617388182876
Название лейбла
ROSSEL 66
Дата создания
2024-08-05
Дата релиза
2024-05-24
Дата старта
2024-05-24
Территории
Все страны
Площадки
49
Жанр
Phonk/Fon...
2026-01-15 10:13:03,365 - INFO - ✅ title: STREET WALK
2026-01-15 10:13:03,368 - INFO - ✅ artist: MEELBRN, SHOTTMANE PLAYA
2026-01-15 10:13:03,372 - INFO - ✅ cover: https://media.zvonkodigital.ru/api/cover/100/27381228/
2026-01-15 10:13:03,386 - INFO - ✅ upc: 3617388182876
2026-01-15 10:13:03,391 - INFO - ✅ label: ROSSEL 66
2026-01-15 10:13:03,397 - INFO - ✅ date: 2024-08-05
2026-01-15 10:13:03,413 - INFO - ✅ territories: Все страны
2026-01-15 10:13:03,418 - INFO - ✅ platforms: 49
2026-01-15 10:13:03,423 - INFO - ✅ genre: Phonk/Fonk
2026-01-15 10:13:03,431 - INFO - ✅ Данные релиза #197 успешно извлечены
2026-01-15 10:13:03,431 - INFO - 
🔍 Парсинг релиза #198 (страница #10, позиция #18)...
2026-01-15 10:13:03,433 - INFO - 🔍 Извлечение данных из релиза #198...
2026-01-15 10:13:03,440 - INFO - 📝 Текст релиза: Хочу её
W.1ce3
UPC
3617386928179
Название лейбла
ROSSEL 66
Дата создания
2024-08-05
Дата релиза
2024-05-10
Дата старта
2024-05-10
Территории
Все страны
Площадки
49
Жанр
Hip Hop/Rap
Трек-лист...
2026-01-15 10:13:03,448 - INFO - ✅ title: Хочу её
2026-01-15 10:13:03,451 - INFO - ✅ artist: W.1ce3
2026-01-15 10:13:03,455 - INFO - ✅ cover: https://media.zvonkodigital.ru/api/cover/100/27381217/
2026-01-15 10:13:03,469 - INFO - ✅ upc: 3617386928179
2026-01-15 10:13:03,474 - INFO - ✅ label: ROSSEL 66
2026-01-15 10:13:03,480 - INFO - ✅ date: 2024-08-05
2026-01-15 10:13:03,496 - INFO - ✅ territories: Все страны
2026-01-15 10:13:03,501 - INFO - ✅ platforms: 49
2026-01-15 10:13:03,506 - INFO - ✅ genre: Hip Hop/Rap
2026-01-15 10:13:03,512 - INFO - ✅ Данные релиза #198 успешно извлечены
2026-01-15 10:13:03,512 - INFO - 
🔍 Парсинг релиза #199 (страница #10, позиция #19)...
2026-01-15 10:13:03,514 - INFO - 🔍 Извлечение данных из релиза #199...
2026-01-15 10:13:03,521 - INFO - 📝 Текст релиза: КОРНИ
ASTRODYA
UPC
3617386833473
Название лейбла
ROSSEL 66
Дата создания
2024-08-05
Дата релиза
2024-04-26
Дата старта
2024-04-26
Территории
Все страны
Площадки
49
Жанр
Hip Hop/Rap
Трек-лист...
2026-01-15 10:13:03,529 - INFO - ✅ title: КОРНИ
2026-01-15 10:13:03,532 - INFO - ✅ artist: ASTRODYA
2026-01-15 10:13:03,537 - INFO - ✅ cover: https://media.zvonkodigital.ru/api/cover/100/27380342/
2026-01-15 10:13:03,551 - INFO - ✅ upc: 3617386833473
2026-01-15 10:13:03,556 - INFO - ✅ label: ROSSEL 66
2026-01-15 10:13:03,562 - INFO - ✅ date: 2024-08-05
2026-01-15 10:13:03,578 - INFO - ✅ territories: Все страны
2026-01-15 10:13:03,583 - INFO - ✅ platforms: 49
2026-01-15 10:13:03,588 - INFO - ✅ genre: Hip Hop/Rap
2026-01-15 10:13:03,594 - INFO - ✅ Данные релиза #199 успешно извлечены
2026-01-15 10:13:03,594 - INFO - 
🔍 Парсинг релиза #200 (страница #10, позиция #20)...
2026-01-15 10:13:03,596 - INFO - 🔍 Извлечение данных из релиза #200...
2026-01-15 10:13:03,603 - INFO - 📝 Текст релиза: I NEED YOU
PLVT, by27xrom
UPC
5063466451545
Название лейбла
ROSSEL 66
Дата создания
2024-07-29
Дата релиза
2024-08-09
Дата старта
2024-08-09
Территории
Все страны
Площадки
49
Жанр
Pop
Трек-лист...
2026-01-15 10:13:03,611 - INFO - ✅ title: I NEED YOU
2026-01-15 10:13:03,614 - INFO - ✅ artist: PLVT, by27xrom
2026-01-15 10:13:03,618 - INFO - ✅ cover: https://media.zvonkodigital.ru/api/cover/100/27323472/
2026-01-15 10:13:03,632 - INFO - ✅ upc: 5063466451545
2026-01-15 10:13:03,638 - INFO - ✅ label: ROSSEL 66
2026-01-15 10:13:03,643 - INFO - ✅ date: 2024-07-29
2026-01-15 10:13:03,659 - INFO - ✅ territories: Все страны
2026-01-15 10:13:03,665 - INFO - ✅ platforms: 49
2026-01-15 10:13:03,670 - INFO - ✅ genre: Pop
2026-01-15 10:13:03,675 - INFO - ✅ Данные релиза #200 успешно извлечены
2026-01-15 10:13:03,676 - INFO - ✅ Страница #10 завершена! Обработано 20 релизов
2026-01-15 10:13:03,680 - INFO - 🖱️ Переход к предыдущей странице...
2026-01-15 10:13:06,718 - INFO - 
📄 Обработка страницы #11...
2026-01-15 10:13:06,718 - INFO - 🔍 Парсинг страницы #11...
2026-01-15 10:13:13,761 - INFO - 📊 На странице #11 найдено 20 релизов по селектору: div.css-1xgpa60
2026-01-15 10:13:13,761 - INFO - 
🔍 Парсинг релиза #201 (страница #11, позиция #1)...
2026-01-15 10:13:13,766 - INFO - 🔍 Извлечение данных из релиза #201...
2026-01-15 10:13:13,779 - INFO - 📝 Текст релиза: BYE BYE
EnellySayk
UPC
5063466429568
Название лейбла
ROSSEL 66
Дата создания
2024-07-22
Дата релиза
2024-08-02
Дата старта
2024-08-02
Территории
Все страны
Площадки
49
Жанр
Hip Hop/Rap
Трек-лист...
2026-01-15 10:13:13,789 - INFO - ✅ title: BYE BYE
2026-01-15 10:13:13,793 - INFO - ✅ artist: EnellySayk
2026-01-15 10:13:13,799 - INFO - ✅ cover: https://media.zvonkodigital.ru/api/cover/100/27256194/
2026-01-15 10:13:13,814 - INFO - ✅ upc: 5063466429568
2026-01-15 10:13:13,820 - INFO - ✅ label: ROSSEL 66
2026-01-15 10:13:13,827 - INFO - ✅ date: 2024-07-22
2026-01-15 10:13:13,852 - INFO - ✅ territories: Все страны
2026-01-15 10:13:13,857 - INFO - ✅ platforms: 49
2026-01-15 10:13:13,863 - INFO - ✅ genre: Hip Hop/Rap
2026-01-15 10:13:13,869 - INFO - ✅ Данные релиза #201 успешно извлечены
2026-01-15 10:13:13,869 - INFO - 
🔍 Парсинг релиза #202 (страница #11, позиция #2)...
2026-01-15 10:13:13,872 - INFO - 🔍 Извлечение данных из релиза #202...
2026-01-15 10:13:13,879 - INFO - 📝 Текст релиза: SXNDER
W.1ce3
UPC
5063466427793
Название лейбла
ROSSEL 66
Дата создания
2024-07-22
Дата релиза
2024-08-02
Дата старта
2024-08-02
Территории
Все страны
Площадки
49
Жанр
Hip Hop/Rap
Трек-лист...
2026-01-15 10:13:13,887 - INFO - ✅ title: SXNDER
2026-01-15 10:13:13,889 - INFO - ✅ artist: W.1ce3
2026-01-15 10:13:13,894 - INFO - ✅ cover: https://media.zvonkodigital.ru/api/cover/100/27253033/
2026-01-15 10:13:13,908 - INFO - ✅ upc: 5063466427793
2026-01-15 10:13:13,914 - INFO - ✅ label: ROSSEL 66
2026-01-15 10:13:13,919 - INFO - ✅ date: 2024-07-22
2026-01-15 10:13:13,936 - INFO - ✅ territories: Все страны
2026-01-15 10:13:13,941 - INFO - ✅ platforms: 49
2026-01-15 10:13:13,947 - INFO - ✅ genre: Hip Hop/Rap
2026-01-15 10:13:13,952 - INFO - ✅ Данные релиза #202 успешно извлечены
2026-01-15 10:13:13,952 - INFO - 
🔍 Парсинг релиза #203 (страница #11, позиция #3)...
2026-01-15 10:13:13,955 - INFO - 🔍 Извлечение данных из релиза #203...
2026-01-15 10:13:13,962 - INFO - 📝 Текст релиза: Соткан (prod. by Wh!t3$!n$!)
night moral
UPC
5063466414564
Название лейбла
ROSSEL 66
Дата создания
2024-07-17
Дата релиза
2024-08-02
Дата старта
2024-08-02
Территории
Все страны
Площадки
49
Жанр
Hip H...
2026-01-15 10:13:13,970 - INFO - ✅ title: Соткан (prod. by Wh!t3$!n$!)
2026-01-15 10:13:13,973 - INFO - ✅ artist: night moral
2026-01-15 10:13:13,977 - INFO - ✅ cover: https://media.zvonkodigital.ru/api/cover/100/27211690/
2026-01-15 10:13:13,994 - INFO - ✅ upc: 5063466414564
2026-01-15 10:13:14,000 - INFO - ✅ label: ROSSEL 66
2026-01-15 10:13:14,005 - INFO - ✅ date: 2024-07-17
2026-01-15 10:13:14,021 - INFO - ✅ territories: Все страны
2026-01-15 10:13:14,027 - INFO - ✅ platforms: 49
2026-01-15 10:13:14,032 - INFO - ✅ genre: Hip Hop/Rap
2026-01-15 10:13:14,037 - INFO - ✅ Данные релиза #203 успешно извлечены
2026-01-15 10:13:14,037 - INFO - 
🔍 Парсинг релиза #204 (страница #11, позиция #4)...
2026-01-15 10:13:14,040 - INFO - 🔍 Извлечение данных из релиза #204...
2026-01-15 10:13:14,047 - INFO - 📝 Текст релиза: Overvoltage
cherrypiertd
UPC
5063466414502
Название лейбла
ROSSEL 66
Дата создания
2024-07-17
Дата релиза
2024-07-26
Дата старта
2024-07-26
Территории
Все страны
Площадки
49
Жанр
Dance
Трек-лист...
2026-01-15 10:13:14,054 - INFO - ✅ title: Overvoltage
2026-01-15 10:13:14,057 - INFO - ✅ artist: cherrypiertd
2026-01-15 10:13:14,062 - INFO - ✅ cover: https://media.zvonkodigital.ru/api/cover/100/27211533/
2026-01-15 10:13:14,076 - INFO - ✅ upc: 5063466414502
2026-01-15 10:13:14,081 - INFO - ✅ label: ROSSEL 66
2026-01-15 10:13:14,086 - INFO - ✅ date: 2024-07-17
2026-01-15 10:13:14,102 - INFO - ✅ territories: Все страны
2026-01-15 10:13:14,108 - INFO - ✅ platforms: 49
2026-01-15 10:13:14,119 - INFO - ✅ Данные релиза #204 успешно извлечены
2026-01-15 10:13:14,119 - INFO - 
🔍 Парсинг релиза #205 (страница #11, позиция #5)...
2026-01-15 10:13:14,121 - INFO - 🔍 Извлечение данных из релиза #205...
2026-01-15 10:13:14,128 - INFO - 📝 Текст релиза: Сухоцвет
ЭНТЕNДАНS
UPC
5063466404459
Название лейбла
ROSSEL 66
Дата создания
2024-07-15
Дата релиза
2024-08-16
Дата старта
2024-08-16
Территории
Все страны
Площадки
51
Жанр
Indie Rock
Трек-лист...
2026-01-15 10:13:14,136 - INFO - ✅ title: Сухоцвет
2026-01-15 10:13:14,139 - INFO - ✅ artist: ЭНТЕNДАНS
2026-01-15 10:13:14,144 - INFO - ✅ cover: https://media.zvonkodigital.ru/api/cover/100/27183326/
2026-01-15 10:13:14,157 - INFO - ✅ upc: 5063466404459
2026-01-15 10:13:14,163 - INFO - ✅ label: ROSSEL 66
2026-01-15 10:13:14,168 - INFO - ✅ date: 2024-07-15
2026-01-15 10:13:14,184 - INFO - ✅ territories: Все страны
2026-01-15 10:13:14,189 - INFO - ✅ platforms: 51
2026-01-15 10:13:14,200 - INFO - ✅ Данные релиза #205 успешно извлечены
2026-01-15 10:13:14,200 - INFO - 
🔍 Парсинг релиза #206 (страница #11, позиция #6)...
2026-01-15 10:13:14,202 - INFO - 🔍 Извлечение данных из релиза #206...
2026-01-15 10:13:14,209 - INFO - 📝 Текст релиза: Грязный Грю
Jelato
UPC
5063466393500
Название лейбла
ROSSEL 66
Дата создания
2024-07-11
Дата релиза
2024-07-19
Дата старта
2024-07-19
Территории
Все страны
Площадки
48
Жанр
Hip Hop/Rap
Трек-лист...
2026-01-15 10:13:14,216 - INFO - ✅ title: Грязный Грю
2026-01-15 10:13:14,219 - INFO - ✅ artist: Jelato
2026-01-15 10:13:14,223 - INFO - ✅ cover: https://media.zvonkodigital.ru/api/cover/100/27144506/
2026-01-15 10:13:14,237 - INFO - ✅ upc: 5063466393500
2026-01-15 10:13:14,243 - INFO - ✅ label: ROSSEL 66
2026-01-15 10:13:14,248 - INFO - ✅ date: 2024-07-11
2026-01-15 10:13:14,264 - INFO - ✅ territories: Все страны
2026-01-15 10:13:14,269 - INFO - ✅ platforms: 48
2026-01-15 10:13:14,278 - INFO - ✅ genre: Hip Hop/Rap
2026-01-15 10:13:14,289 - INFO - ✅ Данные релиза #206 успешно извлечены
2026-01-15 10:13:14,289 - INFO - 
🔍 Парсинг релиза #207 (страница #11, позиция #7)...
2026-01-15 10:13:14,292 - INFO - 🔍 Извлечение данных из релиза #207...
2026-01-15 10:13:14,299 - INFO - 📝 Текст релиза: Eternal Echo
Etxrnxtx
UPC
5063466380845
Название лейбла
ROSSEL 66
Дата создания
2024-07-08
Дата релиза
2024-07-26
Дата старта
2024-07-26
Территории
Все страны
Площадки
48
Жанр
Electronic
Трек-лист...
2026-01-15 10:13:14,307 - INFO - ✅ title: Eternal Echo
2026-01-15 10:13:14,309 - INFO - ✅ artist: Etxrnxtx
2026-01-15 10:13:14,314 - INFO - ✅ cover: https://media.zvonkodigital.ru/api/cover/100/27103092/
2026-01-15 10:13:14,328 - INFO - ✅ upc: 5063466380845
2026-01-15 10:13:14,334 - INFO - ✅ label: ROSSEL 66
2026-01-15 10:13:14,339 - INFO - ✅ date: 2024-07-08
2026-01-15 10:13:14,355 - INFO - ✅ territories: Все страны
2026-01-15 10:13:14,360 - INFO - ✅ platforms: 48
2026-01-15 10:13:14,366 - INFO - ✅ genre: Electronic
2026-01-15 10:13:14,372 - INFO - ✅ Данные релиза #207 успешно извлечены
2026-01-15 10:13:14,372 - INFO - 
🔍 Парсинг релиза #208 (страница #11, позиция #8)...
2026-01-15 10:13:14,375 - INFO - 🔍 Извлечение данных из релиза #208...
2026-01-15 10:13:14,382 - INFO - 📝 Текст релиза: TAKE A RISK 2
Takeda, BEZOODA, N.B
UPC
734167808604
Название лейбла
ROSSEL 66
Дата создания
2024-07-08
Дата релиза
2024-02-02
Дата старта
2024-02-02
Территории
Все страны
Площадки
7
Жанр
Hip Hop/Rap
Т...
2026-01-15 10:13:14,390 - INFO - ✅ title: TAKE A RISK 2
2026-01-15 10:13:14,393 - INFO - ✅ artist: Takeda, BEZOODA, N.B
2026-01-15 10:13:14,398 - INFO - ✅ cover: https://media.zvonkodigital.ru/api/cover/100/27101273/
2026-01-15 10:13:14,412 - INFO - ✅ upc: 734167808604
2026-01-15 10:13:14,418 - INFO - ✅ label: ROSSEL 66
2026-01-15 10:13:14,423 - INFO - ✅ date: 2024-07-08
2026-01-15 10:13:14,438 - INFO - ✅ territories: Все страны
2026-01-15 10:13:14,449 - INFO - ✅ genre: Hip Hop/Rap
2026-01-15 10:13:14,454 - INFO - ✅ Данные релиза #208 успешно извлечены
2026-01-15 10:13:14,454 - INFO - 
🔍 Парсинг релиза #209 (страница #11, позиция #9)...
2026-01-15 10:13:14,457 - INFO - 🔍 Извлечение данных из релиза #209...
2026-01-15 10:13:14,464 - INFO - 📝 Текст релиза: REDEMPTION 2
Takeda
UPC
725336867423
Название лейбла
ROSSEL 66
Дата создания
2024-07-08
Дата релиза
2024-06-24
Дата старта
2024-06-24
Территории
Все страны
Площадки
7
Жанр
Hip Hop/Rap
Трек-лист...
2026-01-15 10:13:14,472 - INFO - ✅ title: REDEMPTION 2
2026-01-15 10:13:14,475 - INFO - ✅ artist: Takeda
2026-01-15 10:13:14,480 - INFO - ✅ cover: https://media.zvonkodigital.ru/api/cover/100/27087968/
2026-01-15 10:13:14,493 - INFO - ✅ upc: 725336867423
2026-01-15 10:13:14,499 - INFO - ✅ label: ROSSEL 66
2026-01-15 10:13:14,504 - INFO - ✅ date: 2024-07-08
2026-01-15 10:13:14,520 - INFO - ✅ territories: Все страны
2026-01-15 10:13:14,531 - INFO - ✅ genre: Hip Hop/Rap
2026-01-15 10:13:14,536 - INFO - ✅ Данные релиза #209 успешно извлечены
2026-01-15 10:13:14,536 - INFO - 
🔍 Парсинг релиза #210 (страница #11, позиция #10)...
2026-01-15 10:13:14,538 - INFO - 🔍 Извлечение данных из релиза #210...
2026-01-15 10:13:14,545 - INFO - 📝 Текст релиза: LAST DAY OUT
Takeda, znuski
UPC
752470704239
Название лейбла
ROSSEL 66
Дата создания
2024-07-05
Дата релиза
2024-06-14
Дата старта
2024-06-14
Территории
Все страны
Площадки
7
Жанр
Hip Hop/Rap
Трек-лис...
2026-01-15 10:13:14,553 - INFO - ✅ title: LAST DAY OUT
2026-01-15 10:13:14,555 - INFO - ✅ artist: Takeda, znuski
2026-01-15 10:13:14,560 - INFO - ✅ cover: https://media.zvonkodigital.ru/api/cover/100/27077988/
2026-01-15 10:13:14,574 - INFO - ✅ upc: 752470704239
2026-01-15 10:13:14,579 - INFO - ✅ label: ROSSEL 66
2026-01-15 10:13:14,585 - INFO - ✅ date: 2024-07-05
2026-01-15 10:13:14,602 - INFO - ✅ territories: Все страны
2026-01-15 10:13:14,613 - INFO - ✅ genre: Hip Hop/Rap
2026-01-15 10:13:14,618 - INFO - ✅ Данные релиза #210 успешно извлечены
2026-01-15 10:13:14,618 - INFO - 
🔍 Парсинг релиза #211 (страница #11, позиция #11)...
2026-01-15 10:13:14,620 - INFO - 🔍 Извлечение данных из релиза #211...
2026-01-15 10:13:14,627 - INFO - 📝 Текст релиза: 42
Amori
UPC
5063466373304
Название лейбла
ROSSEL 66
Дата создания
2024-07-05
Дата релиза
2024-06-22
Дата старта
2024-07-01
Территории
Все страны
Площадки
48
Жанр
Hip Hop/Rap
Трек-лист...
2026-01-15 10:13:14,635 - INFO - ✅ title: 42
2026-01-15 10:13:14,638 - INFO - ✅ artist: Amori
2026-01-15 10:13:14,642 - INFO - ✅ cover: https://media.zvonkodigital.ru/api/cover/100/27076598/
2026-01-15 10:13:14,648 - INFO - ✅ platforms: 42
2026-01-15 10:13:14,656 - INFO - ✅ upc: 5063466373304
2026-01-15 10:13:14,662 - INFO - ✅ label: ROSSEL 66
2026-01-15 10:13:14,667 - INFO - ✅ date: 2024-07-05
2026-01-15 10:13:14,683 - INFO - ✅ territories: Все страны
2026-01-15 10:13:14,694 - INFO - ✅ genre: Hip Hop/Rap
2026-01-15 10:13:14,699 - INFO - ✅ Данные релиза #211 успешно извлечены
2026-01-15 10:13:14,699 - INFO - 
🔍 Парсинг релиза #212 (страница #11, позиция #12)...
2026-01-15 10:13:14,702 - INFO - 🔍 Извлечение данных из релиза #212...
2026-01-15 10:13:14,708 - INFO - 📝 Текст релиза: GRIND
Takeda
UPC
732138394330
Название лейбла
ROSSEL 66
Дата создания
2024-07-04
Дата релиза
2024-06-07
Дата старта
2024-06-07
Территории
Все страны
Площадки
7
Жанр
Hip Hop/Rap
Трек-лист...
2026-01-15 10:13:14,716 - INFO - ✅ title: GRIND
2026-01-15 10:13:14,719 - INFO - ✅ artist: Takeda
2026-01-15 10:13:14,723 - INFO - ✅ cover: https://media.zvonkodigital.ru/api/cover/100/27068645/
2026-01-15 10:13:14,737 - INFO - ✅ upc: 732138394330
2026-01-15 10:13:14,744 - INFO - ✅ label: ROSSEL 66
2026-01-15 10:13:14,750 - INFO - ✅ date: 2024-07-04
2026-01-15 10:13:14,766 - INFO - ✅ territories: Все страны
2026-01-15 10:13:14,778 - INFO - ✅ genre: Hip Hop/Rap
2026-01-15 10:13:14,784 - INFO - ✅ Данные релиза #212 успешно извлечены
2026-01-15 10:13:14,784 - INFO - 
🔍 Парсинг релиза #213 (страница #11, позиция #13)...
2026-01-15 10:13:14,787 - INFO - 🔍 Извлечение данных из релиза #213...
2026-01-15 10:13:14,794 - INFO - 📝 Текст релиза: На моих руках
night moral
UPC
5063466370419
Название лейбла
ROSSEL 66
Дата создания
2024-07-04
Дата релиза
2024-07-26
Дата старта
2024-07-26
Территории
Все страны
Площадки
48
Жанр
Pop
Трек-лист...
2026-01-15 10:13:14,802 - INFO - ✅ title: На моих руках
2026-01-15 10:13:14,805 - INFO - ✅ artist: night moral
2026-01-15 10:13:14,810 - INFO - ✅ cover: https://media.zvonkodigital.ru/api/cover/100/27068106/
2026-01-15 10:13:14,823 - INFO - ✅ upc: 5063466370419
2026-01-15 10:13:14,829 - INFO - ✅ label: ROSSEL 66
2026-01-15 10:13:14,834 - INFO - ✅ date: 2024-07-04
2026-01-15 10:13:14,850 - INFO - ✅ territories: Все страны
2026-01-15 10:13:14,856 - INFO - ✅ platforms: 48
2026-01-15 10:13:14,861 - INFO - ✅ genre: Pop
2026-01-15 10:13:14,867 - INFO - ✅ Данные релиза #213 успешно извлечены
2026-01-15 10:13:14,867 - INFO - 
🔍 Парсинг релиза #214 (страница #11, позиция #14)...
2026-01-15 10:13:14,869 - INFO - 🔍 Извлечение данных из релиза #214...
2026-01-15 10:13:14,876 - INFO - 📝 Текст релиза: ТВОЙ КОСМОС
ASTRODYA
UPC
5063466370327
Название лейбла
ROSSEL 66
Дата создания
2024-07-04
Дата релиза
2024-07-12
Дата старта
2024-07-12
Территории
Все страны
Площадки
49
Жанр
Pop
Трек-лист...
2026-01-15 10:13:14,884 - INFO - ✅ title: ТВОЙ КОСМОС
2026-01-15 10:13:14,887 - INFO - ✅ artist: ASTRODYA
2026-01-15 10:13:14,891 - INFO - ✅ cover: https://media.zvonkodigital.ru/api/cover/100/27067837/
2026-01-15 10:13:14,906 - INFO - ✅ upc: 5063466370327
2026-01-15 10:13:14,911 - INFO - ✅ label: ROSSEL 66
2026-01-15 10:13:14,916 - INFO - ✅ date: 2024-07-04
2026-01-15 10:13:14,932 - INFO - ✅ territories: Все страны
2026-01-15 10:13:14,937 - INFO - ✅ platforms: 49
2026-01-15 10:13:14,943 - INFO - ✅ genre: Pop
2026-01-15 10:13:14,949 - INFO - ✅ Данные релиза #214 успешно извлечены
2026-01-15 10:13:14,949 - INFO - 
🔍 Парсинг релиза #215 (страница #11, позиция #15)...
2026-01-15 10:13:14,951 - INFO - 🔍 Извлечение данных из релиза #215...
2026-01-15 10:13:14,958 - INFO - 📝 Текст релиза: MAKISHIMA RECORDS
Makishima
UPC
5063466350084
Название лейбла
ROSSEL 66
Дата создания
2024-06-28
Дата релиза
2024-07-05
Дата старта
2024-07-05
Территории
Все страны
Площадки
49
Жанр
Phonk/Fonk
Трек-ли...
2026-01-15 10:13:14,967 - INFO - ✅ title: MAKISHIMA RECORDS
2026-01-15 10:13:14,970 - INFO - ✅ artist: Makishima
2026-01-15 10:13:14,976 - INFO - ✅ cover: https://media.zvonkodigital.ru/api/cover/100/27003185/
2026-01-15 10:13:14,989 - INFO - ✅ upc: 5063466350084
2026-01-15 10:13:14,995 - INFO - ✅ label: ROSSEL 66
2026-01-15 10:13:15,001 - INFO - ✅ date: 2024-06-28
2026-01-15 10:13:15,016 - INFO - ✅ territories: Все страны
2026-01-15 10:13:15,022 - INFO - ✅ platforms: 49
2026-01-15 10:13:15,027 - INFO - ✅ genre: Phonk/Fonk
2026-01-15 10:13:15,033 - INFO - ✅ Данные релиза #215 успешно извлечены
2026-01-15 10:13:15,033 - INFO - 
🔍 Парсинг релиза #216 (страница #11, позиция #16)...
2026-01-15 10:13:15,035 - INFO - 🔍 Извлечение данных из релиза #216...
2026-01-15 10:13:15,042 - INFO - 📝 Текст релиза: Пятно
W.1ce3, EnellySayk
UPC
5063466344892
Название лейбла
ROSSEL 66
Дата создания
2024-06-26
Дата релиза
2024-07-12
Дата старта
2024-07-12
Территории
Все страны
Площадки
48
Жанр
Alternative Rap
Трек-...
2026-01-15 10:13:15,050 - INFO - ✅ title: Пятно
2026-01-15 10:13:15,052 - INFO - ✅ artist: W.1ce3, EnellySayk
2026-01-15 10:13:15,057 - INFO - ✅ cover: https://media.zvonkodigital.ru/api/cover/100/26983076/
2026-01-15 10:13:15,071 - INFO - ✅ upc: 5063466344892
2026-01-15 10:13:15,077 - INFO - ✅ label: ROSSEL 66
2026-01-15 10:13:15,082 - INFO - ✅ date: 2024-06-26
2026-01-15 10:13:15,099 - INFO - ✅ territories: Все страны
2026-01-15 10:13:15,104 - INFO - ✅ platforms: 48
2026-01-15 10:13:15,115 - INFO - ✅ Данные релиза #216 успешно извлечены
2026-01-15 10:13:15,115 - INFO - 
🔍 Парсинг релиза #217 (страница #11, позиция #17)...
2026-01-15 10:13:15,117 - INFO - 🔍 Извлечение данных из релиза #217...
2026-01-15 10:13:15,124 - INFO - 📝 Текст релиза: Deep Dive
VvZz
UPC
5063466336712
Название лейбла
ROSSEL 66
Дата создания
2024-06-25
Дата релиза
2024-07-05
Дата старта
2024-07-05
Территории
Все страны
Площадки
48
Жанр
Hip Hop/Rap
Трек-лист...
2026-01-15 10:13:15,133 - INFO - ✅ title: Deep Dive
2026-01-15 10:13:15,138 - INFO - ✅ artist: VvZz
2026-01-15 10:13:15,142 - INFO - ✅ cover: https://media.zvonkodigital.ru/api/cover/100/26954028/
2026-01-15 10:13:15,156 - INFO - ✅ upc: 5063466336712
2026-01-15 10:13:15,162 - INFO - ✅ label: ROSSEL 66
2026-01-15 10:13:15,168 - INFO - ✅ date: 2024-06-25
2026-01-15 10:13:15,184 - INFO - ✅ territories: Все страны
2026-01-15 10:13:15,189 - INFO - ✅ platforms: 48
2026-01-15 10:13:15,194 - INFO - ✅ genre: Hip Hop/Rap
2026-01-15 10:13:15,200 - INFO - ✅ Данные релиза #217 успешно извлечены
2026-01-15 10:13:15,200 - INFO - 
🔍 Парсинг релиза #218 (страница #11, позиция #18)...
2026-01-15 10:13:15,202 - INFO - 🔍 Извлечение данных из релиза #218...
2026-01-15 10:13:15,209 - INFO - 📝 Текст релиза: сумасшедший
передоз
UPC
5063466281685
Название лейбла
ROSSEL 66
Дата создания
2024-06-10
Дата релиза
2024-06-21
Дата старта
2024-06-21
Территории
Все страны
Площадки
49
Жанр
Rock
Трек-лист...
2026-01-15 10:13:15,217 - INFO - ✅ title: сумасшедший
2026-01-15 10:13:15,219 - INFO - ✅ artist: передоз
2026-01-15 10:13:15,224 - INFO - ✅ cover: https://media.zvonkodigital.ru/api/cover/100/26789701/
2026-01-15 10:13:15,238 - INFO - ✅ upc: 5063466281685
2026-01-15 10:13:15,243 - INFO - ✅ label: ROSSEL 66
2026-01-15 10:13:15,249 - INFO - ✅ date: 2024-06-10
2026-01-15 10:13:15,271 - INFO - ✅ territories: Все страны
2026-01-15 10:13:15,283 - INFO - ✅ platforms: 49
2026-01-15 10:13:15,292 - INFO - ✅ genre: Rock
2026-01-15 10:13:15,302 - INFO - ✅ Данные релиза #218 успешно извлечены
2026-01-15 10:13:15,302 - INFO - 
🔍 Парсинг релиза #219 (страница #11, позиция #19)...
2026-01-15 10:13:15,305 - INFO - 🔍 Извлечение данных из релиза #219...
2026-01-15 10:13:15,312 - INFO - 📝 Текст релиза: Let Me Cook (feat. GATASKI)
Sour Diesel feat. GATASKI
UPC
5063466275226
Название лейбла
ROSSEL 66
Дата создания
2024-06-07
Дата релиза
2024-06-21
Дата старта
2024-06-21
Территории
Все страны
Площадки
...
2026-01-15 10:13:15,320 - INFO - ✅ title: Let Me Cook (feat. GATASKI)
2026-01-15 10:13:15,323 - INFO - ✅ artist: Sour Diesel feat. GATASKI
2026-01-15 10:13:15,328 - INFO - ✅ cover: https://media.zvonkodigital.ru/api/cover/100/26769395/
2026-01-15 10:13:15,345 - INFO - ✅ upc: 5063466275226
2026-01-15 10:13:15,350 - INFO - ✅ label: ROSSEL 66
2026-01-15 10:13:15,355 - INFO - ✅ date: 2024-06-07
2026-01-15 10:13:15,371 - INFO - ✅ territories: Все страны
2026-01-15 10:13:15,377 - INFO - ✅ platforms: 49
2026-01-15 10:13:15,387 - INFO - ✅ Данные релиза #219 успешно извлечены
2026-01-15 10:13:15,387 - INFO - 
🔍 Парсинг релиза #220 (страница #11, позиция #20)...
2026-01-15 10:13:15,390 - INFO - 🔍 Извлечение данных из релиза #220...
2026-01-15 10:13:15,397 - INFO - 📝 Текст релиза: Противоположен
TROUBLEDD
UPC
5063466212924
Название лейбла
ROSSEL 66
Дата создания
2024-05-20
Дата релиза
2024-05-31
Дата старта
2024-05-31
Территории
Все страны
Площадки
47
Жанр
Hip Hop/Rap
Трек-лист...
2026-01-15 10:13:15,405 - INFO - ✅ title: Противоположен
2026-01-15 10:13:15,407 - INFO - ✅ artist: TROUBLEDD
2026-01-15 10:13:15,412 - INFO - ✅ cover: https://media.zvonkodigital.ru/api/cover/100/26575587/
2026-01-15 10:13:15,426 - INFO - ✅ upc: 5063466212924
2026-01-15 10:13:15,432 - INFO - ✅ label: ROSSEL 66
2026-01-15 10:13:15,437 - INFO - ✅ date: 2024-05-20
2026-01-15 10:13:15,453 - INFO - ✅ territories: Все страны
2026-01-15 10:13:15,458 - INFO - ✅ platforms: 47
2026-01-15 10:13:15,464 - INFO - ✅ genre: Hip Hop/Rap
2026-01-15 10:13:15,470 - INFO - ✅ Данные релиза #220 успешно извлечены
2026-01-15 10:13:15,470 - INFO - ✅ Страница #11 завершена! Обработано 20 релизов
2026-01-15 10:13:15,474 - INFO - 🖱️ Переход к предыдущей странице...
2026-01-15 10:13:18,499 - INFO - 
📄 Обработка страницы #12...
2026-01-15 10:13:18,499 - INFO - 🔍 Парсинг страницы #12...
2026-01-15 10:13:25,541 - INFO - 📊 На странице #12 найдено 20 релизов по селектору: div.css-1xgpa60
2026-01-15 10:13:25,542 - INFO - 
🔍 Парсинг релиза #221 (страница #12, позиция #1)...
2026-01-15 10:13:25,547 - INFO - 🔍 Извлечение данных из релиза #221...
2026-01-15 10:13:25,559 - INFO - 📝 Текст релиза: Talkin with My Kate, Pt. II
Etxrnxtx, SIXDEZ
UPC
5063466051585
Название лейбла
ROSSEL 66
Дата создания
2024-04-04
Дата релиза
2019-05-28
Дата старта
2019-05-28
Территории
Все страны
Площадки
49
Жанр
P...
2026-01-15 10:13:25,569 - INFO - ✅ title: Talkin with My Kate, Pt. II
2026-01-15 10:13:25,573 - INFO - ✅ artist: Etxrnxtx, SIXDEZ
2026-01-15 10:13:25,578 - INFO - ✅ cover: https://media.zvonkodigital.ru/api/cover/100/26126328/
2026-01-15 10:13:25,594 - INFO - ✅ upc: 5063466051585
2026-01-15 10:13:25,599 - INFO - ✅ label: ROSSEL 66
2026-01-15 10:13:25,605 - INFO - ✅ date: 2024-04-04
2026-01-15 10:13:25,621 - INFO - ✅ territories: Все страны
2026-01-15 10:13:25,627 - INFO - ✅ platforms: 49
2026-01-15 10:13:25,632 - INFO - ✅ genre: Phonk/Fonk
2026-01-15 10:13:25,638 - INFO - ✅ Данные релиза #221 успешно извлечены
2026-01-15 10:13:25,638 - INFO - 
🔍 Парсинг релиза #222 (страница #12, позиция #2)...
2026-01-15 10:13:25,640 - INFO - 🔍 Извлечение данных из релиза #222...
2026-01-15 10:13:25,648 - INFO - 📝 Текст релиза: F Da B, Pt. II
Etxrnxtx
UPC
5063466050984
Название лейбла
ROSSEL 66
Дата создания
2024-04-04
Дата релиза
2022-05-20
Дата старта
2022-05-20
Территории
Все страны
Площадки
49
Жанр
Phonk/Fonk
Трек-лист...
2026-01-15 10:13:25,656 - INFO - ✅ title: F Da B, Pt. II
2026-01-15 10:13:25,659 - INFO - ✅ artist: Etxrnxtx
2026-01-15 10:13:25,663 - INFO - ✅ cover: https://media.zvonkodigital.ru/api/cover/100/26125603/
2026-01-15 10:13:25,678 - INFO - ✅ upc: 5063466050984
2026-01-15 10:13:25,683 - INFO - ✅ label: ROSSEL 66
2026-01-15 10:13:25,688 - INFO - ✅ date: 2024-04-04
2026-01-15 10:13:25,704 - INFO - ✅ territories: Все страны
2026-01-15 10:13:25,710 - INFO - ✅ platforms: 49
2026-01-15 10:13:25,715 - INFO - ✅ genre: Phonk/Fonk
2026-01-15 10:13:25,721 - INFO - ✅ Данные релиза #222 успешно извлечены
2026-01-15 10:13:25,721 - INFO - 
🔍 Парсинг релиза #223 (страница #12, позиция #3)...
2026-01-15 10:13:25,723 - INFO - 🔍 Извлечение данных из релиза #223...
2026-01-15 10:13:25,733 - INFO - 📝 Текст релиза: Try Me
Etxrnxtx
UPC
5063466050977
Название лейбла
ROSSEL 66
Дата создания
2024-04-04
Дата релиза
2023-04-28
Дата старта
2023-04-28
Территории
Все страны
Площадки
49
Жанр
Phonk/Fonk
Трек-лист...
2026-01-15 10:13:25,746 - INFO - ✅ title: Try Me
2026-01-15 10:13:25,749 - INFO - ✅ artist: Etxrnxtx
2026-01-15 10:13:25,753 - INFO - ✅ cover: https://media.zvonkodigital.ru/api/cover/100/26125593/
2026-01-15 10:13:25,767 - INFO - ✅ upc: 5063466050977
2026-01-15 10:13:25,773 - INFO - ✅ label: ROSSEL 66
2026-01-15 10:13:25,778 - INFO - ✅ date: 2024-04-04
2026-01-15 10:13:25,794 - INFO - ✅ territories: Все страны
2026-01-15 10:13:25,800 - INFO - ✅ platforms: 49
2026-01-15 10:13:25,805 - INFO - ✅ genre: Phonk/Fonk
2026-01-15 10:13:25,810 - INFO - ✅ Данные релиза #223 успешно извлечены
2026-01-15 10:13:25,810 - INFO - 
🔍 Парсинг релиза #224 (страница #12, позиция #4)...
2026-01-15 10:13:25,813 - INFO - 🔍 Извлечение данных из релиза #224...
2026-01-15 10:13:25,819 - INFO - 📝 Текст релиза: Ethereal
Etxrnxtx
UPC
5063466050960
Название лейбла
ROSSEL 66
Дата создания
2024-04-04
Дата релиза
2019-08-24
Дата старта
2019-08-24
Территории
Все страны
Площадки
49
Жанр
Phonk/Fonk
Трек-лист...
2026-01-15 10:13:25,827 - INFO - ✅ title: Ethereal
2026-01-15 10:13:25,830 - INFO - ✅ artist: Etxrnxtx
2026-01-15 10:13:25,835 - INFO - ✅ cover: https://media.zvonkodigital.ru/api/cover/100/26125518/
2026-01-15 10:13:25,848 - INFO - ✅ upc: 5063466050960
2026-01-15 10:13:25,854 - INFO - ✅ label: ROSSEL 66
2026-01-15 10:13:25,859 - INFO - ✅ date: 2024-04-04
2026-01-15 10:13:25,875 - INFO - ✅ territories: Все страны
2026-01-15 10:13:25,881 - INFO - ✅ platforms: 49
2026-01-15 10:13:25,886 - INFO - ✅ genre: Phonk/Fonk
2026-01-15 10:13:25,891 - INFO - ✅ Данные релиза #224 успешно извлечены
2026-01-15 10:13:25,892 - INFO - 
🔍 Парсинг релиза #225 (страница #12, позиция #5)...
2026-01-15 10:13:25,894 - INFO - 🔍 Извлечение данных из релиза #225...
2026-01-15 10:13:25,901 - INFO - 📝 Текст релиза: Fade into Darkness
Etxrnxtx
UPC
5063466050915
Название лейбла
ROSSEL 66
Дата создания
2024-04-04
Дата релиза
2023-03-17
Дата старта
2023-03-17
Территории
Все страны
Площадки
49
Жанр
Phonk/Fonk
Трек-ли...
2026-01-15 10:13:25,909 - INFO - ✅ title: Fade into Darkness
2026-01-15 10:13:25,912 - INFO - ✅ artist: Etxrnxtx
2026-01-15 10:13:25,916 - INFO - ✅ cover: https://media.zvonkodigital.ru/api/cover/100/26125442/
2026-01-15 10:13:25,930 - INFO - ✅ upc: 5063466050915
2026-01-15 10:13:25,935 - INFO - ✅ label: ROSSEL 66
2026-01-15 10:13:25,940 - INFO - ✅ date: 2024-04-04
2026-01-15 10:13:25,956 - INFO - ✅ territories: Все страны
2026-01-15 10:13:25,961 - INFO - ✅ platforms: 49
2026-01-15 10:13:25,966 - INFO - ✅ genre: Phonk/Fonk
2026-01-15 10:13:25,971 - INFO - ✅ Данные релиза #225 успешно извлечены
2026-01-15 10:13:25,971 - INFO - 
🔍 Парсинг релиза #226 (страница #12, позиция #6)...
2026-01-15 10:13:25,974 - INFO - 🔍 Извлечение данных из релиза #226...
2026-01-15 10:13:25,980 - INFO - 📝 Текст релиза: Shades of Beauty 3
Etxrnxtx
UPC
5063466050908
Название лейбла
ROSSEL 66
Дата создания
2024-04-04
Дата релиза
2022-10-28
Дата старта
2022-10-28
Территории
Все страны
Площадки
49
Жанр
Phonk/Fonk
Трек-ли...
2026-01-15 10:13:25,988 - INFO - ✅ title: Shades of Beauty 3
2026-01-15 10:13:25,991 - INFO - ✅ artist: Etxrnxtx
2026-01-15 10:13:25,996 - INFO - ✅ cover: https://media.zvonkodigital.ru/api/cover/100/26125374/
2026-01-15 10:13:26,010 - INFO - ✅ upc: 5063466050908
2026-01-15 10:13:26,016 - INFO - ✅ label: ROSSEL 66
2026-01-15 10:13:26,021 - INFO - ✅ date: 2024-04-04
2026-01-15 10:13:26,038 - INFO - ✅ territories: Все страны
2026-01-15 10:13:26,043 - INFO - ✅ platforms: 49
2026-01-15 10:13:26,048 - INFO - ✅ genre: Phonk/Fonk
2026-01-15 10:13:26,054 - INFO - ✅ Данные релиза #226 успешно извлечены
2026-01-15 10:13:26,054 - INFO - 
🔍 Парсинг релиза #227 (страница #12, позиция #7)...
2026-01-15 10:13:26,057 - INFO - 🔍 Извлечение данных из релиза #227...
2026-01-15 10:13:26,063 - INFO - 📝 Текст релиза: Psychxpathic Lunatic
Etxrnxtx
UPC
5063466050748
Название лейбла
ROSSEL 66
Дата создания
2024-04-04
Дата релиза
2019-09-10
Дата старта
2019-09-10
Территории
Все страны
Площадки
49
Жанр
Phonk/Fonk
Трек-...
2026-01-15 10:13:26,071 - INFO - ✅ title: Psychxpathic Lunatic
2026-01-15 10:13:26,074 - INFO - ✅ artist: Etxrnxtx
2026-01-15 10:13:26,079 - INFO - ✅ cover: https://media.zvonkodigital.ru/api/cover/100/26125167/
2026-01-15 10:13:26,092 - INFO - ✅ upc: 5063466050748
2026-01-15 10:13:26,098 - INFO - ✅ label: ROSSEL 66
2026-01-15 10:13:26,103 - INFO - ✅ date: 2024-04-04
2026-01-15 10:13:26,119 - INFO - ✅ territories: Все страны
2026-01-15 10:13:26,125 - INFO - ✅ platforms: 49
2026-01-15 10:13:26,130 - INFO - ✅ genre: Phonk/Fonk
2026-01-15 10:13:26,136 - INFO - ✅ Данные релиза #227 успешно извлечены
2026-01-15 10:13:26,136 - INFO - 
🔍 Парсинг релиза #228 (страница #12, позиция #8)...
2026-01-15 10:13:26,138 - INFO - 🔍 Извлечение данных из релиза #228...
2026-01-15 10:13:26,145 - INFO - 📝 Текст релиза: Страдай
Sour Diesel
UPC
5063466047021
Название лейбла
ROSSEL 66
Дата создания
2024-04-03
Дата релиза
2024-03-29
Дата старта
2024-03-29
Территории
Все страны
Площадки
49
Жанр
Hip Hop/Rap
Трек-лист...
2026-01-15 10:13:26,153 - INFO - ✅ title: Страдай
2026-01-15 10:13:26,155 - INFO - ✅ artist: Sour Diesel
2026-01-15 10:13:26,160 - INFO - ✅ cover: https://media.zvonkodigital.ru/api/cover/100/26117667/
2026-01-15 10:13:26,175 - INFO - ✅ upc: 5063466047021
2026-01-15 10:13:26,180 - INFO - ✅ label: ROSSEL 66
2026-01-15 10:13:26,186 - INFO - ✅ date: 2024-04-03
2026-01-15 10:13:26,202 - INFO - ✅ territories: Все страны
2026-01-15 10:13:26,208 - INFO - ✅ platforms: 49
2026-01-15 10:13:26,219 - INFO - ✅ genre: Hip Hop/Rap
2026-01-15 10:13:26,230 - INFO - ✅ Данные релиза #228 успешно извлечены
2026-01-15 10:13:26,230 - INFO - 
🔍 Парсинг релиза #229 (страница #12, позиция #9)...
2026-01-15 10:13:26,240 - INFO - 🔍 Извлечение данных из релиза #229...
2026-01-15 10:13:26,249 - INFO - 📝 Текст релиза: Shades of Beauty
Etxrnxtx
UPC
5063466029805
Название лейбла
ROSSEL 66
Дата создания
2024-03-28
Дата релиза
2019-10-14
Дата старта
2019-10-14
Территории
Все страны
Площадки
49
Жанр
Phonk/Fonk
Трек-лист...
2026-01-15 10:13:26,261 - INFO - ✅ title: Shades of Beauty
2026-01-15 10:13:26,263 - INFO - ✅ artist: Etxrnxtx
2026-01-15 10:13:26,268 - INFO - ✅ cover: https://media.zvonkodigital.ru/api/cover/100/26064047/
2026-01-15 10:13:26,282 - INFO - ✅ upc: 5063466029805
2026-01-15 10:13:26,288 - INFO - ✅ label: ROSSEL 66
2026-01-15 10:13:26,293 - INFO - ✅ date: 2024-03-28
2026-01-15 10:13:26,308 - INFO - ✅ territories: Все страны
2026-01-15 10:13:26,314 - INFO - ✅ platforms: 49
2026-01-15 10:13:26,319 - INFO - ✅ genre: Phonk/Fonk
2026-01-15 10:13:26,325 - INFO - ✅ Данные релиза #229 успешно извлечены
2026-01-15 10:13:26,325 - INFO - 
🔍 Парсинг релиза #230 (страница #12, позиция #10)...
2026-01-15 10:13:26,328 - INFO - 🔍 Извлечение данных из релиза #230...
2026-01-15 10:13:26,335 - INFO - 📝 Текст релиза: Down with Some Real Playas
Etxrnxtx, Dreadmane
UPC
5063466029799
Название лейбла
ROSSEL 66
Дата создания
2024-03-28
Дата релиза
2019-08-14
Дата старта
2019-08-14
Территории
Все страны
Площадки
49
Жанр...
2026-01-15 10:13:26,342 - INFO - ✅ title: Down with Some Real Playas
2026-01-15 10:13:26,345 - INFO - ✅ artist: Etxrnxtx, Dreadmane
2026-01-15 10:13:26,349 - INFO - ✅ cover: https://media.zvonkodigital.ru/api/cover/100/26064038/
2026-01-15 10:13:26,364 - INFO - ✅ upc: 5063466029799
2026-01-15 10:13:26,369 - INFO - ✅ label: ROSSEL 66
2026-01-15 10:13:26,374 - INFO - ✅ date: 2024-03-28
2026-01-15 10:13:26,390 - INFO - ✅ territories: Все страны
2026-01-15 10:13:26,395 - INFO - ✅ platforms: 49
2026-01-15 10:13:26,400 - INFO - ✅ genre: Phonk/Fonk
2026-01-15 10:13:26,405 - INFO - ✅ Данные релиза #230 успешно извлечены
2026-01-15 10:13:26,405 - INFO - 
🔍 Парсинг релиза #231 (страница #12, позиция #11)...
2026-01-15 10:13:26,408 - INFO - 🔍 Извлечение данных из релиза #231...
2026-01-15 10:13:26,414 - INFO - 📝 Текст релиза: Mystery Shit
Etxrnxtx
UPC
5063466029782
Название лейбла
ROSSEL 66
Дата создания
2024-03-28
Дата релиза
2019-07-04
Дата старта
2019-07-04
Территории
Все страны
Площадки
49
Жанр
Phonk/Fonk
Трек-лист...
2026-01-15 10:13:26,422 - INFO - ✅ title: Mystery Shit
2026-01-15 10:13:26,425 - INFO - ✅ artist: Etxrnxtx
2026-01-15 10:13:26,430 - INFO - ✅ cover: https://media.zvonkodigital.ru/api/cover/100/26064024/
2026-01-15 10:13:26,444 - INFO - ✅ upc: 5063466029782
2026-01-15 10:13:26,450 - INFO - ✅ label: ROSSEL 66
2026-01-15 10:13:26,455 - INFO - ✅ date: 2024-03-28
2026-01-15 10:13:26,472 - INFO - ✅ territories: Все страны
2026-01-15 10:13:26,477 - INFO - ✅ platforms: 49
2026-01-15 10:13:26,482 - INFO - ✅ genre: Phonk/Fonk
2026-01-15 10:13:26,487 - INFO - ✅ Данные релиза #231 успешно извлечены
2026-01-15 10:13:26,487 - INFO - 
🔍 Парсинг релиза #232 (страница #12, позиция #12)...
2026-01-15 10:13:26,489 - INFO - 🔍 Извлечение данных из релиза #232...
2026-01-15 10:13:26,496 - INFO - 📝 Текст релиза: Sniperz
Matcukito Kioto, BXGR
UPC
5063466029676
Название лейбла
ROSSEL 66
Дата создания
2024-03-28
Дата релиза
2023-03-17
Дата старта
2023-03-17
Территории
Все страны
Площадки
49
Жанр
Phonk/Fonk
Трек-...
2026-01-15 10:13:26,504 - INFO - ✅ title: Sniperz
2026-01-15 10:13:26,507 - INFO - ✅ artist: Matcukito Kioto, BXGR
2026-01-15 10:13:26,511 - INFO - ✅ cover: https://media.zvonkodigital.ru/api/cover/100/26063629/
2026-01-15 10:13:26,525 - INFO - ✅ upc: 5063466029676
2026-01-15 10:13:26,530 - INFO - ✅ label: ROSSEL 66
2026-01-15 10:13:26,536 - INFO - ✅ date: 2024-03-28
2026-01-15 10:13:26,562 - INFO - ✅ territories: Все страны
2026-01-15 10:13:26,568 - INFO - ✅ platforms: 49
2026-01-15 10:13:26,574 - INFO - ✅ genre: Phonk/Fonk
2026-01-15 10:13:26,580 - INFO - ✅ Данные релиза #232 успешно извлечены
2026-01-15 10:13:26,580 - INFO - 
🔍 Парсинг релиза #233 (страница #12, позиция #13)...
2026-01-15 10:13:26,583 - INFO - 🔍 Извлечение данных из релиза #233...
2026-01-15 10:13:26,590 - INFO - 📝 Текст релиза: GENOCIDE
Matcukito Kioto, Gedomazo
UPC
5057272894290
Название лейбла
ROSSEL 66
Дата создания
2024-03-28
Дата релиза
2022-06-10
Дата старта
2022-06-10
Территории
Все страны
Площадки
49
Жанр
Phonk/Fonk
...
2026-01-15 10:13:26,598 - INFO - ✅ title: GENOCIDE
2026-01-15 10:13:26,601 - INFO - ✅ artist: Matcukito Kioto, Gedomazo
2026-01-15 10:13:26,606 - INFO - ✅ cover: https://media.zvonkodigital.ru/api/cover/100/26063621/
2026-01-15 10:13:26,619 - INFO - ✅ upc: 5057272894290
2026-01-15 10:13:26,624 - INFO - ✅ label: ROSSEL 66
2026-01-15 10:13:26,630 - INFO - ✅ date: 2024-03-28
2026-01-15 10:13:26,646 - INFO - ✅ territories: Все страны
2026-01-15 10:13:26,652 - INFO - ✅ platforms: 49
2026-01-15 10:13:26,657 - INFO - ✅ genre: Phonk/Fonk
2026-01-15 10:13:26,662 - INFO - ✅ Данные релиза #233 успешно извлечены
2026-01-15 10:13:26,662 - INFO - 
🔍 Парсинг релиза #234 (страница #12, позиция #14)...
2026-01-15 10:13:26,665 - INFO - 🔍 Извлечение данных из релиза #234...
2026-01-15 10:13:26,671 - INFO - 📝 Текст релиза: Lxst in Myself
Etxrnxtx
UPC
5063466027931
Название лейбла
ROSSEL 66
Дата создания
2024-03-28
Дата релиза
2019-09-09
Дата старта
2019-09-09
Территории
Все страны
Площадки
48
Жанр
Phonk/Fonk
Трек-лист...
2026-01-15 10:13:26,679 - INFO - ✅ title: Lxst in Myself
2026-01-15 10:13:26,682 - INFO - ✅ artist: Etxrnxtx
2026-01-15 10:13:26,687 - INFO - ✅ cover: https://media.zvonkodigital.ru/api/cover/100/26055161/
2026-01-15 10:13:26,700 - INFO - ✅ upc: 5063466027931
2026-01-15 10:13:26,706 - INFO - ✅ label: ROSSEL 66
2026-01-15 10:13:26,712 - INFO - ✅ date: 2024-03-28
2026-01-15 10:13:26,729 - INFO - ✅ territories: Все страны
2026-01-15 10:13:26,736 - INFO - ✅ platforms: 48
2026-01-15 10:13:26,742 - INFO - ✅ genre: Phonk/Fonk
2026-01-15 10:13:26,748 - INFO - ✅ Данные релиза #234 успешно извлечены
2026-01-15 10:13:26,748 - INFO - 
🔍 Парсинг релиза #235 (страница #12, позиция #15)...
2026-01-15 10:13:26,750 - INFO - 🔍 Извлечение данных из релиза #235...
2026-01-15 10:13:26,757 - INFO - 📝 Текст релиза: Stfu
Etxrnxtx
UPC
194616166974
Название лейбла
ROSSEL 66
Дата создания
2024-03-28
Дата релиза
2019-10-05
Дата старта
2019-10-05
Территории
Все страны
Площадки
46
Жанр
Phonk/Fonk
Трек-лист...
2026-01-15 10:13:26,764 - INFO - ✅ title: Stfu
2026-01-15 10:13:26,767 - INFO - ✅ artist: Etxrnxtx
2026-01-15 10:13:26,771 - INFO - ✅ cover: https://media.zvonkodigital.ru/api/cover/100/26055153/
2026-01-15 10:13:26,785 - INFO - ✅ upc: 194616166974
2026-01-15 10:13:26,790 - INFO - ✅ label: ROSSEL 66
2026-01-15 10:13:26,796 - INFO - ✅ date: 2024-03-28
2026-01-15 10:13:26,812 - INFO - ✅ territories: Все страны
2026-01-15 10:13:26,817 - INFO - ✅ platforms: 46
2026-01-15 10:13:26,823 - INFO - ✅ genre: Phonk/Fonk
2026-01-15 10:13:26,829 - INFO - ✅ Данные релиза #235 успешно извлечены
2026-01-15 10:13:26,829 - INFO - 
🔍 Парсинг релиза #236 (страница #12, позиция #16)...
2026-01-15 10:13:26,831 - INFO - 🔍 Извлечение данных из релиза #236...
2026-01-15 10:13:26,838 - INFO - 📝 Текст релиза: Trippin Around
Etxrnxtx
UPC
5063466011701
Название лейбла
ROSSEL 66
Дата создания
2024-03-22
Дата релиза
2019-07-04
Дата старта
2019-07-04
Территории
Все страны
Площадки
49
Жанр
Phonk/Fonk
Трек-лист...
2026-01-15 10:13:26,847 - INFO - ✅ title: Trippin Around
2026-01-15 10:13:26,849 - INFO - ✅ artist: Etxrnxtx
2026-01-15 10:13:26,854 - INFO - ✅ cover: https://media.zvonkodigital.ru/api/cover/100/26009083/
2026-01-15 10:13:26,868 - INFO - ✅ upc: 5063466011701
2026-01-15 10:13:26,874 - INFO - ✅ label: ROSSEL 66
2026-01-15 10:13:26,879 - INFO - ✅ date: 2024-03-22
2026-01-15 10:13:26,895 - INFO - ✅ territories: Все страны
2026-01-15 10:13:26,901 - INFO - ✅ platforms: 49
2026-01-15 10:13:26,906 - INFO - ✅ genre: Phonk/Fonk
2026-01-15 10:13:26,911 - INFO - ✅ Данные релиза #236 успешно извлечены
2026-01-15 10:13:26,911 - INFO - 
🔍 Парсинг релиза #237 (страница #12, позиция #17)...
2026-01-15 10:13:26,914 - INFO - 🔍 Извлечение данных из релиза #237...
2026-01-15 10:13:26,921 - INFO - 📝 Текст релиза: DXRKNXSS SLXYXRS
Matcukito Kioto, SXCKLXVE
UPC
4680961201591
Название лейбла
ROSSEL 66
Дата создания
2024-03-22
Дата релиза
2022-03-25
Дата старта
2024-03-11
Территории
Все страны
Площадки
49
Жанр
Pho...
2026-01-15 10:13:26,929 - INFO - ✅ title: DXRKNXSS SLXYXRS
2026-01-15 10:13:26,931 - INFO - ✅ artist: Matcukito Kioto, SXCKLXVE
2026-01-15 10:13:26,936 - INFO - ✅ cover: https://media.zvonkodigital.ru/api/cover/100/26008876/
2026-01-15 10:13:26,950 - INFO - ✅ upc: 4680961201591
2026-01-15 10:13:26,955 - INFO - ✅ label: ROSSEL 66
2026-01-15 10:13:26,961 - INFO - ✅ date: 2024-03-22
2026-01-15 10:13:26,976 - INFO - ✅ territories: Все страны
2026-01-15 10:13:26,981 - INFO - ✅ platforms: 49
2026-01-15 10:13:26,987 - INFO - ✅ genre: Phonk/Fonk
2026-01-15 10:13:26,993 - INFO - ✅ Данные релиза #237 успешно извлечены
2026-01-15 10:13:26,993 - INFO - 
🔍 Парсинг релиза #238 (страница #12, позиция #18)...
2026-01-15 10:13:26,996 - INFO - 🔍 Извлечение данных из релиза #238...
2026-01-15 10:13:27,002 - INFO - 📝 Текст релиза: Im Rolling wit That Nigga Wrek
Etxrnxtx, betterthanlynn
UPC
5063466011213
Название лейбла
ROSSEL 66
Дата создания
2024-03-22
Дата релиза
2019-04-21
Дата старта
2019-04-21
Территории
Все страны
Площадк...
2026-01-15 10:13:27,010 - INFO - ✅ title: Im Rolling wit That Nigga Wrek
2026-01-15 10:13:27,013 - INFO - ✅ artist: Etxrnxtx, betterthanlynn
2026-01-15 10:13:27,017 - INFO - ✅ cover: https://media.zvonkodigital.ru/api/cover/100/26007972/
2026-01-15 10:13:27,031 - INFO - ✅ upc: 5063466011213
2026-01-15 10:13:27,036 - INFO - ✅ label: ROSSEL 66
2026-01-15 10:13:27,042 - INFO - ✅ date: 2024-03-22
2026-01-15 10:13:27,058 - INFO - ✅ territories: Все страны
2026-01-15 10:13:27,063 - INFO - ✅ platforms: 49
2026-01-15 10:13:27,068 - INFO - ✅ genre: Phonk/Fonk
2026-01-15 10:13:27,074 - INFO - ✅ Данные релиза #238 успешно извлечены
2026-01-15 10:13:27,074 - INFO - 
🔍 Парсинг релиза #239 (страница #12, позиция #19)...
2026-01-15 10:13:27,076 - INFO - 🔍 Извлечение данных из релиза #239...
2026-01-15 10:13:27,083 - INFO - 📝 Текст релиза: STREET DRUMS
Matcukito Kioto, TTR1PI
UPC
5063466011114
Название лейбла
ROSSEL 66
Дата создания
2024-03-22
Дата релиза
2022-05-31
Дата старта
2022-05-31
Территории
Все страны
Площадки
49
Жанр
Phonk/Fon...
2026-01-15 10:13:27,090 - INFO - ✅ title: STREET DRUMS
2026-01-15 10:13:27,093 - INFO - ✅ artist: Matcukito Kioto, TTR1PI
2026-01-15 10:13:27,097 - INFO - ✅ cover: https://media.zvonkodigital.ru/api/cover/100/26007640/
2026-01-15 10:13:27,111 - INFO - ✅ upc: 5063466011114
2026-01-15 10:13:27,117 - INFO - ✅ label: ROSSEL 66
2026-01-15 10:13:27,122 - INFO - ✅ date: 2024-03-22
2026-01-15 10:13:27,139 - INFO - ✅ territories: Все страны
2026-01-15 10:13:27,144 - INFO - ✅ platforms: 49
2026-01-15 10:13:27,150 - INFO - ✅ genre: Phonk/Fonk
2026-01-15 10:13:27,155 - INFO - ✅ Данные релиза #239 успешно извлечены
2026-01-15 10:13:27,155 - INFO - 
🔍 Парсинг релиза #240 (страница #12, позиция #20)...
2026-01-15 10:13:27,158 - INFO - 🔍 Извлечение данных из релиза #240...
2026-01-15 10:13:27,164 - INFO - 📝 Текст релиза: DEAD SPACE
MENDXZA
UPC
4680961247544
Название лейбла
ROSSEL 66
Дата создания
2024-03-22
Дата релиза
2022-05-29
Дата старта
2022-05-29
Территории
Все страны
Площадки
49
Жанр
Phonk/Fonk
Трек-лист...
2026-01-15 10:13:27,173 - INFO - ✅ title: DEAD SPACE
2026-01-15 10:13:27,176 - INFO - ✅ artist: MENDXZA
2026-01-15 10:13:27,181 - INFO - ✅ cover: https://media.zvonkodigital.ru/api/cover/100/26007576/
2026-01-15 10:13:27,195 - INFO - ✅ upc: 4680961247544
2026-01-15 10:13:27,200 - INFO - ✅ label: ROSSEL 66
2026-01-15 10:13:27,205 - INFO - ✅ date: 2024-03-22
2026-01-15 10:13:27,220 - INFO - ✅ territories: Все страны
2026-01-15 10:13:27,225 - INFO - ✅ platforms: 49
2026-01-15 10:13:27,230 - INFO - ✅ genre: Phonk/Fonk
2026-01-15 10:13:27,236 - INFO - ✅ Данные релиза #240 успешно извлечены
2026-01-15 10:13:27,236 - INFO - ✅ Страница #12 завершена! Обработано 20 релизов
2026-01-15 10:13:27,240 - INFO - 🖱️ Переход к предыдущей странице...
2026-01-15 10:13:30,271 - INFO - 
📄 Обработка страницы #13...
2026-01-15 10:13:30,272 - INFO - 🔍 Парсинг страницы #13...
2026-01-15 10:13:37,312 - INFO - 📊 На странице #13 найдено 20 релизов по селектору: div.css-1xgpa60
2026-01-15 10:13:37,312 - INFO - 
🔍 Парсинг релиза #241 (страница #13, позиция #1)...
2026-01-15 10:13:37,317 - INFO - 🔍 Извлечение данных из релиза #241...
2026-01-15 10:13:37,330 - INFO - 📝 Текст релиза: DISXRDER
Matcukito Kioto, everett shinn
UPC
5057272797980
Название лейбла
ROSSEL 66
Дата создания
2024-03-22
Дата релиза
2022-03-11
Дата старта
2022-03-11
Территории
Все страны
Площадки
49
Жанр
Phonk/...
2026-01-15 10:13:37,340 - INFO - ✅ title: DISXRDER
2026-01-15 10:13:37,344 - INFO - ✅ artist: Matcukito Kioto, everett shinn
2026-01-15 10:13:37,350 - INFO - ✅ cover: https://media.zvonkodigital.ru/api/cover/100/26007414/
2026-01-15 10:13:37,365 - INFO - ✅ upc: 5057272797980
2026-01-15 10:13:37,371 - INFO - ✅ label: ROSSEL 66
2026-01-15 10:13:37,376 - INFO - ✅ date: 2024-03-22
2026-01-15 10:13:37,393 - INFO - ✅ territories: Все страны
2026-01-15 10:13:37,398 - INFO - ✅ platforms: 49
2026-01-15 10:13:37,403 - INFO - ✅ genre: Phonk/Fonk
2026-01-15 10:13:37,408 - INFO - ✅ Данные релиза #241 успешно извлечены
2026-01-15 10:13:37,408 - INFO - 
🔍 Парсинг релиза #242 (страница #13, позиция #2)...
2026-01-15 10:13:37,411 - INFO - 🔍 Извлечение данных из релиза #242...
2026-01-15 10:13:37,418 - INFO - 📝 Текст релиза: DEMOLITION
Matcukito Kioto, GLXZGXD
UPC
4680961220240
Название лейбла
ROSSEL 66
Дата создания
2024-03-22
Дата релиза
2022-04-15
Дата старта
2022-04-15
Территории
Все страны
Площадки
49
Жанр
Phonk/Fonk...
2026-01-15 10:13:37,426 - INFO - ✅ title: DEMOLITION
2026-01-15 10:13:37,429 - INFO - ✅ artist: Matcukito Kioto, GLXZGXD
2026-01-15 10:13:37,434 - INFO - ✅ cover: https://media.zvonkodigital.ru/api/cover/100/26007334/
2026-01-15 10:13:37,448 - INFO - ✅ upc: 4680961220240
2026-01-15 10:13:37,454 - INFO - ✅ label: ROSSEL 66
2026-01-15 10:13:37,459 - INFO - ✅ date: 2024-03-22
2026-01-15 10:13:37,475 - INFO - ✅ territories: Все страны
2026-01-15 10:13:37,480 - INFO - ✅ platforms: 49
2026-01-15 10:13:37,485 - INFO - ✅ genre: Phonk/Fonk
2026-01-15 10:13:37,490 - INFO - ✅ Данные релиза #242 успешно извлечены
2026-01-15 10:13:37,490 - INFO - 
🔍 Парсинг релиза #243 (страница #13, позиция #3)...
2026-01-15 10:13:37,493 - INFO - 🔍 Извлечение данных из релиза #243...
2026-01-15 10:13:37,500 - INFO - 📝 Текст релиза: SECTOR
Matcukito Kioto, JVICEMXNE
UPC
5063466010988
Название лейбла
ROSSEL 66
Дата создания
2024-03-22
Дата релиза
2023-01-27
Дата старта
2023-01-27
Территории
Все страны
Площадки
49
Жанр
Phonk/Fonk
Т...
2026-01-15 10:13:37,508 - INFO - ✅ title: SECTOR
2026-01-15 10:13:37,511 - INFO - ✅ artist: Matcukito Kioto, JVICEMXNE
2026-01-15 10:13:37,516 - INFO - ✅ cover: https://media.zvonkodigital.ru/api/cover/100/26007171/
2026-01-15 10:13:37,537 - INFO - ✅ upc: 5063466010988
2026-01-15 10:13:37,543 - INFO - ✅ label: ROSSEL 66
2026-01-15 10:13:37,549 - INFO - ✅ date: 2024-03-22
2026-01-15 10:13:37,566 - INFO - ✅ territories: Все страны
2026-01-15 10:13:37,571 - INFO - ✅ platforms: 49
2026-01-15 10:13:37,576 - INFO - ✅ genre: Phonk/Fonk
2026-01-15 10:13:37,582 - INFO - ✅ Данные релиза #243 успешно извлечены
2026-01-15 10:13:37,582 - INFO - 
🔍 Парсинг релиза #244 (страница #13, позиция #4)...
2026-01-15 10:13:37,584 - INFO - 🔍 Извлечение данных из релиза #244...
2026-01-15 10:13:37,591 - INFO - 📝 Текст релиза: Rare Series
Etxrnxtx, dudchap
UPC
5063466010537
Название лейбла
ROSSEL 66
Дата создания
2024-03-22
Дата релиза
2019-06-16
Дата старта
2019-06-16
Территории
Все страны
Площадки
49
Жанр
Phonk/Fonk
Трек-...
2026-01-15 10:13:37,598 - INFO - ✅ title: Rare Series
2026-01-15 10:13:37,601 - INFO - ✅ artist: Etxrnxtx, dudchap
2026-01-15 10:13:37,606 - INFO - ✅ cover: https://media.zvonkodigital.ru/api/cover/100/26005843/
2026-01-15 10:13:37,620 - INFO - ✅ upc: 5063466010537
2026-01-15 10:13:37,625 - INFO - ✅ label: ROSSEL 66
2026-01-15 10:13:37,631 - INFO - ✅ date: 2024-03-22
2026-01-15 10:13:37,647 - INFO - ✅ territories: Все страны
2026-01-15 10:13:37,652 - INFO - ✅ platforms: 49
2026-01-15 10:13:37,658 - INFO - ✅ genre: Phonk/Fonk
2026-01-15 10:13:37,663 - INFO - ✅ Данные релиза #244 успешно извлечены
2026-01-15 10:13:37,663 - INFO - 
🔍 Парсинг релиза #245 (страница #13, позиция #5)...
2026-01-15 10:13:37,666 - INFO - 🔍 Извлечение данных из релиза #245...
2026-01-15 10:13:37,673 - INFO - 📝 Текст релиза: Awakening
Etxrnxtx
UPC
5063466010322
Название лейбла
ROSSEL 66
Дата создания
2024-03-22
Дата релиза
2019-11-17
Дата старта
2019-11-17
Территории
Все страны
Площадки
49
Жанр
Phonk/Fonk
Трек-лист...
2026-01-15 10:13:37,680 - INFO - ✅ title: Awakening
2026-01-15 10:13:37,683 - INFO - ✅ artist: Etxrnxtx
2026-01-15 10:13:37,687 - INFO - ✅ cover: https://media.zvonkodigital.ru/api/cover/100/26003846/
2026-01-15 10:13:37,702 - INFO - ✅ upc: 5063466010322
2026-01-15 10:13:37,707 - INFO - ✅ label: ROSSEL 66
2026-01-15 10:13:37,713 - INFO - ✅ date: 2024-03-22
2026-01-15 10:13:37,729 - INFO - ✅ territories: Все страны
2026-01-15 10:13:37,734 - INFO - ✅ platforms: 49
2026-01-15 10:13:37,739 - INFO - ✅ genre: Phonk/Fonk
2026-01-15 10:13:37,745 - INFO - ✅ Данные релиза #245 успешно извлечены
2026-01-15 10:13:37,745 - INFO - 
🔍 Парсинг релиза #246 (страница #13, позиция #6)...
2026-01-15 10:13:37,747 - INFO - 🔍 Извлечение данных из релиза #246...
2026-01-15 10:13:37,754 - INFO - 📝 Текст релиза: Hopelessness
Matcukito Kioto
UPC
4680961261458
Название лейбла
ROSSEL 66
Дата создания
2024-03-22
Дата релиза
2022-07-01
Дата старта
2022-07-01
Территории
Все страны
Площадки
49
Жанр
Phonk/Fonk
Трек-л...
2026-01-15 10:13:37,762 - INFO - ✅ title: Hopelessness
2026-01-15 10:13:37,765 - INFO - ✅ artist: Matcukito Kioto
2026-01-15 10:13:37,769 - INFO - ✅ cover: https://media.zvonkodigital.ru/api/cover/100/26003469/
2026-01-15 10:13:37,783 - INFO - ✅ upc: 4680961261458
2026-01-15 10:13:37,788 - INFO - ✅ label: ROSSEL 66
2026-01-15 10:13:37,794 - INFO - ✅ date: 2024-03-22
2026-01-15 10:13:37,809 - INFO - ✅ territories: Все страны
2026-01-15 10:13:37,824 - INFO - ✅ platforms: 49
2026-01-15 10:13:37,829 - INFO - ✅ genre: Phonk/Fonk
2026-01-15 10:13:37,835 - INFO - ✅ Данные релиза #246 успешно извлечены
2026-01-15 10:13:37,835 - INFO - 
🔍 Парсинг релиза #247 (страница #13, позиция #7)...
2026-01-15 10:13:37,837 - INFO - 🔍 Извлечение данных из релиза #247...
2026-01-15 10:13:37,844 - INFO - 📝 Текст релиза: INSPIRATION
MENDXZA, rxyskiy
UPC
5063466010216
Название лейбла
ROSSEL 66
Дата создания
2024-03-22
Дата релиза
2022-03-27
Дата старта
2022-03-27
Территории
Все страны
Площадки
49
Жанр
Phonk/Fonk
Трек-л...
2026-01-15 10:13:37,852 - INFO - ✅ title: INSPIRATION
2026-01-15 10:13:37,854 - INFO - ✅ artist: MENDXZA, rxyskiy
2026-01-15 10:13:37,859 - INFO - ✅ cover: https://media.zvonkodigital.ru/api/cover/100/26002807/
2026-01-15 10:13:37,873 - INFO - ✅ upc: 5063466010216
2026-01-15 10:13:37,879 - INFO - ✅ label: ROSSEL 66
2026-01-15 10:13:37,884 - INFO - ✅ date: 2024-03-22
2026-01-15 10:13:37,900 - INFO - ✅ territories: Все страны
2026-01-15 10:13:37,905 - INFO - ✅ platforms: 49
2026-01-15 10:13:37,911 - INFO - ✅ genre: Phonk/Fonk
2026-01-15 10:13:37,922 - INFO - ✅ Данные релиза #247 успешно извлечены
2026-01-15 10:13:37,923 - INFO - 
🔍 Парсинг релиза #248 (страница #13, позиция #8)...
2026-01-15 10:13:37,927 - INFO - 🔍 Извлечение данных из релиза #248...
2026-01-15 10:13:37,937 - INFO - 📝 Текст релиза: R.I.P. to Robert Davis
Etxrnxtx
UPC
5063466009906
Название лейбла
ROSSEL 66
Дата создания
2024-03-22
Дата релиза
2019-11-02
Дата старта
2019-11-02
Территории
Все страны
Площадки
49
Жанр
Phonk/Fonk
Тре...
2026-01-15 10:13:37,954 - INFO - ✅ title: R.I.P. to Robert Davis
2026-01-15 10:13:37,961 - INFO - ✅ artist: Etxrnxtx
2026-01-15 10:13:37,968 - INFO - ✅ cover: https://media.zvonkodigital.ru/api/cover/100/26002117/
2026-01-15 10:13:37,983 - INFO - ✅ upc: 5063466009906
2026-01-15 10:13:37,988 - INFO - ✅ label: ROSSEL 66
2026-01-15 10:13:37,994 - INFO - ✅ date: 2024-03-22
2026-01-15 10:13:38,010 - INFO - ✅ territories: Все страны
2026-01-15 10:13:38,016 - INFO - ✅ platforms: 49
2026-01-15 10:13:38,021 - INFO - ✅ genre: Phonk/Fonk
2026-01-15 10:13:38,026 - INFO - ✅ Данные релиза #248 успешно извлечены
2026-01-15 10:13:38,026 - INFO - 
🔍 Парсинг релиза #249 (страница #13, позиция #9)...
2026-01-15 10:13:38,029 - INFO - 🔍 Извлечение данных из релиза #249...
2026-01-15 10:13:38,036 - INFO - 📝 Текст релиза: FANATICS
MENDXZA
UPC
4680961231000
Название лейбла
ROSSEL 66
Дата создания
2024-03-22
Дата релиза
2022-04-30
Дата старта
2022-04-30
Территории
Все страны
Площадки
49
Жанр
Phonk/Fonk
Трек-лист...
2026-01-15 10:13:38,043 - INFO - ✅ title: FANATICS
2026-01-15 10:13:38,046 - INFO - ✅ artist: MENDXZA
2026-01-15 10:13:38,051 - INFO - ✅ cover: https://media.zvonkodigital.ru/api/cover/100/26002071/
2026-01-15 10:13:38,066 - INFO - ✅ upc: 4680961231000
2026-01-15 10:13:38,071 - INFO - ✅ label: ROSSEL 66
2026-01-15 10:13:38,077 - INFO - ✅ date: 2024-03-22
2026-01-15 10:13:38,093 - INFO - ✅ territories: Все страны
2026-01-15 10:13:38,099 - INFO - ✅ platforms: 49
2026-01-15 10:13:38,104 - INFO - ✅ genre: Phonk/Fonk
2026-01-15 10:13:38,110 - INFO - ✅ Данные релиза #249 успешно извлечены
2026-01-15 10:13:38,110 - INFO - 
🔍 Парсинг релиза #250 (страница #13, позиция #10)...
2026-01-15 10:13:38,112 - INFO - 🔍 Извлечение данных из релиза #250...
2026-01-15 10:13:38,119 - INFO - 📝 Текст релиза: UPSCALED
MENDXZA, Destroyed
UPC
5063466009869
Название лейбла
ROSSEL 66
Дата создания
2024-03-22
Дата релиза
2023-06-30
Дата старта
2023-06-30
Территории
Все страны
Площадки
49
Жанр
Phonk/Fonk
Трек-ли...
2026-01-15 10:13:38,127 - INFO - ✅ title: UPSCALED
2026-01-15 10:13:38,130 - INFO - ✅ artist: MENDXZA, Destroyed
2026-01-15 10:13:38,135 - INFO - ✅ cover: https://media.zvonkodigital.ru/api/cover/100/26002063/
2026-01-15 10:13:38,149 - INFO - ✅ upc: 5063466009869
2026-01-15 10:13:38,154 - INFO - ✅ label: ROSSEL 66
2026-01-15 10:13:38,159 - INFO - ✅ date: 2024-03-22
2026-01-15 10:13:38,176 - INFO - ✅ territories: Все страны
2026-01-15 10:13:38,181 - INFO - ✅ platforms: 49
2026-01-15 10:13:38,187 - INFO - ✅ genre: Phonk/Fonk
2026-01-15 10:13:38,192 - INFO - ✅ Данные релиза #250 успешно извлечены
2026-01-15 10:13:38,192 - INFO - 
🔍 Парсинг релиза #251 (страница #13, позиция #11)...
2026-01-15 10:13:38,194 - INFO - 🔍 Извлечение данных из релиза #251...
2026-01-15 10:13:38,201 - INFO - 📝 Текст релиза: Mole
MENDXZA
UPC
5063015175267
Название лейбла
ROSSEL 66
Дата создания
2024-03-22
Дата релиза
2022-03-12
Дата старта
2022-03-12
Территории
Все страны
Площадки
46
Жанр
Phonk/Fonk
Трек-лист...
2026-01-15 10:13:38,209 - INFO - ✅ title: Mole
2026-01-15 10:13:38,212 - INFO - ✅ artist: MENDXZA
2026-01-15 10:13:38,216 - INFO - ✅ cover: https://media.zvonkodigital.ru/api/cover/100/26001828/
2026-01-15 10:13:38,230 - INFO - ✅ upc: 5063015175267
2026-01-15 10:13:38,236 - INFO - ✅ label: ROSSEL 66
2026-01-15 10:13:38,241 - INFO - ✅ date: 2024-03-22
2026-01-15 10:13:38,257 - INFO - ✅ territories: Все страны
2026-01-15 10:13:38,262 - INFO - ✅ platforms: 46
2026-01-15 10:13:38,268 - INFO - ✅ genre: Phonk/Fonk
2026-01-15 10:13:38,273 - INFO - ✅ Данные релиза #251 успешно извлечены
2026-01-15 10:13:38,273 - INFO - 
🔍 Парсинг релиза #252 (страница #13, позиция #12)...
2026-01-15 10:13:38,275 - INFO - 🔍 Извлечение данных из релиза #252...
2026-01-15 10:13:38,282 - INFO - 📝 Текст релиза: Osenseva
Matcukito Kioto
UPC
4680961228024
Название лейбла
ROSSEL 66
Дата создания
2024-03-22
Дата релиза
2022-04-27
Дата старта
2024-03-11
Территории
Все страны
Площадки
49
Жанр
Phonk/Fonk
Трек-лист...
2026-01-15 10:13:38,290 - INFO - ✅ title: Osenseva
2026-01-15 10:13:38,293 - INFO - ✅ artist: Matcukito Kioto
2026-01-15 10:13:38,297 - INFO - ✅ cover: https://media.zvonkodigital.ru/api/cover/100/25998079/
2026-01-15 10:13:38,312 - INFO - ✅ upc: 4680961228024
2026-01-15 10:13:38,317 - INFO - ✅ label: ROSSEL 66
2026-01-15 10:13:38,323 - INFO - ✅ date: 2024-03-22
2026-01-15 10:13:38,341 - INFO - ✅ territories: Все страны
2026-01-15 10:13:38,347 - INFO - ✅ platforms: 49
2026-01-15 10:13:38,353 - INFO - ✅ genre: Phonk/Fonk
2026-01-15 10:13:38,358 - INFO - ✅ Данные релиза #252 успешно извлечены
2026-01-15 10:13:38,358 - INFO - 
🔍 Парсинг релиза #253 (страница #13, позиция #13)...
2026-01-15 10:13:38,361 - INFO - 🔍 Извлечение данных из релиза #253...
2026-01-15 10:13:38,370 - INFO - 📝 Текст релиза: Witches Sins
MENDXZA
UPC
5063015136770
Название лейбла
ROSSEL 66
Дата создания
2024-03-21
Дата релиза
2022-03-04
Дата старта
2022-03-04
Территории
Все страны
Площадки
49
Жанр
Electronica
Трек-лист...
2026-01-15 10:13:38,385 - INFO - ✅ title: Witches Sins
2026-01-15 10:13:38,388 - INFO - ✅ artist: MENDXZA
2026-01-15 10:13:38,393 - INFO - ✅ cover: https://media.zvonkodigital.ru/api/cover/100/25997062/
2026-01-15 10:13:38,406 - INFO - ✅ upc: 5063015136770
2026-01-15 10:13:38,412 - INFO - ✅ label: ROSSEL 66
2026-01-15 10:13:38,417 - INFO - ✅ date: 2024-03-21
2026-01-15 10:13:38,433 - INFO - ✅ territories: Все страны
2026-01-15 10:13:38,439 - INFO - ✅ platforms: 49
2026-01-15 10:13:38,450 - INFO - ✅ Данные релиза #253 успешно извлечены
2026-01-15 10:13:38,450 - INFO - 
🔍 Парсинг релиза #254 (страница #13, позиция #14)...
2026-01-15 10:13:38,452 - INFO - 🔍 Извлечение данных из релиза #254...
2026-01-15 10:13:38,459 - INFO - 📝 Текст релиза: Woodcutter
MENDXZA
UPC
5063015200778
Название лейбла
ROSSEL 66
Дата создания
2024-03-21
Дата релиза
2022-03-19
Дата старта
2024-03-11
Территории
Все страны
Площадки
49
Жанр
Phonk/Fonk
Трек-лист...
2026-01-15 10:13:38,466 - INFO - ✅ title: Woodcutter
2026-01-15 10:13:38,469 - INFO - ✅ artist: MENDXZA
2026-01-15 10:13:38,473 - INFO - ✅ cover: https://media.zvonkodigital.ru/api/cover/100/25996520/
2026-01-15 10:13:38,488 - INFO - ✅ upc: 5063015200778
2026-01-15 10:13:38,494 - INFO - ✅ label: ROSSEL 66
2026-01-15 10:13:38,500 - INFO - ✅ date: 2024-03-21
2026-01-15 10:13:38,516 - INFO - ✅ territories: Все страны
2026-01-15 10:13:38,522 - INFO - ✅ platforms: 49
2026-01-15 10:13:38,527 - INFO - ✅ genre: Phonk/Fonk
2026-01-15 10:13:38,533 - INFO - ✅ Данные релиза #254 успешно извлечены
2026-01-15 10:13:38,533 - INFO - 
🔍 Парсинг релиза #255 (страница #13, позиция #15)...
2026-01-15 10:13:38,535 - INFO - 🔍 Извлечение данных из релиза #255...
2026-01-15 10:13:38,542 - INFO - 📝 Текст релиза: последняя лилия
LINBY
UPC
5063466001290
Название лейбла
ROSSEL 66
Дата создания
2024-03-20
Дата релиза
2024-03-22
Дата старта
2024-03-22
Территории
Все страны
Площадки
46
Жанр
Indie Rock
Трек-лист...
2026-01-15 10:13:38,550 - INFO - ✅ title: последняя лилия
2026-01-15 10:13:38,553 - INFO - ✅ artist: LINBY
2026-01-15 10:13:38,558 - INFO - ✅ cover: https://media.zvonkodigital.ru/api/cover/100/25981321/
2026-01-15 10:13:38,571 - INFO - ✅ upc: 5063466001290
2026-01-15 10:13:38,577 - INFO - ✅ label: ROSSEL 66
2026-01-15 10:13:38,582 - INFO - ✅ date: 2024-03-20
2026-01-15 10:13:38,598 - INFO - ✅ territories: Все страны
2026-01-15 10:13:38,603 - INFO - ✅ platforms: 46
2026-01-15 10:13:38,614 - INFO - ✅ Данные релиза #255 успешно извлечены
2026-01-15 10:13:38,614 - INFO - 
🔍 Парсинг релиза #256 (страница #13, позиция #16)...
2026-01-15 10:13:38,616 - INFO - 🔍 Извлечение данных из релиза #256...
2026-01-15 10:13:38,623 - INFO - 📝 Текст релиза: SHADOW
MENDXZA
UPC
4680961262486
Название лейбла
ROSSEL 66
Дата создания
2024-03-20
Дата релиза
2022-06-17
Дата старта
2022-06-17
Территории
Все страны
Площадки
50
Жанр
Phonk/Fonk
Трек-лист...
2026-01-15 10:13:38,632 - INFO - ✅ title: SHADOW
2026-01-15 10:13:38,634 - INFO - ✅ artist: MENDXZA
2026-01-15 10:13:38,639 - INFO - ✅ cover: https://media.zvonkodigital.ru/api/cover/100/25980585/
2026-01-15 10:13:38,652 - INFO - ✅ upc: 4680961262486
2026-01-15 10:13:38,657 - INFO - ✅ label: ROSSEL 66
2026-01-15 10:13:38,663 - INFO - ✅ date: 2024-03-20
2026-01-15 10:13:38,678 - INFO - ✅ territories: Все страны
2026-01-15 10:13:38,683 - INFO - ✅ platforms: 50
2026-01-15 10:13:38,688 - INFO - ✅ genre: Phonk/Fonk
2026-01-15 10:13:38,694 - INFO - ✅ Данные релиза #256 успешно извлечены
2026-01-15 10:13:38,694 - INFO - 
🔍 Парсинг релиза #257 (страница #13, позиция #17)...
2026-01-15 10:13:38,696 - INFO - 🔍 Извлечение данных из релиза #257...
2026-01-15 10:13:38,703 - INFO - 📝 Текст релиза: Spring Fever
Etxrnxtx
UPC
5063316996349
Название лейбла
ROSSEL 66
Дата создания
2024-03-19
Дата релиза
2019-04-08
Дата старта
2019-04-08
Территории
Все страны
Площадки
49
Жанр
Phonk/Fonk
Трек-лист...
2026-01-15 10:13:38,711 - INFO - ✅ title: Spring Fever
2026-01-15 10:13:38,713 - INFO - ✅ artist: Etxrnxtx
2026-01-15 10:13:38,718 - INFO - ✅ cover: https://media.zvonkodigital.ru/api/cover/100/25965817/
2026-01-15 10:13:38,732 - INFO - ✅ upc: 5063316996349
2026-01-15 10:13:38,737 - INFO - ✅ label: ROSSEL 66
2026-01-15 10:13:38,742 - INFO - ✅ date: 2024-03-19
2026-01-15 10:13:38,758 - INFO - ✅ territories: Все страны
2026-01-15 10:13:38,764 - INFO - ✅ platforms: 49
2026-01-15 10:13:38,769 - INFO - ✅ genre: Phonk/Fonk
2026-01-15 10:13:38,775 - INFO - ✅ Данные релиза #257 успешно извлечены
2026-01-15 10:13:38,775 - INFO - 
🔍 Парсинг релиза #258 (страница #13, позиция #18)...
2026-01-15 10:13:38,778 - INFO - 🔍 Извлечение данных из релиза #258...
2026-01-15 10:13:38,784 - INFO - 📝 Текст релиза: Blast U
Etxrnxtx
UPC
5063316996332
Название лейбла
ROSSEL 66
Дата создания
2024-03-19
Дата релиза
2021-01-03
Дата старта
2021-01-03
Территории
Все страны
Площадки
49
Жанр
Phonk/Fonk
Трек-лист...
2026-01-15 10:13:38,793 - INFO - ✅ title: Blast U
2026-01-15 10:13:38,795 - INFO - ✅ artist: Etxrnxtx
2026-01-15 10:13:38,800 - INFO - ✅ cover: https://media.zvonkodigital.ru/api/cover/100/25965809/
2026-01-15 10:13:38,814 - INFO - ✅ upc: 5063316996332
2026-01-15 10:13:38,820 - INFO - ✅ label: ROSSEL 66
2026-01-15 10:13:38,826 - INFO - ✅ date: 2024-03-19
2026-01-15 10:13:38,842 - INFO - ✅ territories: Все страны
2026-01-15 10:13:38,848 - INFO - ✅ platforms: 49
2026-01-15 10:13:38,853 - INFO - ✅ genre: Phonk/Fonk
2026-01-15 10:13:38,858 - INFO - ✅ Данные релиза #258 успешно извлечены
2026-01-15 10:13:38,858 - INFO - 
🔍 Парсинг релиза #259 (страница #13, позиция #19)...
2026-01-15 10:13:38,861 - INFO - 🔍 Извлечение данных из релиза #259...
2026-01-15 10:13:38,868 - INFO - 📝 Текст релиза: Beyond belive
Etxrnxtx
UPC
5063316996318
Название лейбла
ROSSEL 66
Дата создания
2024-03-19
Дата релиза
2021-01-10
Дата старта
2021-01-10
Территории
Все страны
Площадки
46
Жанр
Phonk/Fonk
Трек-лист...
2026-01-15 10:13:38,876 - INFO - ✅ title: Beyond belive
2026-01-15 10:13:38,879 - INFO - ✅ artist: Etxrnxtx
2026-01-15 10:13:38,883 - INFO - ✅ cover: https://media.zvonkodigital.ru/api/cover/100/25965772/
2026-01-15 10:13:38,897 - INFO - ✅ upc: 5063316996318
2026-01-15 10:13:38,903 - INFO - ✅ label: ROSSEL 66
2026-01-15 10:13:38,908 - INFO - ✅ date: 2024-03-19
2026-01-15 10:13:38,924 - INFO - ✅ territories: Все страны
2026-01-15 10:13:38,929 - INFO - ✅ platforms: 46
2026-01-15 10:13:38,934 - INFO - ✅ genre: Phonk/Fonk
2026-01-15 10:13:38,939 - INFO - ✅ Данные релиза #259 успешно извлечены
2026-01-15 10:13:38,939 - INFO - 
🔍 Парсинг релиза #260 (страница #13, позиция #20)...
2026-01-15 10:13:38,942 - INFO - 🔍 Извлечение данных из релиза #260...
2026-01-15 10:13:38,948 - INFO - 📝 Текст релиза: Fairy
MENDXZA
UPC
4680961226440
Название лейбла
ROSSEL 66
Дата создания
2024-03-19
Дата релиза
2022-04-24
Дата старта
2022-04-24
Территории
Все страны
Площадки
49
Жанр
Electronica
Трек-лист...
2026-01-15 10:13:38,956 - INFO - ✅ title: Fairy
2026-01-15 10:13:38,959 - INFO - ✅ artist: MENDXZA
2026-01-15 10:13:38,964 - INFO - ✅ cover: https://media.zvonkodigital.ru/api/cover/100/25965743/
2026-01-15 10:13:38,978 - INFO - ✅ upc: 4680961226440
2026-01-15 10:13:38,983 - INFO - ✅ label: ROSSEL 66
2026-01-15 10:13:38,988 - INFO - ✅ date: 2024-03-19
2026-01-15 10:13:39,004 - INFO - ✅ territories: Все страны
2026-01-15 10:13:39,010 - INFO - ✅ platforms: 49
2026-01-15 10:13:39,032 - INFO - ✅ Данные релиза #260 успешно извлечены
2026-01-15 10:13:39,032 - INFO - ✅ Страница #13 завершена! Обработано 20 релизов
2026-01-15 10:13:39,039 - INFO - 🖱️ Переход к предыдущей странице...
2026-01-15 10:13:42,071 - INFO - 
📄 Обработка страницы #14...
2026-01-15 10:13:42,072 - INFO - 🔍 Парсинг страницы #14...
2026-01-15 10:13:49,112 - INFO - 📊 На странице #14 найдено 20 релизов по селектору: div.css-1xgpa60
2026-01-15 10:13:49,112 - INFO - 
🔍 Парсинг релиза #261 (страница #14, позиция #1)...
2026-01-15 10:13:49,118 - INFO - 🔍 Извлечение данных из релиза #261...
2026-01-15 10:13:49,130 - INFO - 📝 Текст релиза: Shades Of Beauty 2
Etxrnxtx
UPC
5063316996271
Название лейбла
ROSSEL 66
Дата создания
2024-03-19
Дата релиза
2021-06-07
Дата старта
2021-06-07
Территории
Все страны
Площадки
49
Жанр
Phonk/Fonk
Трек-ли...
2026-01-15 10:13:49,144 - INFO - ✅ title: Shades Of Beauty 2
2026-01-15 10:13:49,153 - INFO - ✅ artist: Etxrnxtx
2026-01-15 10:13:49,159 - INFO - ✅ cover: https://media.zvonkodigital.ru/api/cover/100/25965673/
2026-01-15 10:13:49,174 - INFO - ✅ upc: 5063316996271
2026-01-15 10:13:49,180 - INFO - ✅ label: ROSSEL 66
2026-01-15 10:13:49,186 - INFO - ✅ date: 2024-03-19
2026-01-15 10:13:49,201 - INFO - ✅ territories: Все страны
2026-01-15 10:13:49,207 - INFO - ✅ platforms: 49
2026-01-15 10:13:49,212 - INFO - ✅ genre: Phonk/Fonk
2026-01-15 10:13:49,218 - INFO - ✅ Данные релиза #261 успешно извлечены
2026-01-15 10:13:49,218 - INFO - 
🔍 Парсинг релиза #262 (страница #14, позиция #2)...
2026-01-15 10:13:49,220 - INFO - 🔍 Извлечение данных из релиза #262...
2026-01-15 10:13:49,227 - INFO - 📝 Текст релиза: Judgement day
Etxrnxtx
UPC
5063316996264
Название лейбла
ROSSEL 66
Дата создания
2024-03-19
Дата релиза
2021-03-25
Дата старта
2021-03-25
Территории
Все страны
Площадки
46
Жанр
Phonk/Fonk
Трек-лист...
2026-01-15 10:13:49,235 - INFO - ✅ title: Judgement day
2026-01-15 10:13:49,238 - INFO - ✅ artist: Etxrnxtx
2026-01-15 10:13:49,242 - INFO - ✅ cover: https://media.zvonkodigital.ru/api/cover/100/25965648/
2026-01-15 10:13:49,256 - INFO - ✅ upc: 5063316996264
2026-01-15 10:13:49,262 - INFO - ✅ label: ROSSEL 66
2026-01-15 10:13:49,267 - INFO - ✅ date: 2024-03-19
2026-01-15 10:13:49,283 - INFO - ✅ territories: Все страны
2026-01-15 10:13:49,288 - INFO - ✅ platforms: 46
2026-01-15 10:13:49,293 - INFO - ✅ genre: Phonk/Fonk
2026-01-15 10:13:49,299 - INFO - ✅ Данные релиза #262 успешно извлечены
2026-01-15 10:13:49,299 - INFO - 
🔍 Парсинг релиза #263 (страница #14, позиция #3)...
2026-01-15 10:13:49,301 - INFO - 🔍 Извлечение данных из релиза #263...
2026-01-15 10:13:49,308 - INFO - 📝 Текст релиза: NIGTMARES
Matcukito Kioto, Hatewacke
UPC
4680961277206
Название лейбла
ROSSEL 66
Дата создания
2024-03-19
Дата релиза
2022-07-06
Дата старта
2024-03-11
Территории
Все страны
Площадки
46
Жанр
Phonk/Fon...
2026-01-15 10:13:49,316 - INFO - ✅ title: NIGTMARES
2026-01-15 10:13:49,318 - INFO - ✅ artist: Matcukito Kioto, Hatewacke
2026-01-15 10:13:49,323 - INFO - ✅ cover: https://media.zvonkodigital.ru/api/cover/100/25965640/
2026-01-15 10:13:49,337 - INFO - ✅ upc: 4680961277206
2026-01-15 10:13:49,342 - INFO - ✅ label: ROSSEL 66
2026-01-15 10:13:49,348 - INFO - ✅ date: 2024-03-19
2026-01-15 10:13:49,363 - INFO - ✅ territories: Все страны
2026-01-15 10:13:49,369 - INFO - ✅ platforms: 46
2026-01-15 10:13:49,374 - INFO - ✅ genre: Phonk/Fonk
2026-01-15 10:13:49,380 - INFO - ✅ Данные релиза #263 успешно извлечены
2026-01-15 10:13:49,380 - INFO - 
🔍 Парсинг релиза #264 (страница #14, позиция #4)...
2026-01-15 10:13:49,382 - INFO - 🔍 Извлечение данных из релиза #264...
2026-01-15 10:13:49,389 - INFO - 📝 Текст релиза: Cryptic Killaz
Etxrnxtx, Buntasparks
UPC
5063316996257
Название лейбла
ROSSEL 66
Дата создания
2024-03-19
Дата релиза
2020-12-18
Дата старта
2020-12-18
Территории
Все страны
Площадки
46
Жанр
Phonk/Fon...
2026-01-15 10:13:49,397 - INFO - ✅ title: Cryptic Killaz
2026-01-15 10:13:49,400 - INFO - ✅ artist: Etxrnxtx, Buntasparks
2026-01-15 10:13:49,404 - INFO - ✅ cover: https://media.zvonkodigital.ru/api/cover/100/25965630/
2026-01-15 10:13:49,417 - INFO - ✅ upc: 5063316996257
2026-01-15 10:13:49,423 - INFO - ✅ label: ROSSEL 66
2026-01-15 10:13:49,428 - INFO - ✅ date: 2024-03-19
2026-01-15 10:13:49,444 - INFO - ✅ territories: Все страны
2026-01-15 10:13:49,449 - INFO - ✅ platforms: 46
2026-01-15 10:13:49,455 - INFO - ✅ genre: Phonk/Fonk
2026-01-15 10:13:49,460 - INFO - ✅ Данные релиза #264 успешно извлечены
2026-01-15 10:13:49,460 - INFO - 
🔍 Парсинг релиза #265 (страница #14, позиция #5)...
2026-01-15 10:13:49,463 - INFO - 🔍 Извлечение данных из релиза #265...
2026-01-15 10:13:49,469 - INFO - 📝 Текст релиза: Sunset Scalpel
Etxrnxtx
UPC
5063316996240
Название лейбла
ROSSEL 66
Дата создания
2024-03-19
Дата релиза
2021-06-25
Дата старта
2021-06-25
Территории
Все страны
Площадки
46
Жанр
Phonk/Fonk
Трек-лист...
2026-01-15 10:13:49,477 - INFO - ✅ title: Sunset Scalpel
2026-01-15 10:13:49,480 - INFO - ✅ artist: Etxrnxtx
2026-01-15 10:13:49,485 - INFO - ✅ cover: https://media.zvonkodigital.ru/api/cover/100/25965618/
2026-01-15 10:13:49,499 - INFO - ✅ upc: 5063316996240
2026-01-15 10:13:49,504 - INFO - ✅ label: ROSSEL 66
2026-01-15 10:13:49,510 - INFO - ✅ date: 2024-03-19
2026-01-15 10:13:49,526 - INFO - ✅ territories: Все страны
2026-01-15 10:13:49,531 - INFO - ✅ platforms: 46
2026-01-15 10:13:49,536 - INFO - ✅ genre: Phonk/Fonk
2026-01-15 10:13:49,542 - INFO - ✅ Данные релиза #265 успешно извлечены
2026-01-15 10:13:49,542 - INFO - 
🔍 Парсинг релиза #266 (страница #14, позиция #6)...
2026-01-15 10:13:49,544 - INFO - 🔍 Извлечение данных из релиза #266...
2026-01-15 10:13:49,551 - INFO - 📝 Текст релиза: Down in the dungeon
Etxrnxtx
UPC
5063316996233
Название лейбла
ROSSEL 66
Дата создания
2024-03-19
Дата релиза
2021-05-16
Дата старта
2021-05-16
Территории
Все страны
Площадки
46
Жанр
Phonk/Fonk
Трек-л...
2026-01-15 10:13:49,559 - INFO - ✅ title: Down in the dungeon
2026-01-15 10:13:49,562 - INFO - ✅ artist: Etxrnxtx
2026-01-15 10:13:49,567 - INFO - ✅ cover: https://media.zvonkodigital.ru/api/cover/100/25965610/
2026-01-15 10:13:49,580 - INFO - ✅ upc: 5063316996233
2026-01-15 10:13:49,586 - INFO - ✅ label: ROSSEL 66
2026-01-15 10:13:49,591 - INFO - ✅ date: 2024-03-19
2026-01-15 10:13:49,607 - INFO - ✅ territories: Все страны
2026-01-15 10:13:49,612 - INFO - ✅ platforms: 46
2026-01-15 10:13:49,618 - INFO - ✅ genre: Phonk/Fonk
2026-01-15 10:13:49,623 - INFO - ✅ Данные релиза #266 успешно извлечены
2026-01-15 10:13:49,623 - INFO - 
🔍 Парсинг релиза #267 (страница #14, позиция #7)...
2026-01-15 10:13:49,625 - INFO - 🔍 Извлечение данных из релиза #267...
2026-01-15 10:13:49,634 - INFO - 📝 Текст релиза: Phonky
Etxrnxtx
UPC
4062994625160
Название лейбла
ROSSEL 66
Дата создания
2024-03-15
Дата релиза
2021-03-29
Дата старта
2021-03-29
Территории
Все страны
Площадки
49
Жанр
Electronica
Трек-лист...
2026-01-15 10:13:49,642 - INFO - ✅ title: Phonky
2026-01-15 10:13:49,645 - INFO - ✅ artist: Etxrnxtx
2026-01-15 10:13:49,649 - INFO - ✅ cover: https://media.zvonkodigital.ru/api/cover/100/25930244/
2026-01-15 10:13:49,663 - INFO - ✅ upc: 4062994625160
2026-01-15 10:13:49,668 - INFO - ✅ label: ROSSEL 66
2026-01-15 10:13:49,673 - INFO - ✅ date: 2024-03-15
2026-01-15 10:13:49,690 - INFO - ✅ territories: Все страны
2026-01-15 10:13:49,695 - INFO - ✅ platforms: 49
2026-01-15 10:13:49,705 - INFO - ✅ Данные релиза #267 успешно извлечены
2026-01-15 10:13:49,705 - INFO - 
🔍 Парсинг релиза #268 (страница #14, позиция #8)...
2026-01-15 10:13:49,708 - INFO - 🔍 Извлечение данных из релиза #268...
2026-01-15 10:13:49,715 - INFO - 📝 Текст релиза: Kronik City
Etxrnxtx
UPC
5063181043797
Название лейбла
ROSSEL 66
Дата создания
2024-03-15
Дата релиза
2019-04-03
Дата старта
2019-04-03
Территории
Все страны
Площадки
49
Жанр
Phonk/Fonk
Трек-лист...
2026-01-15 10:13:49,728 - INFO - ✅ title: Kronik City
2026-01-15 10:13:49,736 - INFO - ✅ artist: Etxrnxtx
2026-01-15 10:13:49,746 - INFO - ✅ cover: https://media.zvonkodigital.ru/api/cover/100/25928628/
2026-01-15 10:13:49,768 - INFO - ✅ upc: 5063181043797
2026-01-15 10:13:49,775 - INFO - ✅ label: ROSSEL 66
2026-01-15 10:13:49,781 - INFO - ✅ date: 2024-03-15
2026-01-15 10:13:49,797 - INFO - ✅ territories: Все страны
2026-01-15 10:13:49,802 - INFO - ✅ platforms: 49
2026-01-15 10:13:49,806 - INFO - ✅ genre: Phonk/Fonk
2026-01-15 10:13:49,812 - INFO - ✅ Данные релиза #268 успешно извлечены
2026-01-15 10:13:49,812 - INFO - 
🔍 Парсинг релиза #269 (страница #14, позиция #9)...
2026-01-15 10:13:49,814 - INFO - 🔍 Извлечение данных из релиза #269...
2026-01-15 10:13:49,821 - INFO - 📝 Текст релиза: Say Hello to Da Devil
Etxrnxtx
UPC
4062994537210
Название лейбла
ROSSEL 66
Дата создания
2024-03-14
Дата релиза
2021-02-21
Дата старта
2021-02-21
Территории
Все страны
Площадки
46
Жанр
Electronica
Тре...
2026-01-15 10:13:49,829 - INFO - ✅ title: Say Hello to Da Devil
2026-01-15 10:13:49,832 - INFO - ✅ artist: Etxrnxtx
2026-01-15 10:13:49,836 - INFO - ✅ cover: https://media.zvonkodigital.ru/api/cover/100/25926997/
2026-01-15 10:13:49,850 - INFO - ✅ upc: 4062994537210
2026-01-15 10:13:49,856 - INFO - ✅ label: ROSSEL 66
2026-01-15 10:13:49,861 - INFO - ✅ date: 2024-03-14
2026-01-15 10:13:49,878 - INFO - ✅ territories: Все страны
2026-01-15 10:13:49,883 - INFO - ✅ platforms: 46
2026-01-15 10:13:49,894 - INFO - ✅ Данные релиза #269 успешно извлечены
2026-01-15 10:13:49,894 - INFO - 
🔍 Парсинг релиза #270 (страница #14, позиция #10)...
2026-01-15 10:13:49,896 - INFO - 🔍 Извлечение данных из релиза #270...
2026-01-15 10:13:49,903 - INFO - 📝 Текст релиза: Infernal
Etxrnxtx
UPC
5063181043803
Название лейбла
ROSSEL 66
Дата создания
2024-03-14
Дата релиза
2019-08-24
Дата старта
2019-08-24
Территории
Все страны
Площадки
49
Жанр
Electronica
Трек-лист...
2026-01-15 10:13:49,911 - INFO - ✅ title: Infernal
2026-01-15 10:13:49,914 - INFO - ✅ artist: Etxrnxtx
2026-01-15 10:13:49,919 - INFO - ✅ cover: https://media.zvonkodigital.ru/api/cover/100/25926890/
2026-01-15 10:13:49,933 - INFO - ✅ upc: 5063181043803
2026-01-15 10:13:49,938 - INFO - ✅ label: ROSSEL 66
2026-01-15 10:13:49,943 - INFO - ✅ date: 2024-03-14
2026-01-15 10:13:49,959 - INFO - ✅ territories: Все страны
2026-01-15 10:13:49,965 - INFO - ✅ platforms: 49
2026-01-15 10:13:49,975 - INFO - ✅ Данные релиза #270 успешно извлечены
2026-01-15 10:13:49,975 - INFO - 
🔍 Парсинг релиза #271 (страница #14, позиция #11)...
2026-01-15 10:13:49,978 - INFO - 🔍 Извлечение данных из релиза #271...
2026-01-15 10:13:49,985 - INFO - 📝 Текст релиза: Detroit9000
MENDXZA
UPC
5063015119674
Название лейбла
ROSSEL 66
Дата создания
2024-03-13
Дата релиза
2022-03-01
Дата старта
2022-03-01
Территории
Все страны
Площадки
50
Жанр
Phonk/Fonk
Трек-лист...
2026-01-15 10:13:49,993 - INFO - ✅ title: Detroit9000
2026-01-15 10:13:49,996 - INFO - ✅ artist: MENDXZA
2026-01-15 10:13:50,000 - INFO - ✅ cover: https://media.zvonkodigital.ru/api/cover/100/25909937/
2026-01-15 10:13:50,014 - INFO - ✅ upc: 5063015119674
2026-01-15 10:13:50,019 - INFO - ✅ label: ROSSEL 66
2026-01-15 10:13:50,025 - INFO - ✅ date: 2024-03-13
2026-01-15 10:13:50,041 - INFO - ✅ territories: Все страны
2026-01-15 10:13:50,049 - INFO - ✅ platforms: 50
2026-01-15 10:13:50,062 - INFO - ✅ genre: Phonk/Fonk
2026-01-15 10:13:50,067 - INFO - ✅ Данные релиза #271 успешно извлечены
2026-01-15 10:13:50,067 - INFO - 
🔍 Парсинг релиза #272 (страница #14, позиция #12)...
2026-01-15 10:13:50,070 - INFO - 🔍 Извлечение данных из релиза #272...
2026-01-15 10:13:50,077 - INFO - 📝 Текст релиза: UNIVERSE IN MY HEART
MENDXZA, CXRBER
UPC
3617051836877
Название лейбла
ROSSEL 66
Дата создания
2024-03-13
Дата релиза
2022-10-13
Дата старта
2024-02-24
Территории
Все страны
Площадки
50
Жанр
Electroni...
2026-01-15 10:13:50,085 - INFO - ✅ title: UNIVERSE IN MY HEART
2026-01-15 10:13:50,087 - INFO - ✅ artist: MENDXZA, CXRBER
2026-01-15 10:13:50,092 - INFO - ✅ cover: https://media.zvonkodigital.ru/api/cover/100/25909747/
2026-01-15 10:13:50,106 - INFO - ✅ upc: 3617051836877
2026-01-15 10:13:50,111 - INFO - ✅ label: ROSSEL 66
2026-01-15 10:13:50,117 - INFO - ✅ date: 2024-03-13
2026-01-15 10:13:50,135 - INFO - ✅ territories: Все страны
2026-01-15 10:13:50,141 - INFO - ✅ platforms: 50
2026-01-15 10:13:50,147 - INFO - ✅ genre: Electronic
2026-01-15 10:13:50,153 - INFO - ✅ Данные релиза #272 успешно извлечены
2026-01-15 10:13:50,153 - INFO - 
🔍 Парсинг релиза #273 (страница #14, позиция #13)...
2026-01-15 10:13:50,155 - INFO - 🔍 Извлечение данных из релиза #273...
2026-01-15 10:13:50,162 - INFO - 📝 Текст релиза: SNIPER
Matcukito Kioto, ca$hnoad
UPC
4680961277664
Название лейбла
ROSSEL 66
Дата создания
2024-03-13
Дата релиза
2022-07-08
Дата старта
2024-03-11
Территории
Все страны
Площадки
49
Жанр
Phonk/Fonk
Тр...
2026-01-15 10:13:50,170 - INFO - ✅ title: SNIPER
2026-01-15 10:13:50,172 - INFO - ✅ artist: Matcukito Kioto, ca$hnoad
2026-01-15 10:13:50,177 - INFO - ✅ cover: https://media.zvonkodigital.ru/api/cover/100/25908290/
2026-01-15 10:13:50,191 - INFO - ✅ upc: 4680961277664
2026-01-15 10:13:50,196 - INFO - ✅ label: ROSSEL 66
2026-01-15 10:13:50,202 - INFO - ✅ date: 2024-03-13
2026-01-15 10:13:50,218 - INFO - ✅ territories: Все страны
2026-01-15 10:13:50,223 - INFO - ✅ platforms: 49
2026-01-15 10:13:50,229 - INFO - ✅ genre: Phonk/Fonk
2026-01-15 10:13:50,235 - INFO - ✅ Данные релиза #273 успешно извлечены
2026-01-15 10:13:50,235 - INFO - 
🔍 Парсинг релиза #274 (страница #14, позиция #14)...
2026-01-15 10:13:50,237 - INFO - 🔍 Извлечение данных из релиза #274...
2026-01-15 10:13:50,244 - INFO - 📝 Текст релиза: Evilwayz
Etxrnxtx, B V N N $
UPC
689690323110
Название лейбла
ROSSEL 66
Дата создания
2024-03-13
Дата релиза
2021-11-10
Дата старта
2021-11-10
Территории
Все страны
Площадки
49
Жанр
Electronica
Трек-л...
2026-01-15 10:13:50,252 - INFO - ✅ title: Evilwayz
2026-01-15 10:13:50,255 - INFO - ✅ artist: Etxrnxtx, B V N N $
2026-01-15 10:13:50,259 - INFO - ✅ cover: https://media.zvonkodigital.ru/api/cover/100/25907770/
2026-01-15 10:13:50,273 - INFO - ✅ upc: 689690323110
2026-01-15 10:13:50,279 - INFO - ✅ label: ROSSEL 66
2026-01-15 10:13:50,284 - INFO - ✅ date: 2024-03-13
2026-01-15 10:13:50,301 - INFO - ✅ territories: Все страны
2026-01-15 10:13:50,307 - INFO - ✅ platforms: 49
2026-01-15 10:13:50,318 - INFO - ✅ Данные релиза #274 успешно извлечены
2026-01-15 10:13:50,318 - INFO - 
🔍 Парсинг релиза #275 (страница #14, позиция #15)...
2026-01-15 10:13:50,321 - INFO - 🔍 Извлечение данных из релиза #275...
2026-01-15 10:13:50,327 - INFO - 📝 Текст релиза: BRXVKDXWN
Matcukito Kioto, Send 1
UPC
3616847395109
Название лейбла
ROSSEL 66
Дата создания
2024-03-13
Дата релиза
2022-06-03
Дата старта
2024-03-11
Территории
Все страны
Площадки
49
Жанр
Phonk/Fonk
Т...
2026-01-15 10:13:50,335 - INFO - ✅ title: BRXVKDXWN
2026-01-15 10:13:50,338 - INFO - ✅ artist: Matcukito Kioto, Send 1
2026-01-15 10:13:50,342 - INFO - ✅ cover: https://media.zvonkodigital.ru/api/cover/100/25906850/
2026-01-15 10:13:50,356 - INFO - ✅ upc: 3616847395109
2026-01-15 10:13:50,361 - INFO - ✅ label: ROSSEL 66
2026-01-15 10:13:50,366 - INFO - ✅ date: 2024-03-13
2026-01-15 10:13:50,382 - INFO - ✅ territories: Все страны
2026-01-15 10:13:50,387 - INFO - ✅ platforms: 49
2026-01-15 10:13:50,393 - INFO - ✅ genre: Phonk/Fonk
2026-01-15 10:13:50,399 - INFO - ✅ Данные релиза #275 успешно извлечены
2026-01-15 10:13:50,399 - INFO - 
🔍 Парсинг релиза #276 (страница #14, позиция #16)...
2026-01-15 10:13:50,401 - INFO - 🔍 Извлечение данных из релиза #276...
2026-01-15 10:13:50,408 - INFO - 📝 Текст релиза: When I Have You
MENDXZA
UPC
3616845887972
Название лейбла
ROSSEL 66
Дата создания
2024-03-06
Дата релиза
2022-04-03
Дата старта
2024-02-24
Территории
Все страны
Площадки
49
Жанр
Electronic
Трек-лист...
2026-01-15 10:13:50,416 - INFO - ✅ title: When I Have You
2026-01-15 10:13:50,418 - INFO - ✅ artist: MENDXZA
2026-01-15 10:13:50,423 - INFO - ✅ cover: https://media.zvonkodigital.ru/api/cover/100/25835124/
2026-01-15 10:13:50,437 - INFO - ✅ upc: 3616845887972
2026-01-15 10:13:50,442 - INFO - ✅ label: ROSSEL 66
2026-01-15 10:13:50,448 - INFO - ✅ date: 2024-03-06
2026-01-15 10:13:50,464 - INFO - ✅ territories: Все страны
2026-01-15 10:13:50,469 - INFO - ✅ platforms: 49
2026-01-15 10:13:50,474 - INFO - ✅ genre: Electronic
2026-01-15 10:13:50,480 - INFO - ✅ Данные релиза #276 успешно извлечены
2026-01-15 10:13:50,480 - INFO - 
🔍 Парсинг релиза #277 (страница #14, позиция #17)...
2026-01-15 10:13:50,482 - INFO - 🔍 Извлечение данных из релиза #277...
2026-01-15 10:13:50,489 - INFO - 📝 Текст релиза: CROWS
MENDXZA, FRXUD
UPC
3617052207676
Название лейбла
ROSSEL 66
Дата создания
2024-03-06
Дата релиза
2022-10-21
Дата старта
2024-02-24
Территории
Все страны
Площадки
49
Жанр
Rock
Трек-лист...
2026-01-15 10:13:50,496 - INFO - ✅ title: CROWS
2026-01-15 10:13:50,499 - INFO - ✅ artist: MENDXZA, FRXUD
2026-01-15 10:13:50,504 - INFO - ✅ cover: https://media.zvonkodigital.ru/api/cover/100/25835082/
2026-01-15 10:13:50,519 - INFO - ✅ upc: 3617052207676
2026-01-15 10:13:50,525 - INFO - ✅ label: ROSSEL 66
2026-01-15 10:13:50,530 - INFO - ✅ date: 2024-03-06
2026-01-15 10:13:50,547 - INFO - ✅ territories: Все страны
2026-01-15 10:13:50,552 - INFO - ✅ platforms: 49
2026-01-15 10:13:50,557 - INFO - ✅ genre: Rock
2026-01-15 10:13:50,563 - INFO - ✅ Данные релиза #277 успешно извлечены
2026-01-15 10:13:50,563 - INFO - 
🔍 Парсинг релиза #278 (страница #14, позиция #18)...
2026-01-15 10:13:50,565 - INFO - 🔍 Извлечение данных из релиза #278...
2026-01-15 10:13:50,572 - INFO - 📝 Текст релиза: SHREDDER
MENDXZA
UPC
3617050265760
Название лейбла
ROSSEL 66
Дата создания
2024-03-06
Дата релиза
2022-08-22
Дата старта
2024-02-24
Территории
Все страны
Площадки
49
Жанр
Electronic
Трек-лист...
2026-01-15 10:13:50,580 - INFO - ✅ title: SHREDDER
2026-01-15 10:13:50,582 - INFO - ✅ artist: MENDXZA
2026-01-15 10:13:50,587 - INFO - ✅ cover: https://media.zvonkodigital.ru/api/cover/100/25834798/
2026-01-15 10:13:50,601 - INFO - ✅ upc: 3617050265760
2026-01-15 10:13:50,606 - INFO - ✅ label: ROSSEL 66
2026-01-15 10:13:50,612 - INFO - ✅ date: 2024-03-06
2026-01-15 10:13:50,628 - INFO - ✅ territories: Все страны
2026-01-15 10:13:50,633 - INFO - ✅ platforms: 49
2026-01-15 10:13:50,638 - INFO - ✅ genre: Electronic
2026-01-15 10:13:50,644 - INFO - ✅ Данные релиза #278 успешно извлечены
2026-01-15 10:13:50,644 - INFO - 
🔍 Парсинг релиза #279 (страница #14, позиция #19)...
2026-01-15 10:13:50,646 - INFO - 🔍 Извлечение данных из релиза #279...
2026-01-15 10:13:50,653 - INFO - 📝 Текст релиза: takeitslow
PLVT, calti
UPC
5063316938103
Название лейбла
ROSSEL 66
Дата создания
2024-03-01
Дата релиза
2024-03-08
Дата старта
2024-03-08
Территории
Все страны
Площадки
49
Жанр
Dance
Трек-лист...
2026-01-15 10:13:50,661 - INFO - ✅ title: takeitslow
2026-01-15 10:13:50,663 - INFO - ✅ artist: PLVT, calti
2026-01-15 10:13:50,668 - INFO - ✅ cover: https://media.zvonkodigital.ru/api/cover/100/25797964/
2026-01-15 10:13:50,682 - INFO - ✅ upc: 5063316938103
2026-01-15 10:13:50,687 - INFO - ✅ label: ROSSEL 66
2026-01-15 10:13:50,692 - INFO - ✅ date: 2024-03-01
2026-01-15 10:13:50,707 - INFO - ✅ territories: Все страны
2026-01-15 10:13:50,713 - INFO - ✅ platforms: 49
2026-01-15 10:13:50,724 - INFO - ✅ Данные релиза #279 успешно извлечены
2026-01-15 10:13:50,724 - INFO - 
🔍 Парсинг релиза #280 (страница #14, позиция #20)...
2026-01-15 10:13:50,727 - INFO - 🔍 Извлечение данных из релиза #280...
2026-01-15 10:13:50,733 - INFO - 📝 Текст релиза: HEART
MENDXZA, SAFRIMXV
UPC
4680961349088
Название лейбла
ROSSEL 66
Дата создания
2024-03-01
Дата релиза
2022-11-04
Дата старта
2024-02-24
Территории
Все страны
Площадки
49
Жанр
Electronic
Трек-лист...
2026-01-15 10:13:50,741 - INFO - ✅ title: HEART
2026-01-15 10:13:50,744 - INFO - ✅ artist: MENDXZA, SAFRIMXV
2026-01-15 10:13:50,749 - INFO - ✅ cover: https://media.zvonkodigital.ru/api/cover/100/25797797/
2026-01-15 10:13:50,763 - INFO - ✅ upc: 4680961349088
2026-01-15 10:13:50,768 - INFO - ✅ label: ROSSEL 66
2026-01-15 10:13:50,773 - INFO - ✅ date: 2024-03-01
2026-01-15 10:13:50,789 - INFO - ✅ territories: Все страны
2026-01-15 10:13:50,794 - INFO - ✅ platforms: 49
2026-01-15 10:13:50,799 - INFO - ✅ genre: Electronic
2026-01-15 10:13:50,804 - INFO - ✅ Данные релиза #280 успешно извлечены
2026-01-15 10:13:50,804 - INFO - ✅ Страница #14 завершена! Обработано 20 релизов
2026-01-15 10:13:50,809 - INFO - 🖱️ Переход к предыдущей странице...
2026-01-15 10:13:53,838 - INFO - 
📄 Обработка страницы #15...
2026-01-15 10:13:53,838 - INFO - 🔍 Парсинг страницы #15...
2026-01-15 10:14:00,877 - INFO - 📊 На странице #15 найдено 16 релизов по селектору: div.css-1xgpa60
2026-01-15 10:14:00,878 - INFO - 
🔍 Парсинг релиза #225 (страница #15, позиция #1)...
2026-01-15 10:14:00,883 - INFO - 🔍 Извлечение данных из релиза #225...
2026-01-15 10:14:00,896 - INFO - 📝 Текст релиза: Dark Rider
MENDXZA
UPC
4680961418906
Название лейбла
ROSSEL 66
Дата создания
2024-03-01
Дата релиза
2023-02-17
Дата старта
2024-02-24
Территории
Все страны
Площадки
49
Жанр
Electronic
Трек-лист...
2026-01-15 10:14:00,906 - INFO - ✅ title: Dark Rider
2026-01-15 10:14:00,910 - INFO - ✅ artist: MENDXZA
2026-01-15 10:14:00,916 - INFO - ✅ cover: https://media.zvonkodigital.ru/api/cover/100/25797533/
2026-01-15 10:14:00,931 - INFO - ✅ upc: 4680961418906
2026-01-15 10:14:00,937 - INFO - ✅ label: ROSSEL 66
2026-01-15 10:14:00,942 - INFO - ✅ date: 2024-03-01
2026-01-15 10:14:00,959 - INFO - ✅ territories: Все страны
2026-01-15 10:14:00,964 - INFO - ✅ platforms: 49
2026-01-15 10:14:00,970 - INFO - ✅ genre: Electronic
2026-01-15 10:14:00,975 - INFO - ✅ Данные релиза #225 успешно извлечены
2026-01-15 10:14:00,975 - INFO - 
🔍 Парсинг релиза #226 (страница #15, позиция #2)...
2026-01-15 10:14:00,978 - INFO - 🔍 Извлечение данных из релиза #226...
2026-01-15 10:14:00,985 - INFO - 📝 Текст релиза: CYBERPUNK
MENDXZA
UPC
4680961386014
Название лейбла
ROSSEL 66
Дата создания
2024-03-01
Дата релиза
2022-12-28
Дата старта
2024-02-23
Территории
Все страны
Площадки
49
Жанр
Electronic
Трек-лист...
2026-01-15 10:14:00,993 - INFO - ✅ title: CYBERPUNK
2026-01-15 10:14:00,996 - INFO - ✅ artist: MENDXZA
2026-01-15 10:14:01,002 - INFO - ✅ cover: https://media.zvonkodigital.ru/api/cover/100/25797513/
2026-01-15 10:14:01,015 - INFO - ✅ upc: 4680961386014
2026-01-15 10:14:01,020 - INFO - ✅ label: ROSSEL 66
2026-01-15 10:14:01,026 - INFO - ✅ date: 2024-03-01
2026-01-15 10:14:01,042 - INFO - ✅ territories: Все страны
2026-01-15 10:14:01,047 - INFO - ✅ platforms: 49
2026-01-15 10:14:01,052 - INFO - ✅ genre: Electronic
2026-01-15 10:14:01,057 - INFO - ✅ Данные релиза #226 успешно извлечены
2026-01-15 10:14:01,057 - INFO - 
🔍 Парсинг релиза #227 (страница #15, позиция #3)...
2026-01-15 10:14:01,060 - INFO - 🔍 Извлечение данных из релиза #227...
2026-01-15 10:14:01,072 - INFO - 📝 Текст релиза: Strange
Matcukito Kioto
UPC
5063316937663
Название лейбла
ROSSEL 66
Дата создания
2024-03-01
Дата релиза
2024-03-08
Дата старта
2024-03-08
Территории
Все страны
Площадки
48
Жанр
Phonk/Fonk
Трек-лист...
2026-01-15 10:14:01,083 - INFO - ✅ title: Strange
2026-01-15 10:14:01,086 - INFO - ✅ artist: Matcukito Kioto
2026-01-15 10:14:01,090 - INFO - ✅ cover: https://media.zvonkodigital.ru/api/cover/100/25797361/
2026-01-15 10:14:01,104 - INFO - ✅ upc: 5063316937663
2026-01-15 10:14:01,109 - INFO - ✅ label: ROSSEL 66
2026-01-15 10:14:01,115 - INFO - ✅ date: 2024-03-01
2026-01-15 10:14:01,131 - INFO - ✅ territories: Все страны
2026-01-15 10:14:01,136 - INFO - ✅ platforms: 48
2026-01-15 10:14:01,141 - INFO - ✅ genre: Phonk/Fonk
2026-01-15 10:14:01,147 - INFO - ✅ Данные релиза #227 успешно извлечены
2026-01-15 10:14:01,147 - INFO - 
🔍 Парсинг релиза #228 (страница #15, позиция #4)...
2026-01-15 10:14:01,150 - INFO - 🔍 Извлечение данных из релиза #228...
2026-01-15 10:14:01,156 - INFO - 📝 Текст релиза: alone
platö
UPC
5063316922171
Название лейбла
ROSSEL 66
Дата создания
2024-02-27
Дата релиза
2024-03-22
Дата старта
2024-03-22
Территории
Все страны
Площадки
48
Жанр
Electronic
Трек-лист...
2026-01-15 10:14:01,164 - INFO - ✅ title: alone
2026-01-15 10:14:01,167 - INFO - ✅ artist: platö
2026-01-15 10:14:01,171 - INFO - ✅ cover: https://media.zvonkodigital.ru/api/cover/100/25760114/
2026-01-15 10:14:01,185 - INFO - ✅ upc: 5063316922171
2026-01-15 10:14:01,191 - INFO - ✅ label: ROSSEL 66
2026-01-15 10:14:01,196 - INFO - ✅ date: 2024-02-27
2026-01-15 10:14:01,213 - INFO - ✅ territories: Все страны
2026-01-15 10:14:01,218 - INFO - ✅ platforms: 48
2026-01-15 10:14:01,223 - INFO - ✅ genre: Electronic
2026-01-15 10:14:01,229 - INFO - ✅ Данные релиза #228 успешно извлечены
2026-01-15 10:14:01,229 - INFO - 
🔍 Парсинг релиза #229 (страница #15, позиция #5)...
2026-01-15 10:14:01,231 - INFO - 🔍 Извлечение данных из релиза #229...
2026-01-15 10:14:01,238 - INFO - 📝 Текст релиза: JAPAN
MENDXZA
UPC
4680961304681
Название лейбла
ROSSEL 66
Дата создания
2024-02-26
Дата релиза
2022-08-18
Дата старта
2024-02-24
Территории
Все страны
Площадки
49
Жанр
Electronic
Трек-лист...
2026-01-15 10:14:01,245 - INFO - ✅ title: JAPAN
2026-01-15 10:14:01,248 - INFO - ✅ artist: MENDXZA
2026-01-15 10:14:01,252 - INFO - ✅ cover: https://media.zvonkodigital.ru/api/cover/100/25746967/
2026-01-15 10:14:01,266 - INFO - ✅ upc: 4680961304681
2026-01-15 10:14:01,271 - INFO - ✅ label: ROSSEL 66
2026-01-15 10:14:01,277 - INFO - ✅ date: 2024-02-26
2026-01-15 10:14:01,293 - INFO - ✅ territories: Все страны
2026-01-15 10:14:01,299 - INFO - ✅ platforms: 49
2026-01-15 10:14:01,304 - INFO - ✅ genre: Electronic
2026-01-15 10:14:01,310 - INFO - ✅ Данные релиза #229 успешно извлечены
2026-01-15 10:14:01,310 - INFO - 
🔍 Парсинг релиза #230 (страница #15, позиция #6)...
2026-01-15 10:14:01,312 - INFO - 🔍 Извлечение данных из релиза #230...
2026-01-15 10:14:01,319 - INFO - 📝 Текст релиза: Силуэт
DayKeys
UPC
5063316881850
Название лейбла
ROSSEL 66
Дата создания
2024-02-14
Дата релиза
2024-02-16
Дата старта
2024-02-16
Территории
Все страны
Площадки
49
Жанр
Hip Hop/Rap
Трек-лист...
2026-01-15 10:14:01,327 - INFO - ✅ title: Силуэт
2026-01-15 10:14:01,330 - INFO - ✅ artist: DayKeys
2026-01-15 10:14:01,334 - INFO - ✅ cover: https://media.zvonkodigital.ru/api/cover/100/25636302/
2026-01-15 10:14:01,348 - INFO - ✅ upc: 5063316881850
2026-01-15 10:14:01,353 - INFO - ✅ label: ROSSEL 66
2026-01-15 10:14:01,358 - INFO - ✅ date: 2024-02-14
2026-01-15 10:14:01,374 - INFO - ✅ territories: Все страны
2026-01-15 10:14:01,379 - INFO - ✅ platforms: 49
2026-01-15 10:14:01,384 - INFO - ✅ genre: Hip Hop/Rap
2026-01-15 10:14:01,390 - INFO - ✅ Данные релиза #230 успешно извлечены
2026-01-15 10:14:01,390 - INFO - 
🔍 Парсинг релиза #231 (страница #15, позиция #7)...
2026-01-15 10:14:01,392 - INFO - 🔍 Извлечение данных из релиза #231...
2026-01-15 10:14:01,399 - INFO - 📝 Текст релиза: FREE SPIN
SLAVKESH
UPC
5063316854090
Название лейбла
ROSSEL 66
Дата создания
2024-02-07
Дата релиза
2024-02-16
Дата старта
2024-02-16
Территории
Все страны
Площадки
49
Жанр
Electronic
Трек-лист...
2026-01-15 10:14:01,407 - INFO - ✅ title: FREE SPIN
2026-01-15 10:14:01,410 - INFO - ✅ artist: SLAVKESH
2026-01-15 10:14:01,414 - INFO - ✅ cover: https://media.zvonkodigital.ru/api/cover/100/25566880/
2026-01-15 10:14:01,432 - INFO - ✅ upc: 5063316854090
2026-01-15 10:14:01,443 - INFO - ✅ label: ROSSEL 66
2026-01-15 10:14:01,454 - INFO - ✅ date: 2024-02-07
2026-01-15 10:14:01,479 - INFO - ✅ territories: Все страны
2026-01-15 10:14:01,484 - INFO - ✅ platforms: 49
2026-01-15 10:14:01,490 - INFO - ✅ genre: Electronic
2026-01-15 10:14:01,495 - INFO - ✅ Данные релиза #231 успешно извлечены
2026-01-15 10:14:01,495 - INFO - 
🔍 Парсинг релиза #232 (страница #15, позиция #8)...
2026-01-15 10:14:01,498 - INFO - 🔍 Извлечение данных из релиза #232...
2026-01-15 10:14:01,504 - INFO - 📝 Текст релиза: метели
LINBY
UPC
5063316838151
Название лейбла
ROSSEL 66
Дата создания
2024-02-02
Дата релиза
2024-02-09
Дата старта
2024-02-09
Территории
Все страны
Площадки
49
Жанр
Rock
Трек-лист...
2026-01-15 10:14:01,512 - INFO - ✅ title: метели
2026-01-15 10:14:01,515 - INFO - ✅ artist: LINBY
2026-01-15 10:14:01,519 - INFO - ✅ cover: https://media.zvonkodigital.ru/api/cover/100/25520746/
2026-01-15 10:14:01,533 - INFO - ✅ upc: 5063316838151
2026-01-15 10:14:01,538 - INFO - ✅ label: ROSSEL 66
2026-01-15 10:14:01,544 - INFO - ✅ date: 2024-02-02
2026-01-15 10:14:01,560 - INFO - ✅ territories: Все страны
2026-01-15 10:14:01,566 - INFO - ✅ platforms: 49
2026-01-15 10:14:01,571 - INFO - ✅ genre: Rock
2026-01-15 10:14:01,577 - INFO - ✅ Данные релиза #232 успешно извлечены
2026-01-15 10:14:01,577 - INFO - 
🔍 Парсинг релиза #233 (страница #15, позиция #9)...
2026-01-15 10:14:01,580 - INFO - 🔍 Извлечение данных из релиза #233...
2026-01-15 10:14:01,586 - INFO - 📝 Текст релиза: Думы
Ego
UPC
5063316820767
Название лейбла
ROSSEL 66
Дата создания
2024-01-29
Дата релиза
2024-02-02
Дата старта
2024-02-02
Территории
Все страны
Площадки
49
Жанр
Hip Hop/Rap
Трек-лист...
2026-01-15 10:14:01,594 - INFO - ✅ title: Думы
2026-01-15 10:14:01,597 - INFO - ✅ artist: Ego
2026-01-15 10:14:01,602 - INFO - ✅ cover: https://media.zvonkodigital.ru/api/cover/100/25471626/
2026-01-15 10:14:01,616 - INFO - ✅ upc: 5063316820767
2026-01-15 10:14:01,621 - INFO - ✅ label: ROSSEL 66
2026-01-15 10:14:01,627 - INFO - ✅ date: 2024-01-29
2026-01-15 10:14:01,643 - INFO - ✅ territories: Все страны
2026-01-15 10:14:01,648 - INFO - ✅ platforms: 49
2026-01-15 10:14:01,653 - INFO - ✅ genre: Hip Hop/Rap
2026-01-15 10:14:01,659 - INFO - ✅ Данные релиза #233 успешно извлечены
2026-01-15 10:14:01,659 - INFO - 
🔍 Парсинг релиза #234 (страница #15, позиция #10)...
2026-01-15 10:14:01,661 - INFO - 🔍 Извлечение данных из релиза #234...
2026-01-15 10:14:01,668 - INFO - 📝 Текст релиза: vivienne
Amori
UPC
5063316792231
Название лейбла
ROSSEL 66
Дата создания
2024-01-19
Дата релиза
2024-01-20
Дата старта
2024-02-09
Территории
Все страны
Площадки
47
Жанр
Hip Hop/Rap
Трек-лист...
2026-01-15 10:14:01,676 - INFO - ✅ title: vivienne
2026-01-15 10:14:01,679 - INFO - ✅ artist: Amori
2026-01-15 10:14:01,684 - INFO - ✅ cover: https://media.zvonkodigital.ru/api/cover/100/25391467/
2026-01-15 10:14:01,698 - INFO - ✅ upc: 5063316792231
2026-01-15 10:14:01,703 - INFO - ✅ label: ROSSEL 66
2026-01-15 10:14:01,708 - INFO - ✅ date: 2024-01-19
2026-01-15 10:14:01,724 - INFO - ✅ territories: Все страны
2026-01-15 10:14:01,730 - INFO - ✅ platforms: 47
2026-01-15 10:14:01,735 - INFO - ✅ genre: Hip Hop/Rap
2026-01-15 10:14:01,740 - INFO - ✅ Данные релиза #234 успешно извлечены
2026-01-15 10:14:01,740 - INFO - 
🔍 Парсинг релиза #235 (страница #15, позиция #11)...
2026-01-15 10:14:01,743 - INFO - 🔍 Извлечение данных из релиза #235...
2026-01-15 10:14:01,750 - INFO - 📝 Текст релиза: мрачной ночью сентября
передоз
UPC
3617055334263
Название лейбла
ROSSEL 66
Дата создания
2024-01-19
Дата релиза
2023-02-13
Дата старта
2023-02-13
Территории
Все страны
Площадки
49
Жанр
Rock
Трек-лист...
2026-01-15 10:14:01,758 - INFO - ✅ title: мрачной ночью сентября
2026-01-15 10:14:01,761 - INFO - ✅ artist: передоз
2026-01-15 10:14:01,765 - INFO - ✅ cover: https://media.zvonkodigital.ru/api/cover/100/25388741/
2026-01-15 10:14:01,780 - INFO - ✅ upc: 3617055334263
2026-01-15 10:14:01,785 - INFO - ✅ label: ROSSEL 66
2026-01-15 10:14:01,790 - INFO - ✅ date: 2024-01-19
2026-01-15 10:14:01,806 - INFO - ✅ territories: Все страны
2026-01-15 10:14:01,812 - INFO - ✅ platforms: 49
2026-01-15 10:14:01,817 - INFO - ✅ genre: Rock
2026-01-15 10:14:01,822 - INFO - ✅ Данные релиза #235 успешно извлечены
2026-01-15 10:14:01,822 - INFO - 
🔍 Парсинг релиза #236 (страница #15, позиция #12)...
2026-01-15 10:14:01,824 - INFO - 🔍 Извлечение данных из релиза #236...
2026-01-15 10:14:01,831 - INFO - 📝 Текст релиза: STOP
Amori
UPC
5063316786735
Название лейбла
ROSSEL 66
Дата создания
2024-01-18
Дата релиза
2024-01-18
Дата старта
2024-01-20
Территории
Все страны
Площадки
47
Жанр
Hip Hop/Rap
Трек-лист...
2026-01-15 10:14:01,839 - INFO - ✅ title: STOP
2026-01-15 10:14:01,842 - INFO - ✅ artist: Amori
2026-01-15 10:14:01,846 - INFO - ✅ cover: https://media.zvonkodigital.ru/api/cover/100/25374043/
2026-01-15 10:14:01,860 - INFO - ✅ upc: 5063316786735
2026-01-15 10:14:01,866 - INFO - ✅ label: ROSSEL 66
2026-01-15 10:14:01,871 - INFO - ✅ date: 2024-01-18
2026-01-15 10:14:01,897 - INFO - ✅ territories: Все страны
2026-01-15 10:14:01,902 - INFO - ✅ platforms: 47
2026-01-15 10:14:01,907 - INFO - ✅ genre: Hip Hop/Rap
2026-01-15 10:14:01,913 - INFO - ✅ Данные релиза #236 успешно извлечены
2026-01-15 10:14:01,913 - INFO - 
🔍 Парсинг релиза #237 (страница #15, позиция #13)...
2026-01-15 10:14:01,916 - INFO - 🔍 Извлечение данных из релиза #237...
2026-01-15 10:14:01,923 - INFO - 📝 Текст релиза: myheart
PLVT
UPC
5063316778907
Название лейбла
ROSSEL 66
Дата создания
2024-01-17
Дата релиза
2024-02-09
Дата старта
2024-02-09
Территории
Все страны
Площадки
50
Жанр
Dance
Трек-лист...
2026-01-15 10:14:01,931 - INFO - ✅ title: myheart
2026-01-15 10:14:01,933 - INFO - ✅ artist: PLVT
2026-01-15 10:14:01,938 - INFO - ✅ cover: https://media.zvonkodigital.ru/api/cover/100/25357186/
2026-01-15 10:14:01,952 - INFO - ✅ upc: 5063316778907
2026-01-15 10:14:01,957 - INFO - ✅ label: ROSSEL 66
2026-01-15 10:14:01,963 - INFO - ✅ date: 2024-01-17
2026-01-15 10:14:01,979 - INFO - ✅ territories: Все страны
2026-01-15 10:14:01,984 - INFO - ✅ platforms: 50
2026-01-15 10:14:01,995 - INFO - ✅ Данные релиза #237 успешно извлечены
2026-01-15 10:14:01,995 - INFO - 
🔍 Парсинг релиза #238 (страница #15, позиция #14)...
2026-01-15 10:14:01,998 - INFO - 🔍 Извлечение данных из релиза #238...
2026-01-15 10:14:02,004 - INFO - 📝 Текст релиза: использованные трусы японской школьницы
передоз
UPC
5063170671833
Название лейбла
ROSSEL 66
Дата создания
2024-01-17
Дата релиза
2022-10-27
Дата старта
2022-10-27
Территории
Все страны
Площадки
49
Жан...
2026-01-15 10:14:02,012 - INFO - ✅ title: использованные трусы японской школьницы
2026-01-15 10:14:02,015 - INFO - ✅ artist: передоз
2026-01-15 10:14:02,019 - INFO - ✅ cover: https://media.zvonkodigital.ru/api/cover/100/25356388/
2026-01-15 10:14:02,033 - INFO - ✅ upc: 5063170671833
2026-01-15 10:14:02,039 - INFO - ✅ label: ROSSEL 66
2026-01-15 10:14:02,044 - INFO - ✅ date: 2024-01-17
2026-01-15 10:14:02,060 - INFO - ✅ territories: Все страны
2026-01-15 10:14:02,066 - INFO - ✅ platforms: 49
2026-01-15 10:14:02,071 - INFO - ✅ genre: Rock
2026-01-15 10:14:02,076 - INFO - ✅ Данные релиза #238 успешно извлечены
2026-01-15 10:14:02,076 - INFO - 
🔍 Парсинг релиза #239 (страница #15, позиция #15)...
2026-01-15 10:14:02,079 - INFO - 🔍 Извлечение данных из релиза #239...
2026-01-15 10:14:02,086 - INFO - 📝 Текст релиза: мефедроновая сучка
передоз
UPC
5063015489968
Название лейбла
ROSSEL 66
Дата создания
2024-01-17
Дата релиза
2022-08-13
Дата старта
2022-08-13
Территории
Все страны
Площадки
49
Жанр
Rock
Трек-лист...
2026-01-15 10:14:02,094 - INFO - ✅ title: мефедроновая сучка
2026-01-15 10:14:02,096 - INFO - ✅ artist: передоз
2026-01-15 10:14:02,101 - INFO - ✅ cover: https://media.zvonkodigital.ru/api/cover/100/25354811/
2026-01-15 10:14:02,116 - INFO - ✅ upc: 5063015489968
2026-01-15 10:14:02,121 - INFO - ✅ label: ROSSEL 66
2026-01-15 10:14:02,127 - INFO - ✅ date: 2024-01-17
2026-01-15 10:14:02,143 - INFO - ✅ territories: Все страны
2026-01-15 10:14:02,148 - INFO - ✅ platforms: 49
2026-01-15 10:14:02,153 - INFO - ✅ genre: Rock
2026-01-15 10:14:02,159 - INFO - ✅ Данные релиза #239 успешно извлечены
2026-01-15 10:14:02,159 - INFO - 
🔍 Парсинг релиза #240 (страница #15, позиция #16)...
2026-01-15 10:14:02,161 - INFO - 🔍 Извлечение данных из релиза #240...
2026-01-15 10:14:02,168 - INFO - 📝 Текст релиза: отходос
передоз
UPC
3617053869569
Название лейбла
ROSSEL 66
Дата создания
2024-01-17
Дата релиза
2022-12-13
Дата старта
2022-12-13
Территории
Все страны
Площадки
50
Жанр
Rock
Трек-лист...
2026-01-15 10:14:02,175 - INFO - ✅ title: отходос
2026-01-15 10:14:02,178 - INFO - ✅ artist: передоз
2026-01-15 10:14:02,183 - INFO - ✅ cover: https://media.zvonkodigital.ru/api/cover/100/25354394/
2026-01-15 10:14:02,197 - INFO - ✅ upc: 3617053869569
2026-01-15 10:14:02,202 - INFO - ✅ label: ROSSEL 66
2026-01-15 10:14:02,207 - INFO - ✅ date: 2024-01-17
2026-01-15 10:14:02,223 - INFO - ✅ territories: Все страны
2026-01-15 10:14:02,229 - INFO - ✅ platforms: 50
2026-01-15 10:14:02,234 - INFO - ✅ genre: Rock
2026-01-15 10:14:02,239 - INFO - ✅ Данные релиза #240 успешно извлечены
2026-01-15 10:14:02,239 - INFO - ✅ Страница #15 завершена! Обработано 16 релизов
2026-01-15 10:14:02,243 - INFO - ✅ Достигнута первая страница, парсинг завершен
2026-01-15 10:14:02,243 - INFO - ✅ Парсинг всех страниц завершен! Всего обработано 296 релизов с 15 страниц
2026-01-15 10:14:02,245 - INFO - 📄 Все данные сохранены в zvonko_all_releases_full.json
2026-01-15 10:14:02,245 - INFO - ✅ Полный парсинг успешно завершен!
2026-01-15 10:14:02,245 - INFO - 
📄 Созданные файлы:
2026-01-15 10:14:02,245 - INFO -   - zvonko_all_releases_full.json (все релизы со всех страниц)
2026-01-15 10:14:02,245 - INFO -   - zvonko_release_*.html (HTML каждого релиза)
2026-01-15 10:14:02,245 - INFO -   - zvonko_release_*_data.json (данные каждого релиза)
2026-01-15 10:14:02,245 - INFO -   - zvonko_full_parser.log
2026-01-15 10:14:02,340 - INFO - 🔚 WebDriver закрыт
2026-01-15 10:14:02,340 - INFO - 🎉 Полный парсинг успешно завершен!
2026-01-15 10:26:09,329 - INFO - 📊 Установлен лимит страниц: 5
2026-01-15 10:26:09,329 - INFO - 🚀 Запуск полного парсера Zvonko с пагинацией...
2026-01-15 10:26:09,329 - INFO - 🔧 Настройка Chrome WebDriver...
2026-01-15 10:26:09,329 - INFO - 🚀 Запуск Chrome WebDriver...
2026-01-15 10:26:11,074 - INFO - ✅ Chrome WebDriver успешно запущен
2026-01-15 10:26:11,076 - INFO - 🔐 Начало процесса авторизации на Zvonko...
2026-01-15 10:26:11,076 - INFO - 📍 Переход на страницу авторизации: https://account.zvonkodigital.com
2026-01-15 10:26:13,297 - INFO - ✅ Найдено поле логина по name='username'
2026-01-15 10:26:13,300 - INFO - ✅ Найдено поле пароля по name='password'
2026-01-15 10:26:13,300 - INFO - ⌨️ Ввод данных авторизации...
2026-01-15 10:26:13,354 - ERROR - ❌ Ошибка при авторизации: Message: no such window: target window already closed
from unknown error: web view not found
  (Session info: chrome=143.0.7499.193)
Stacktrace:
0   chromedriver                        0x0000000104d23dfc cxxbridge1$str$ptr + 3031016
1   chromedriver                        0x0000000104d1bcb8 cxxbridge1$str$ptr + 2997924
2   chromedriver                        0x0000000104816b90 _RNvCsgXDX2mvAJAg_7___rustc35___rust_no_alloc_shim_is_unstable_v2 + 74192
3   chromedriver                        0x00000001047f0948 chromedriver + 149832
4   chromedriver                        0x0000000104885b38 _RNvCsgXDX2mvAJAg_7___rustc35___rust_no_alloc_shim_is_unstable_v2 + 528760
5   chromedriver                        0x000000010489e58c _RNvCsgXDX2mvAJAg_7___rustc35___rust_no_alloc_shim_is_unstable_v2 + 629708
6   chromedriver                        0x000000010485222c _RNvCsgXDX2mvAJAg_7___rustc35___rust_no_alloc_shim_is_unstable_v2 + 317548
7   chromedriver                        0x0000000104ce8194 cxxbridge1$str$ptr + 2786176
8   chromedriver                        0x0000000104ceb900 cxxbridge1$str$ptr + 2800364
9   chromedriver                        0x0000000104cc842c cxxbridge1$str$ptr + 2655768
10  chromedriver                        0x0000000104cec170 cxxbridge1$str$ptr + 2802524
11  chromedriver                        0x0000000104cb8e10 cxxbridge1$str$ptr + 2592764
12  chromedriver                        0x0000000104d0b14c cxxbridge1$str$ptr + 2929464
13  chromedriver                        0x0000000104d0b2cc cxxbridge1$str$ptr + 2929848
14  chromedriver                        0x0000000104d1b910 cxxbridge1$str$ptr + 2996988
15  libsystem_pthread.dylib             0x000000019e1ddc08 _pthread_start + 136
16  libsystem_pthread.dylib             0x000000019e1d8ba8 thread_start + 8

2026-01-15 10:26:13,357 - ERROR - 📋 Traceback: Traceback (most recent call last):
  File "/Users/macbook/proga/rossel-music/parsers/zvonko_full_parser.py", line 103, in login_to_zvonko
    username_input.send_keys(self.username)
    ~~~~~~~~~~~~~~~~~~~~~~~~^^^^^^^^^^^^^^^
  File "/Users/macbook/proga/rossel-music/test_env/lib/python3.13/site-packages/selenium/webdriver/remote/webelement.py", line 303, in send_keys
    self._execute(
    ~~~~~~~~~~~~~^
        Command.SEND_KEYS_TO_ELEMENT, {"text": "".join(keys_to_typing(value)), "value": keys_to_typing(value)}
        ^^^^^^^^^^^^^^^^^^^^^^^^^^^^^^^^^^^^^^^^^^^^^^^^^^^^^^^^^^^^^^^^^^^^^^^^^^^^^^^^^^^^^^^^^^^^^^^^^^^^^^
    )
    ^
  File "/Users/macbook/proga/rossel-music/test_env/lib/python3.13/site-packages/selenium/webdriver/remote/webelement.py", line 572, in _execute
    return self._parent.execute(command, params)
           ~~~~~~~~~~~~~~~~~~~~^^^^^^^^^^^^^^^^^
  File "/Users/macbook/proga/rossel-music/test_env/lib/python3.13/site-packages/selenium/webdriver/remote/webdriver.py", line 458, in execute
    self.error_handler.check_response(response)
    ~~~~~~~~~~~~~~~~~~~~~~~~~~~~~~~~~^^^^^^^^^^
  File "/Users/macbook/proga/rossel-music/test_env/lib/python3.13/site-packages/selenium/webdriver/remote/errorhandler.py", line 232, in check_response
    raise exception_class(message, screen, stacktrace)
selenium.common.exceptions.NoSuchWindowException: Message: no such window: target window already closed
from unknown error: web view not found
  (Session info: chrome=143.0.7499.193)
Stacktrace:
0   chromedriver                        0x0000000104d23dfc cxxbridge1$str$ptr + 3031016
1   chromedriver                        0x0000000104d1bcb8 cxxbridge1$str$ptr + 2997924
2   chromedriver                        0x0000000104816b90 _RNvCsgXDX2mvAJAg_7___rustc35___rust_no_alloc_shim_is_unstable_v2 + 74192
3   chromedriver                        0x00000001047f0948 chromedriver + 149832
4   chromedriver                        0x0000000104885b38 _RNvCsgXDX2mvAJAg_7___rustc35___rust_no_alloc_shim_is_unstable_v2 + 528760
5   chromedriver                        0x000000010489e58c _RNvCsgXDX2mvAJAg_7___rustc35___rust_no_alloc_shim_is_unstable_v2 + 629708
6   chromedriver                        0x000000010485222c _RNvCsgXDX2mvAJAg_7___rustc35___rust_no_alloc_shim_is_unstable_v2 + 317548
7   chromedriver                        0x0000000104ce8194 cxxbridge1$str$ptr + 2786176
8   chromedriver                        0x0000000104ceb900 cxxbridge1$str$ptr + 2800364
9   chromedriver                        0x0000000104cc842c cxxbridge1$str$ptr + 2655768
10  chromedriver                        0x0000000104cec170 cxxbridge1$str$ptr + 2802524
11  chromedriver                        0x0000000104cb8e10 cxxbridge1$str$ptr + 2592764
12  chromedriver                        0x0000000104d0b14c cxxbridge1$str$ptr + 2929464
13  chromedriver                        0x0000000104d0b2cc cxxbridge1$str$ptr + 2929848
14  chromedriver                        0x0000000104d1b910 cxxbridge1$str$ptr + 2996988
15  libsystem_pthread.dylib             0x000000019e1ddc08 _pthread_start + 136
16  libsystem_pthread.dylib             0x000000019e1d8ba8 thread_start + 8


2026-01-15 10:26:13,357 - ERROR - ❌ Не удалось авторизоваться на Zvonko
2026-01-15 10:26:13,424 - INFO - 🔚 WebDriver закрыт
2026-01-15 10:26:13,424 - ERROR - 💥 Парсинг завершился с ошибками!
